Month Number,ConsolidatedCIFSC,total_net_assets,total_gross_sales,total_redemptions,normalized_value
1,,5001844840.0,32342000.0,92261940.0,1.0
2,,4840798930.0,37249770.0,78045830.0,0.9678026977742077
3,,4970606310.0,43394560.0,63847740.0,0.9937545983533548
4,,5207853290.0,23880830.0,53063560.0,1.0411864935018655
5,,5267283230.0,40646000.0,71463970.0,1.0530680975701758
6,,5176847760.0,30347320.0,78852910.0,1.0349876746676532
7,,5245456510.0,48215290.0,83944560.0,1.0487043636483533
8,,5218682350.0,69831350.0,128590230.0,1.0433515066812828
9,,5177277000.0,25484880.0,80978390.0,1.0350734910041712
10,,5147084940.0,57890000.0,69938450.0,1.0290373061632196
11,,5125857470.0,34679990.0,86478480.0,1.0247933780368925
12,,5060826440.0,26633760.0,70667680.0,1.01179196914073
13,,4971997720.0,33516710.0,105863570.0,0.9940327777140724
14,,4925942700.0,49089950.0,144047130.0,0.9848251710262967
15,,4421939130.0,24986140.0,477392710.0,0.8840616355464557
16,,4308199970.0,16725000.0,159297840.0,0.8613221936728449
17,,3347837810.0,22049860.0,123220850.0,0.6693206041153408
18,,3296132650.0,16058000.0,44722980.0,0.6589833862179539
19,,3229645150.0,10928660.0,57303570.0,0.6456907907603148
20,,3264337190.0,14408400.0,41059690.0,0.6526266396540201
21,,2252511280.0,12776440.0,48875070.0,0.4503360963911867
22,,2104437470.0,16397870.0,203009130.0,0.4207322572605031
23,,2093360040.0,13543840.0,31234020.0,0.41851758840244235
24,,2056383920.0,13601100.0,49796570.0,0.41112509199705605
25,,2050633140.0,32281460.0,36329020.0,0.40997536021129355
26,,2014801310.0,12699050.0,34762220.0,0.40281163739577336
27,,1759083350.0,8117000.0,41165000.0,0.35168690878463954
28,,1594100350.0,4686000.0,66072000.0,0.3187024789837343
29,,444064800.0,5041000.0,107219420.0,0.0887802029460794
30,,441705410.0,5671000.0,7807500.0,0.08830849898974476
31,,440926240.0,4812000.0,5707040.0,0.08815272246629706
32,,444379240.0,6369000.0,6830000.0,0.08884306775097806
33,,441188080.0,5582000.0,7277330.0,0.08820507115130745
34,,432821740.0,5523000.0,7837270.0,0.08653242030594456
35,,433180310.0,5251000.0,6210000.0,0.08660410785553276
36,,419283470.0,3237740.0,7978880.0,0.08382576497514865
37,,422559060.0,2993490.0,7640800.0,0.08448064134672358
38,,419733970.0,1858960.0,8760150.0,0.0839158317433933
39,,441950050.0,5914350.0,10211110.0,0.08835740894353693
40,,422588000.0,2501000.0,9712000.0,0.08448642721192447
41,,381121140.0,3549350.0,54279230.0,0.07619611407218302
42,,374673630.0,3569350.0,10116920.0,0.07490708768167227
43,,376866830.0,3629350.0,9744510.0,0.07534556589724202
44,,374097580.0,1850000.0,5536180.0,0.07479192017479694
45,,363969950.0,3626860.0,10126690.0,0.07276714125342601
46,,324933000.0,3899000.0,4611000.0,0.06496263086801389
47,,323250000.0,2486000.0,5563000.0,0.06462615501683575
48,,318451000.0,3860000.0,7982000.0,0.06366670902170568
49,,318774000.0,2930000.0,6442000.0,0.0637312851951641
50,,311666000.0,3155000.0,6530000.0,0.062310209526611385
51,,284655370.0,2893710.0,6077570.0,0.0569100760030773
52,,290643000.0,1802000.0,4962000.0,0.058107160317272054
53,,250163330.0,2334990.0,3735180.0,0.0500142123560954
54,,252466590.0,1588280.0,2525530.0,0.05047469445293709
55,,252219880.0,1101620.0,5652980.0,0.05042537065184133
56,,229500160.0,441190.0,20863010.0,0.04588310260339863
57,,214019570.0,498560.0,15089530.0,0.04278812655052291
58,,29393890.0,391480.0,17554310.0,0.005876609719065176
59,,29576470.0,24820.0,127030.0,0.005913112250799047
60,,26914740.0,0.0,2996000.0,0.005380962596992513
61,,26856730.0,0.0,241000.0,0.005369364876180366
62,,0.0,0.0,26852000.0,0.0
68,,1476000.0,1476000.0,0.0,0.0002950911208193335
69,,1523100.0,0.0,0.0,0.0003045076464227147
70,,3120000.0,1232000.0,0.0,0.0006237698488863961
71,,2925000.0,0.0,0.0,0.0005847842333309963
72,,2295000.0,0.0,0.0,0.0004588307061520125
73,,2316000.0,421000.0,0.0,0.00046302915705797866
74,,3561500.0,1060000.0,0.0,0.0007120372810284934
75,,3600000.0,0.0,204500.0,0.0007197344410227647
76,,2702000.0,0.0,403000.0,0.0005402006832343084
77,,2817000.0,596000.0,0.0,0.0005631922001003134
78,,1814500.0,106000.0,0.0,0.00036276615089883514
79,,2420000.0,110000.0,0.0,0.00048382148535419184
80,,2587500.0,607500.0,0.0,0.0005173091294851122
81,,2236500.0,114000.0,522500.0,0.0004471350214853926
82,,2268000.0,0.0,0.0,0.00045343269784434175
83,,2024000.0,84000.0,0.0,0.0004046506968416877
84,,2184000.0,183500.0,0.0,0.0004366388942204773
85,,6011560.0,0.0,0.0,0.0012018685489652253
86,,8118990.0,497890.0,350.0,0.0016231990914776157
87,,7863380.0,1123040.0,2004060.0,0.0015720959469026632
88,,10510580.0,850770.0,490.0,0.0021013406725347364
89,,12004350.0,1158570.0,-350.0,0.0023999844825254514
90,,15012550.0,1076470.0,110850.0,0.0030014025784934183
91,,17569020.0,1086060.0,8150.0,0.0035125079969493818
92,,20675450.0,1249030.0,6600.0,0.0041335648468455895
93,,21560110.0,907380.0,21100.0,0.004310431588677588
94,,11146745570.0,947470.0,9480.0,2.2285268589019247
95,,10869965970.0,7255640.0,100807850.0,2.1731913559317846
96,,11115019730.0,32479100.0,39574630.0,2.2221840312023753
97,,618830819.6700001,32515858.360000003,8947659.29,0.123720515023013
98,,606562496.98,25212576.349999998,12513522.510000002,0.12126775547479798
99,,670534516.2,65635127.04999999,8462121.63,0.1340574403343547
100,,696522752.72,32494338.28,10916736.34,0.13925317058015738
101,,708268195.6400001,13519397.969999999,12864029.8,0.14160139274532157
102,,754128694.8000001,46730224.620000005,5552931.39,0.15077010961419587
103,,739318045.1999999,38891938.55,68213743.96,0.1478090722222403
104,,758811149.7200001,143941947.31,124341402.28,0.15170625519043493
105,,810112167.9099998,51730262.51,14989519.72,0.16196267453790106
1,Europe Equity,5856574980.0,116304100.0,95296220.0,1.0
2,Europe Equity,5644062720.0,153854015.0,100368950.0,0.9637139009189293
3,Europe Equity,5823751460.0,119094460.0,52576190.0,0.9943954410022767
4,Europe Equity,5681539390.0,79963160.0,101416320.0,0.9701129771926867
5,Europe Equity,5922550630.0,47736000.0,48222490.0,1.0112652275818725
6,Europe Equity,5504767030.0,64744940.0,131652160.0,0.9399294039261152
7,Europe Equity,5624637920.0,55284290.0,129347880.0,0.960397150076272
8,Europe Equity,5607964630.0,26709440.0,85383090.0,0.9575502147844097
9,Europe Equity,5705320360.0,169046960.0,55313780.0,0.9741735364924842
10,Europe Equity,5517105560.0,34340430.0,104989750.0,0.94203618648113
11,Europe Equity,5307420790.0,49756130.0,94184350.0,0.9062328764038123
12,Europe Equity,5394151770.0,35327930.0,97581930.0,0.9210420405135836
13,Europe Equity,5327466050.0,56189710.0,65983500.0,0.9096555697132046
14,Europe Equity,5471656580.0,77671200.0,67152610.0,0.9342758521295326
15,Europe Equity,5620103010.0,56013190.0,61943390.0,0.9596228220747547
16,Europe Equity,6026061790.0,104582360.0,47742350.0,1.0289395782652475
17,Europe Equity,6346682960.0,187388280.0,59718280.0,1.0836850858520042
18,Europe Equity,6309503440.0,306071140.0,57572040.0,1.0773367474243454
19,Europe Equity,6366837980.0,166768230.0,50072620.0,1.0871265204906504
20,Europe Equity,6472567480.0,133824750.0,54233880.0,1.1051796488738883
21,Europe Equity,6960838000.0,131815430.0,42972610.0,1.1885509916241181
22,Europe Equity,7315248820.0,167722610.0,48923780.0,1.2490660232271116
23,Europe Equity,7317242580.0,91483200.0,65398630.0,1.2494064542822603
24,Europe Equity,7278363140.0,114028830.0,46980640.0,1.2427678574688035
25,Europe Equity,7544545410.0,214436110.0,89803580.0,1.288218017487074
26,Europe Equity,7461006570.0,145960280.0,101682930.0,1.27395390573485
27,Europe Equity,8305482480.0,1079821350.0,213931020.0,1.4181466997968837
28,Europe Equity,8453865630.0,119069115.0,74165810.0,1.4434828647920768
29,Europe Equity,8350325640.0,126022150.0,112178750.0,1.4258035914363039
30,Europe Equity,8260593030.0,111356850.0,197798330.0,1.4104819042204084
31,Europe Equity,8259957720.0,62579870.0,116321010.0,1.4103734261419802
32,Europe Equity,8042310780.0,40183760.0,100669150.0,1.373210589374201
33,Europe Equity,7851091780.0,47538270.0,109930980.0,1.3405602774336887
34,Europe Equity,7281380960.0,115769260.0,179447670.0,1.243283144989292
35,Europe Equity,7154953770.0,35782970.0,95860470.0,1.2216959220079857
36,Europe Equity,6798583060.0,59068400.0,165813590.0,1.1608462425934825
37,Europe Equity,6801479610.0,69939490.0,181678580.0,1.16134082347222
38,Europe Equity,7033054620.0,177495050.0,118833770.0,1.2008818539876356
39,Europe Equity,7020123400.0,29910810.0,145648510.0,1.1986738706451259
40,Europe Equity,7207204540.0,77248390.0,100538740.0,1.2306176501816084
41,Europe Equity,6703526260.0,52582350.0,200620730.0,1.144615459187718
42,Europe Equity,6734915940.0,30015990.0,127396340.0,1.1499751924972366
43,Europe Equity,6550794640.0,38750160.0,74131120.0,1.118536800497003
44,Europe Equity,6402872230.0,41548660.0,104045510.0,1.0932793060561141
45,Europe Equity,6347651470.0,17504720.0,132122490.0,1.0838504572513814
46,Europe Equity,6395253750.0,47286070.0,126554000.0,1.0919784638358716
47,Europe Equity,6447566560.0,51917030.0,105630700.0,1.1009107852316782
48,Europe Equity,6481285970.0,32306520.0,62223800.0,1.106668315889981
49,Europe Equity,6413893240.0,75969470.0,70294890.0,1.095161124360778
50,Europe Equity,5924880830.0,202266580.0,191221440.0,1.01166310518234
51,Europe Equity,5119350120.0,129708950.0,203440000.0,0.8741201363394822
52,Europe Equity,5329957310.0,94527500.0,87199840.0,0.9100809480287744
53,Europe Equity,5546293990.0,81463510.0,99322580.0,0.9470200601785859
54,Europe Equity,5599148530.0,74776330.0,113792940.0,0.9560448810304483
55,Europe Equity,5689608650.0,18129820.0,87135930.0,0.9714907893145424
56,Europe Equity,5674969160.0,18537210.0,12105240.0,0.9689911218382454
57,Europe Equity,5593898400.0,76151370.0,59297700.0,0.9551484304568743
58,Europe Equity,5252765080.0,78464370.0,68716120.0,0.8969005089046089
59,Europe Equity,5967916650.0,195838340.0,94951900.0,1.0190113966576417
60,Europe Equity,6053493790.0,26557210.0,81176750.0,1.033623544592611
61,Europe Equity,5893904890.0,29085860.0,82114940.0,1.006374017258804
62,Europe Equity,5725609650.0,38400110.0,243140950.0,0.9776378975002895
63,Europe Equity,5776301670.0,70913760.0,112024320.0,0.9862934718202823
64,Europe Equity,5969206530.0,90852740.0,43602330.0,1.0192316414260267
65,Europe Equity,6046044510.0,61981930.0,93077180.0,1.0323515929783247
66,Europe Equity,6193242920.0,82957120.0,89093220.0,1.0574854656774155
67,Europe Equity,6356463160.0,143015980.0,50115600.0,1.0853550380055068
68,Europe Equity,6529214160.0,56663090.0,60530890.0,1.1148519710405893
69,Europe Equity,6216636940.0,78369860.0,40176960.0,1.061479953937173
70,Europe Equity,6394492460.0,61988450.0,29908680.0,1.0918484748913775
71,Europe Equity,6239859160.0,55265960.0,66913770.0,1.0654451076454927
72,Europe Equity,6501905320.0,90197210.0,78674840.0,1.1101890340691924
73,Europe Equity,6141291780.0,75769560.0,79927220.0,1.0486148988055815
74,Europe Equity,5879709400.0,99821880.0,39993900.0,1.0039501620109028
75,Europe Equity,5961585380.0,433924120.0,220024070.0,1.0179303433079243
76,Europe Equity,5758357010.0,83348200.0,100304100.0,0.9832294523103673
77,Europe Equity,5692431240.0,58927649.0,88520390.0,0.971972741651811
78,Europe Equity,5159581260.0,50288120.0,90439400.0,0.8809895335788905
79,Europe Equity,5393542450.0,26074010.0,66230280.0,0.920938000182489
80,Europe Equity,5077812320.0,75077260.0,110809060.0,0.8670276291758499
81,Europe Equity,4734121690.0,32041130.0,131204020.0,0.8083430513852996
82,Europe Equity,4895182410.0,12298010.0,119104270.0,0.8358438894263076
83,Europe Equity,5391868530.0,55493950.0,95957190.0,0.9206521812515068
84,Europe Equity,5302276300.0,155329320.0,120627160.0,0.9053544636766522
85,Europe Equity,5616977880.0,43456600.0,59875600.0,0.9590892115582544
86,Europe Equity,5610698030.0,29875550.0,50295320.0,0.958016938084177
87,Europe Equity,5773909230.0,159123520.0,110783320.0,0.9858849668479784
88,Europe Equity,5968991710.0,87676020.0,57758040.0,1.0191949612843512
89,Europe Equity,5709723540.0,79521090.0,50486230.0,0.9749253718254283
90,Europe Equity,5541904890.0,75006790.0,300765090.0,0.9462706289811729
91,Europe Equity,5613081200.0,15241480.0,50394880.0,0.9584238602200906
92,Europe Equity,5428446830.0,40715870.0,137117180.0,0.9268978624089945
93,Europe Equity,5168812100.0,61135690.0,83536100.0,0.882565683467097
94,Europe Equity,5099052250.0,42825730.0,65321400.0,0.8706543103115876
95,Europe Equity,5326756580.0,15117890.0,106508490.0,0.9095344289436554
96,Europe Equity,5438561770.0,36177470.0,53964450.0,0.92862497083577
97,Europe Equity,5441690161.539999,46215245.77,57208586.900000006,0.929159138254557
98,Europe Equity,5585569196.389999,48341355.32,61054097.75,0.9537262334153536
99,Europe Equity,5708424479.899999,47226379.599999994,65576757.82999999,0.9747035595709216
100,Europe Equity,5632157839.88,31112629.21,54041643.75,0.961681163327307
101,Europe Equity,5823108808.26,15512231.12,68683122.03,0.9942857093345026
102,Europe Equity,5934776161.090001,352579794.98,78827866.87,1.0133527157693798
103,Europe Equity,6108892818.259999,70723322.32,50237503.92,1.0430828323929355
104,Europe Equity,6128733081.67,26827976.5,82580741.08,1.0464705228908382
105,Europe Equity,6043947130.390001,38974579.81,94237771.89,1.0319934690548436
1,Miscellaneous,14208528880.0,553686810.0,272890260.0,1.0
2,Miscellaneous,10714828720.0,481506490.0,182206180.0,0.7541124637528273
3,Miscellaneous,11275840420.0,518696520.0,196635020.0,0.7935966147679041
4,Miscellaneous,11457829790.0,491757700.0,286015800.0,0.8064050744991694
5,Miscellaneous,12110146450.0,557331850.0,140833760.0,0.8523152926159939
6,Miscellaneous,12524723350.0,562498350.0,175246860.0,0.8814933238887149
7,Miscellaneous,13287372190.0,644045280.0,146246110.0,0.935168749855826
8,Miscellaneous,13786254890.0,653897640.0,178585720.0,0.9702802455084287
9,Miscellaneous,14141646700.0,500961500.0,185999220.0,0.9952928145788447
10,Miscellaneous,14401693040.0,477311300.0,161313280.0,1.0135949443908931
11,Miscellaneous,14662663340.0,546129460.0,247908631.0,1.031962102750781
12,Miscellaneous,14830237800.0,568441000.0,418304650.0,1.043756037324534
13,Miscellaneous,15063015960.0,591228890.0,319694070.0,1.0601390254555334
14,Miscellaneous,15524668940.0,566971460.0,344650090.0,1.0926302836215933
15,Miscellaneous,15877627460.0,695682040.0,426050170.0,1.1174715971017544
16,Miscellaneous,16369560250.0,459838440.0,278129030.0,1.1520939562604458
17,Miscellaneous,16722378040.0,564762380.0,281825600.0,1.1769253651261888
18,Miscellaneous,16676833910.0,564144660.0,283887510.0,1.1737199572768156
19,Miscellaneous,16730486520.0,540008410.0,280577130.0,1.1774960420814515
20,Miscellaneous,17060034750.0,510182020.0,284497380.0,1.2006897331935464
21,Miscellaneous,17158277090.0,385059040.0,340301430.0,1.2076040549245095
22,Miscellaneous,17704238140.0,529897880.0,456844740.0,1.2460289372336484
23,Miscellaneous,18024075720.0,478542890.0,356111270.0,1.2685391902444443
24,Miscellaneous,18085964280.0,528170600.0,300503950.0,1.2728949233764728
25,Miscellaneous,18455905560.0,844730720.0,540695540.0,1.2989314879725957
26,Miscellaneous,18558464050.0,637014480.0,385837880.0,1.3061495814758832
27,Miscellaneous,18810017380.0,661853750.0,386098670.0,1.3238539710101218
28,Miscellaneous,18904415530.0,687584100.0,596847040.0,1.3304977376377054
29,Miscellaneous,19193233500.0,496497090.0,394300760.0,1.350824822337272
30,Miscellaneous,19468473550.0,525509430.0,387661520.0,1.3701962894556892
31,Miscellaneous,19771025290.0,815993180.0,612053820.0,1.3914899605004005
32,Miscellaneous,19984394020.0,492566320.0,391959970.0,1.4065069078425239
33,Miscellaneous,19896728590.0,425104090.0,324584420.0,1.4003369918195219
34,Miscellaneous,19240679811.79,559687230.0,557908110.0,1.3541641062413776
35,Miscellaneous,19399344603.04,447913970.0,527703140.0,1.3653309759848973
36,Miscellaneous,18810817629.989998,435761020.0,617054080.0,1.3239102928149165
37,Miscellaneous,19413798270.0,477904720.0,425679780.0,1.366348228867449
38,Miscellaneous,19777684069.0,825301840.0,786860290.0,1.3919586071179524
39,Miscellaneous,20098085805.46,479717840.0,514119690.0,1.4145085656087992
40,Miscellaneous,20398864042.15,382765910.0,401404070.0,1.435677417024049
41,Miscellaneous,20181199102.53,524822750.0,477411470.0,1.4203581013187903
42,Miscellaneous,20449994396.11,344452960.0,408589250.0,1.4392759847851329
43,Miscellaneous,20554216090.21,659459840.0,572076810.0,1.4466111350304691
44,Miscellaneous,20783607233.39,824906780.0,710538910.0,1.4627557440267525
45,Miscellaneous,21167737523.260002,595832160.0,284182400.0,1.4897909348698175
46,Miscellaneous,21269718670.0,479697500.0,418846700.0,1.4969683948026011
47,Miscellaneous,21664177400.0,516221710.0,483177350.0,1.5247305039788186
48,Miscellaneous,21749542300.0,464443100.0,310214470.0,1.530738508095287
49,Miscellaneous,22362715760.0,591796560.0,376963800.0,1.5738938174998451
50,Miscellaneous,22059959571.16,628280680.0,330026040.0,1.5525857572919963
51,Miscellaneous,20179898600.0,1127159840.0,1340688130.0,1.4202665716086436
52,Miscellaneous,21507859286.18,475039600.0,336868090.0,1.5137287940100945
53,Miscellaneous,22236812476.29,560926130.0,316755250.0,1.5650327112746103
54,Miscellaneous,22719842710.0,1058446000.0,871009930.0,1.5990285061798741
55,Miscellaneous,23602824929.489998,546995370.0,323843620.0,1.6611730270481033
56,Miscellaneous,24071691080.27,481795760.0,252125630.0,1.6941719500710197
57,Miscellaneous,24142458503.86,567345200.0,386930150.0,1.6991525799580174
58,Miscellaneous,24003907760.64,812091050.0,678884970.0,1.6894013422056682
59,Miscellaneous,25304279850.0,674444110.0,411572420.0,1.7809218719059956
60,Miscellaneous,25882784000.0,726377960.0,348998590.0,1.8216371461533039
61,Miscellaneous,4558941420.0,240449490.0,166943690.0,0.3208594963280956
62,Miscellaneous,4582376900.0,246065850.0,177262200.0,0.3225088915749876
63,Miscellaneous,4516997570.0,285288280.0,342898480.0,0.31790747713214346
64,Miscellaneous,4524844940.0,210399000.0,217651140.0,0.31845977709692347
65,Miscellaneous,4508115190.0,165447230.0,200638430.0,0.31728233289131336
66,Miscellaneous,4576610600.0,216136580.0,207788370.0,0.3221030578642143
67,Miscellaneous,4580590010.0,114239110.0,144858490.0,0.32238312978676226
68,Miscellaneous,4619349560.0,127984060.0,133160150.0,0.32511103711111294
69,Miscellaneous,4495295960.0,116574850.0,158828930.0,0.31638011211193034
70,Miscellaneous,4452991140.0,145004040.0,196321850.0,0.3134026877524283
71,Miscellaneous,4332393440.0,164861660.0,271957610.0,0.3049149899042891
72,Miscellaneous,4339973000.0,122315140.0,200194780.0,0.3054484413308241
73,Miscellaneous,4179766780.0,185941570.0,226537890.0,0.2941730854264203
74,Miscellaneous,4132116480.0,162891460.0,166069150.0,0.2908194447784379
75,Miscellaneous,4030800700.0,183689700.0,257144530.0,0.2836888135318341
76,Miscellaneous,3835252520.0,153745710.0,224790620.0,0.26992608118624595
77,Miscellaneous,3765928960.0,129149360.0,192456920.0,0.2650470707985076
78,Miscellaneous,3543844630.0,155287350.0,218614650.0,0.24941671723582406
79,Miscellaneous,3680617480.0,97222200.0,106046470.0,0.2590428263956909
80,Miscellaneous,3592559930.0,97444530.0,123764510.0,0.2528453128639451
81,Miscellaneous,3445057040.0,159240950.0,188612250.0,0.2424640206664379
82,Miscellaneous,3451303510.0,185989910.0,224607800.0,0.2429036488681156
83,Miscellaneous,3584433900.0,177726160.0,201281410.0,0.2522734007350661
84,Miscellaneous,3584403900.0,297849540.0,212469260.0,0.25227128932717485
85,Miscellaneous,3757728570.0,122395650.0,111409730.0,0.26446992519326884
86,Miscellaneous,3676821840.0,88535550.0,108359030.0,0.2587756882540819
87,Miscellaneous,3740656930.0,125460880.0,128799620.0,0.26326841867952766
88,Miscellaneous,3799748390.0,126304690.0,137332480.0,0.26742729117780417
89,Miscellaneous,3725251170.0,236518280.0,210423830.0,0.2621841572383812
90,Miscellaneous,3773626160.0,174896720.0,153075040.0,0.26558880175918675
91,Miscellaneous,3705128360.0,165192790.0,193730990.0,0.2607679085774572
92,Miscellaneous,3684489070.0,205172080.0,251160030.0,0.2593153099182778
93,Miscellaneous,3515744560.0,141192160.0,199520440.0,0.24743902691775363
94,Miscellaneous,3433509860.0,145064350.0,223989340.0,0.24165132710065618
95,Miscellaneous,3586061370.0,62965300.0,115009300.0,0.25238794250175745
96,Miscellaneous,3688011980.0,139751580.0,143380200.0,0.2595632532507475
97,Miscellaneous,3665240089.26,176423305.16,184882284.4,0.2579605615905255
98,Miscellaneous,3703949855.7599998,143469478.87,155433269.92000002,0.26068496513905104
99,Miscellaneous,3761210991.6,188060847.23999995,179463270.56,0.2647150189414965
100,Miscellaneous,3709956355.56,213532044.08,212204038.56,0.26110770417493073
101,Miscellaneous,3763965832.9399996,198785428.92999998,223582641.97000003,0.2649089053996419
102,Miscellaneous,3756108537.92,187462997.92,203749355.23000002,0.2643559069093436
103,Miscellaneous,3844947734.31,173512542.78999996,203637812.41,0.27060843291962255
104,Miscellaneous,3858831607.47,170460869.21,181932038.35,0.2715855835646512
105,Miscellaneous,3959141745.12,245773006.51999995,198937073.41,0.2786454374381368
1,Alternative,3957954270.0,348274240.0,319979330.0,1.0
2,Alternative,3986333770.0,459850340.0,371412160.0,1.0071702445415065
3,Alternative,4027763620.0,444409290.0,424108940.0,1.0176377353647392
4,Alternative,4083393290.0,410607771.32,377811230.0,1.0316928927023707
5,Alternative,4093671460.0,402355240.0,373773920.0,1.0342897317002098
6,Alternative,4120414360.0,453477261.42,415649642.05,1.0410464798017993
7,Alternative,4206812280.0,383592140.0,240001830.0,1.0628754131613551
8,Alternative,4193092980.0,297329280.0,327368460.0,1.0594091527995344
9,Alternative,4222423090.0,381586830.0,359130630.0,1.0668195744464728
10,Alternative,4187725680.0,452256420.0,449022940.0,1.0580530734631253
11,Alternative,4159075810.0,446845860.0,450457510.0,1.050814518379971
12,Alternative,4161995040.0,363423870.0,484874270.0,1.0515520786954418
13,Alternative,4096724990.0,458572460.0,481443240.0,1.0350612236861443
14,Alternative,4113338950.0,456840520.0,417837650.0,1.0392588366110658
15,Alternative,4195670700.0,467898870.0,366137080.0,1.0600604286415871
16,Alternative,4075406770.0,327572140.0,434998990.19,1.029675052309283
17,Alternative,4076813160.0,389843290.43,388743630.0,1.0300303848634411
18,Alternative,4117762270.0,414617434.96,311721130.0,1.0403764139498257
19,Alternative,4061890140.0,286272523.41,336587380.0,1.0262599976932023
20,Alternative,4086755260.0,349590860.0,329139550.91,1.0325423138352734
21,Alternative,4012727180.0,457115210.71,522173950.0,1.0138386919766003
22,Alternative,4051853080.0,463431500.0,417738880.0,1.02372407652906
23,Alternative,4084771420.0,394065170.0,434830300.0,1.0320410852043522
24,Alternative,4105460100.0,336085250.0,366806870.0,1.0372681996651771
25,Alternative,4086311210.0,364992320.0,477650470.0,1.0324301220387773
26,Alternative,4002128160.0,457416820.0,452000950.0,1.0111607883736362
27,Alternative,3943999070.0,324106770.0,370923290.0,0.9964741381410654
28,Alternative,3935104650.0,306165460.0,320966782.39,0.9942269115706585
29,Alternative,3919027580.0,283099050.0,307923260.5,0.9901649470043018
30,Alternative,3855326400.0,320763792.75,328469570.0,0.9740704760593406
31,Alternative,3813502060.0,256198160.0,252072120.37,0.963503315059777
32,Alternative,3797528430.0,346245100.71,329357220.0,0.9594674852066949
33,Alternative,3864174490.0,291914320.0,239519373.03,0.9763059970877329
34,Alternative,3861056320.0,393936740.0,352328126.55,0.9755181734325596
35,Alternative,3915901590.0,511466870.83,390190610.94,0.989375147580975
36,Alternative,3886813350.0,447541750.0,390947120.0,0.9820258357861219
37,Alternative,4048324750.0,509726231.25,460197430.0,1.0228326235815757
38,Alternative,4229450100.0,525849770.0,387169420.90999997,1.068594989097739
39,Alternative,4532726030.0,606626130.0,318329380.0,1.1452194039624415
40,Alternative,4779191470.0,554563150.5799999,352792830.0,1.2074903204983214
41,Alternative,5077266070.0,655228340.46,435474590.0,1.2828005893054444
42,Alternative,5352540200.0,567251230.0,321062800.0,1.3523501877145236
43,Alternative,5566639660.0,508701693.09000003,315850830.0,1.4064436525185018
44,Alternative,5981573800.0,579023950.0,390848080.0,1.5112791588670882
45,Alternative,6240655800.0,719330900.36,426838480.0,1.576737722136441
46,Alternative,6775865320.0,908726640.0,397594640.0,1.7119614977259452
47,Alternative,7402651870.0,1003839580.0,375152650.0,1.870322738721284
48,Alternative,7685624270.0,551664130.0,319338250.0,1.941817349496562
49,Alternative,7905038530.0,741008010.0,443416910.0,1.9972536292088083
50,Alternative,7961322170.0,661809620.0,425408090.0,2.011474015843038
51,Alternative,7245106690.0,1228187930.0,1431150200.0,1.830518039310242
52,Alternative,7962961680.0,1319844260.0,746781750.0,2.011888247511258
53,Alternative,8503961690.0,788643490.81,305203960.0,2.148575023834219
54,Alternative,8995851800.0,792605702.1800001,398726840.0,2.2728539003559534
55,Alternative,9483275430.0,800970300.1,608715720.0,2.3960042949157168
56,Alternative,10616886020.0,894004670.0,235949997.8,2.6824175560775236
57,Alternative,11118363860.0,751457390.0,361582320.0,2.809118827944417
58,Alternative,11403954610.0,691439820.0,312196760.0,2.8812749799658497
59,Alternative,12054709350.0,801615330.22,419230680.0,3.0456919225597825
60,Alternative,12229318910.0,716158890.0,618910360.0,3.0898080361095226
61,Alternative,12260178960.0,1030556520.0,367899553.6,3.097605005931511
62,Alternative,14078806460.0,1501478310.0,371171990.0,3.5570917447714727
63,Alternative,15564387510.0,1661767330.0,465343920.0,3.932432374970315
64,Alternative,19245988210.0,3607341710.0,392724550.0,4.8626100498124245
65,Alternative,19898828070.0,2330927510.0,507390830.0,5.027553810014081
66,Alternative,21064096900.0,1922877050.0,632723610.0,5.321965708310217
67,Alternative,22297716610.0,946824340.0,273007520.0,5.63364685110422
68,Alternative,24408952010.0,919440630.0,282743260.0,6.167062665430947
69,Alternative,24408179290.0,1015036650.0,328254520.0,6.1668674332611735
70,Alternative,28132869560.0,1547826470.0,418115050.0,7.107931936767931
71,Alternative,29590571360.0,2035857400.0,598494940.0,7.476228713476267
72,Alternative,28401433780.0,1795666380.0,1107699450.0,7.175786237671715
73,Alternative,27377018570.0,1511634190.0,768331060.0,6.916961819773627
74,Alternative,28463399680.0,1478561590.0,814262200.0,7.19144228010497
75,Alternative,29862765630.0,2225652200.0,1426938670.0,7.54500016747288
76,Alternative,28546987940.0,1595842130.0,1584992380.0,7.212561336642224
77,Alternative,27772696710.0,2426555370.0,1622527210.0,7.016932186535849
78,Alternative,24167249390.0,1826101270.0,2587756450.0,6.10599510286914
79,Alternative,25475905060.0,875117520.0,641745820.0,6.43663451422343
80,Alternative,25173307300.0,1346614070.0,1149579090.0,6.360181442925059
81,Alternative,24714539800.0,1144064340.0,1310118280.0,6.244271185073596
82,Alternative,25212825710.0,789848570.0,646757740.0,6.370165997395417
83,Alternative,25346883090.0,1110331560.0,963604960.0,6.404036368515192
84,Alternative,24948826010.0,1153886630.0,1122707250.0,6.303464948825697
85,Alternative,27006858810.0,1778831200.0,714708370.0,6.823438819064476
86,Alternative,27294149340.0,1625383770.0,1187769290.0,6.896024430317635
87,Alternative,27749907690.0,1962143730.0,1929636120.0,7.0111744090464185
88,Alternative,28510357360.0,1171308240.0,769250180.0,7.20330640909603
89,Alternative,28266717230.0,959454620.0,769708910.0,7.141749323445316
90,Alternative,29175705450.0,1679670650.0,1112786930.0,7.371410445831149
91,Alternative,29417719220.0,1051146090.0,846166860.0,7.432556622237073
92,Alternative,29849676640.0,1148099620.0,1187668510.0,7.541693158572042
93,Alternative,29131484660.0,900151040.0,804910190.0,7.360237807901707
94,Alternative,30116396730.0,1378607610.0,1129302660.0,7.609081529383107
95,Alternative,32390704430.0,2314099070.0,986729310.0,8.183698501903105
96,Alternative,33318505280.0,1288120090.0,965542590.0,8.418112743884734
97,Alternative,33968789547.719994,1446227395.1,1498059160.4999995,8.582410818940561
98,Alternative,36702723867.1,1629960465.6800003,1011841309.1500003,9.273155110784035
99,Alternative,38460340159.56001,1510792749.02,1097112389.7100003,9.71722701575327
100,Alternative,37801029812.560005,1629164736.07,978336936.7,9.550648449649724
101,Alternative,39772167759.16,1462378851.9299998,974190582.1499999,10.048667833436086
102,Alternative,40017305416.000015,1897433776.2499998,1149160051.8899999,10.11060327788982
103,Alternative,41718965866.920006,1556616861.0400004,639792102.4,10.540537616398485
104,Alternative,41519101881.41998,1513492352.9400008,662021588.4399998,10.490040826424197
105,Alternative,43009297159.859985,1386978355.6199996,894169641.99,10.866547268081494
1,Global Equity,117985718610.0,2070238280.0,1460886430.0,1.0
2,Global Equity,115930081140.0,2694654330.0,1257575640.0,0.982577234819454
3,Global Equity,120355865230.0,2507340130.0,1640199210.0,1.0200884195809705
4,Global Equity,118996906430.0,1836827840.0,1300920270.0,1.0085704255727972
5,Global Equity,124540953830.0,1716697480.0,1196413980.0,1.0555595651510012
6,Global Equity,120616385330.0,2015298900.0,1603490040.0,1.022296484277861
7,Global Equity,125432719310.0,1552504920.0,1777432536.4,1.0631178144925824
8,Global Equity,126539786270.0,1517940600.0,1482830740.0,1.072500873502117
9,Global Equity,127580193450.0,1602191470.0,1349916611.41,1.0813189507427963
10,Global Equity,126887653880.0,1651849400.0,1552705960.0,1.0754492609349204
11,Global Equity,127859769990.0,1855984150.0,1387957160.0,1.083688530241855
12,Global Equity,129586839990.0,2339252330.0,2275458760.0,1.098326488295989
13,Global Equity,129571216470.0,2084486760.0,1986420460.0,1.0981940695576529
14,Global Equity,135243588120.0,2797132570.0,1861885530.0,1.1462708344138295
15,Global Equity,137567730270.0,2500655550.0,2119532270.0,1.1659693384139824
16,Global Equity,144564933430.0,2214468030.0,1224942290.0,1.2252748479488198
17,Global Equity,149092398650.0,2921637710.0,1530442890.0,1.2636478415054848
18,Global Equity,146135835130.0,2902597310.0,1455786450.0,1.2385891856373719
19,Global Equity,145606159420.0,2322210320.0,1103262410.0,1.2340998650972237
20,Global Equity,146871833040.0,1958555570.0,1223695140.0,1.2448272110413856
21,Global Equity,151605547110.0,2279139020.0,1353361470.0,1.2849482877765048
22,Global Equity,160576158940.0,2894829510.0,1546452230.0,1.360979623905009
23,Global Equity,165054866260.0,3165953490.0,1591259970.0,1.398939364903869
24,Global Equity,164616068340.0,2607200160.0,1611154750.0,1.395220288348083
25,Global Equity,171678584820.0,4718642160.0,2031361930.0,1.4550793675926232
26,Global Equity,173478257500.0,4045424900.0,1859291090.0,1.47033267707111
27,Global Equity,174566535930.0,4508805130.0,2954763530.0,1.479556491977025
28,Global Equity,176495608340.0,2733345300.0,1743379680.0,1.4959065420739908
29,Global Equity,179387691010.0,2843909235.0,1916562190.0,1.52041868391685
30,Global Equity,182020860870.0,3059713220.0,1924059880.0,1.542736383813258
31,Global Equity,185447504200.0,2863626220.0,2040019040.0,1.5717792490885605
32,Global Equity,187307287790.0,2574445360.0,1762071980.0,1.587542034719824
33,Global Equity,186601363550.0,2389043770.0,1934671780.0,1.58155890177529
34,Global Equity,176552235580.0,3054666710.0,2227451030.0,1.49638649202613
35,Global Equity,180187020040.0,2536781130.0,2296301030.0,1.5271934786921582
36,Global Equity,171763722340.0,2523048450.0,3043328260.0,1.455800959332734
37,Global Equity,178746974300.0,3100112850.0,2506105150.0,1.5149882240480765
38,Global Equity,184950857040.0,3167092070.0,2727839720.56,1.5675698653949148
39,Global Equity,188652761410.0,2831074060.0,2833558170.0,1.5989457337085757
40,Global Equity,195035738570.0,3064616610.0,3088705415.0,1.6530453080909535
41,Global Equity,186621196170.0,2763915040.0,2613287350.0,1.5817269951702675
42,Global Equity,192265411990.0,3522542680.0,2755757630.0,1.6295651224156238
43,Global Equity,193827355670.0,3769310100.0,2208787880.0,1.6428035354913875
44,Global Equity,191186563610.0,2378076930.0,2415221360.0,1.6204212328609386
45,Global Equity,193821313110.0,2489394850.0,2404288081.0,1.6427523211573887
46,Global Equity,197301673440.0,2940987420.0,2579216719.0,1.6722504703486842
47,Global Equity,204778667580.11,3106783330.0,2221269310.0,1.735622497304125
48,Global Equity,206427341190.0,2853207310.0,2484077770.0,1.7495959987525476
49,Global Equity,207868707120.0,3826500980.0,2533652880.0,1.7618124428017161
50,Global Equity,196503087140.0,4195138780.0,2897047600.0,1.665481970657296
51,Global Equity,178046358790.0,5161883790.0,3995063450.0,1.5090500857864801
52,Global Equity,192931695980.0,3866738460.0,2758727500.0,1.6352122803754985
53,Global Equity,202469272570.0,3860491950.0,2518345880.0,1.7160489841932405
54,Global Equity,206987790440.0,4120120220.0,2382801435.13,1.754346143571791
55,Global Equity,212355816550.0,3561873620.0,2498663020.0,1.799843396741422
56,Global Equity,218616052320.0,3181574461.76,2484414440.0,1.852902663945558
57,Global Equity,219348928480.0,3109585650.0,2728657230.0,1.859114230638833
58,Global Equity,214920928200.0,4437701073.84,2780228800.0,1.8215842623327816
59,Global Equity,237563273540.0,5909278230.0,3163299760.65,2.013491771197002
60,Global Equity,248595252680.0,5981448020.0,3280059330.0,2.106994436349774
61,Global Equity,251536685130.0,6874245000.0,3343540770.0,2.131924847289787
62,Global Equity,263284694780.0,8066515090.0,3341374240.0,2.231496302109949
63,Global Equity,271594279100.0,8232799770.0,3638939330.0,2.301925032111308
64,Global Equity,279939234250.0,5878994520.0,3154543800.0,2.3726535511923683
65,Global Equity,283181270110.0,5002293330.0,2491777660.0,2.4001317570141807
66,Global Equity,294318207620.0,5299139060.0,2585841080.0,2.494524007544204
67,Global Equity,301080945550.0,4597249330.0,3062401530.0,2.551842283092062
68,Global Equity,312486175990.0,4435769600.0,2735297380.0,2.648508477732956
69,Global Equity,301729173710.0,4343904710.0,2763769010.0,2.557336407021948
70,Global Equity,311688077500.0,4804040900.0,2705416880.0,2.64174411252501
71,Global Equity,312825004320.0,5110394700.0,3222601440.0,2.6513802518255476
72,Global Equity,320490044440.0,4933740700.0,4644635030.0,2.716346081675995
73,Global Equity,304538445650.0,7075799270.0,4002946730.0,2.58114667807082
74,Global Equity,298544672700.0,6058785970.0,3500210850.0,2.530345843693463
75,Global Equity,298249884440.0,5108758730.0,4860242440.0,2.5278473357089974
76,Global Equity,302103285490.0,3914657540.0,4293447330.0,2.560507229596133
77,Global Equity,279820856770.0,3664404290.0,4242853900.0,2.371650230778723
78,Global Equity,260004246610.0,3212446550.0,4703305480.0,2.2036925288342744
79,Global Equity,274494472840.0,2675911230.0,2596901530.0,2.3265059201557885
80,Global Equity,268082755700.0,2774022010.0,2785113350.0,2.2721627571396454
81,Global Equity,255324904210.0,2261495880.0,3942574810.0,2.16403228473755
82,Global Equity,264975257600.0,2582032840.0,3412155970.0,2.2458248398339777
83,Global Equity,285591805810.0,3343816320.0,4176407480.0,2.4205624983649026
84,Global Equity,274542684850.0,3240336720.0,4470493860.0,2.3269145459671834
85,Global Equity,289437303440.0,4257113360.0,3936178890.0,2.453155406009185
86,Global Equity,288153923010.0,4126806470.0,3569847711.0,2.4422779841896665
87,Global Equity,294630480440.0,4576087530.0,3730274780.0,2.497170707701468
88,Global Equity,302481863710.0,3030713000.0,3290257530.0,2.563715907938394
89,Global Equity,293371000390.0,2999131640.0,3503339160.0,2.486495855991973
90,Global Equity,299603638030.0,3146269070.0,3812409030.0,2.539321212428559
91,Global Equity,306291842530.0,3232233380.0,3347912070.0,2.5960077722833814
92,Global Equity,304696294220.0,2967751090.0,3268113850.0,2.5824845397362792
93,Global Equity,292257973470.0,3013037480.0,3269873270.0,2.4770622827331694
94,Global Equity,286854473030.0,3620781400.0,4169140080.0,2.431264363259024
95,Global Equity,304930647960.0,3758269940.0,3953752360.0,2.5844708287783846
96,Global Equity,312035789520.0,3428286470.0,3593527160.0,2.6446911812388882
97,Global Equity,320331952026.6599,5081656076.4800005,4067076317.6200004,2.7150061532914194
98,Global Equity,339185230365.16,6718865475.299999,4140601513.1700006,2.8747990380626627
99,Global Equity,351291849344.68005,5776728700.87,3736844495.44,2.9774099228557476
100,Global Equity,345731580523.3998,6379893416.5599985,4442846202.950001,2.930283296965883
101,Global Equity,358714269853.3699,6217320924.900002,4546156680.99,3.040319405428164
102,Global Equity,362141074594.67,8582133125.970001,7600093357.480002,3.069363638761415
103,Global Equity,376031130196.16986,5904535797.809998,3143180735.6000004,3.1870902226661437
104,Global Equity,378300019854.2999,5191305353.159999,3326112963.100001,3.2063204285322437
105,Global Equity,384692508437.65015,4263776511.3299994,3675233265.5899997,3.260500617953986
1,Balanced - Tactical,26065524710.0,415273940.0,398537930.0,1.0
2,Balanced - Tactical,25908583410.0,438882710.0,337706180.0,0.9939789702395752
3,Balanced - Tactical,26520184820.0,373376120.0,350113880.0,1.0174429678688022
4,Balanced - Tactical,26602996960.0,347801720.0,408134380.0,1.0206200433706902
5,Balanced - Tactical,26933967740.0,297375500.0,509892700.0,1.0333176883896307
6,Balanced - Tactical,27119051580.0,292003770.0,319372980.0,1.0404184025344334
7,Balanced - Tactical,27808794650.0,289341430.0,290906430.0,1.0668802933911856
8,Balanced - Tactical,27914226940.0,241051520.0,279749920.0,1.0709251876019494
9,Balanced - Tactical,27979812680.0,274806850.0,314995040.0,1.0734413748158917
10,Balanced - Tactical,27939704970.0,290801220.0,308696250.0,1.0719026484543
11,Balanced - Tactical,27954817490.0,460716320.0,528048190.0,1.0724824380487217
12,Balanced - Tactical,28321291410.0,339392590.0,395151590.0,1.0865421557822919
13,Balanced - Tactical,28349731150.0,453837490.0,436724710.0,1.0876332422007091
14,Balanced - Tactical,29291282480.0,598682050.0,420033240.0,1.1237557197059778
15,Balanced - Tactical,29632797230.0,523026540.0,436204480.0,1.13685788257435
16,Balanced - Tactical,30210858017.57,355104070.0,435558130.0,1.1590350991852334
17,Balanced - Tactical,30246011900.0,455134560.0,423556390.0,1.1603837726848507
18,Balanced - Tactical,29735411700.0,374092030.0,354752220.0,1.1407946715376136
19,Balanced - Tactical,29466138840.0,294841490.0,308762780.0,1.130464058093385
20,Balanced - Tactical,29513222910.0,286063210.0,383787090.0,1.1322704314744638
21,Balanced - Tactical,29623440330.0,256760170.0,326926250.0,1.136498906489882
22,Balanced - Tactical,30332215090.0,359587420.0,384950780.0,1.1636909453183995
23,Balanced - Tactical,30423339780.0,328690770.0,389599700.0,1.1671869305714813
24,Balanced - Tactical,30265359720.0,349966990.0,373982890.0,1.1611260489373052
25,Balanced - Tactical,30126075300.0,473344800.0,515450490.0,1.1557824227663513
26,Balanced - Tactical,29584579610.0,381385760.0,452669710.0,1.135008020715191
27,Balanced - Tactical,29217829210.0,294671450.0,471298110.0,1.1209376958673163
28,Balanced - Tactical,28994283490.0,238519950.0,453290750.0,1.1123613973854278
29,Balanced - Tactical,28972051070.0,239330480.0,477566240.0,1.1115084538806508
30,Balanced - Tactical,28891096960.0,254538990.0,491019890.0,1.108402661424881
31,Balanced - Tactical,29001326800.0,274286260.0,422030390.0,1.1126316129317622
32,Balanced - Tactical,29001787180.0,266911270.0,385863970.0,1.1126492753423647
33,Balanced - Tactical,28665178100.0,267951290.0,378247030.0,1.099735317777917
34,Balanced - Tactical,27715694020.0,276299750.0,428117400.0,1.0633085014922763
35,Balanced - Tactical,27864489100.0,258447240.0,409943250.0,1.0690170027273547
36,Balanced - Tactical,26754539400.0,209163200.0,425898680.0,1.026433946665791
37,Balanced - Tactical,27503453910.0,318716580.0,476176510.0,1.055165941065761
38,Balanced - Tactical,27925637620.0,417649730.0,472759430.0,1.0713629566523313
39,Balanced - Tactical,28609100700.0,583642140.0,402439510.0,1.0975839166216423
40,Balanced - Tactical,29136325280.0,371358030.0,401019390.0,1.1178108096485735
41,Balanced - Tactical,29951664140.0,380086580.0,409677480.0,1.1490911644110924
42,Balanced - Tactical,31245825290.0,388485640.0,403477110.0,1.1987414655041486
43,Balanced - Tactical,31439089140.0,367728570.0,395727440.0,1.2061560045226498
44,Balanced - Tactical,31756990260.0,365548150.0,325592600.0,1.2183522339688975
45,Balanced - Tactical,32021956490.0,367110750.0,349079230.0,1.2285176241901943
46,Balanced - Tactical,32174733800.0,506435430.0,406691860.0,1.2343789030901884
47,Balanced - Tactical,31415729870.0,404837440.0,1011336170.0,1.2052598295843016
48,Balanced - Tactical,31435030150.0,349331220.0,338126460.0,1.206000281971688
49,Balanced - Tactical,32026186690.0,494886840.0,469388920.0,1.2286799151874814
50,Balanced - Tactical,31001290780.0,526893780.0,425901920.0,1.1893599351984807
51,Balanced - Tactical,27705183610.0,428960160.0,627393630.0,1.0629052711672804
52,Balanced - Tactical,29104092930.0,278083040.0,360419480.0,1.1165742203084927
53,Balanced - Tactical,29482777620.0,262238710.0,299419040.0,1.131102402426949
54,Balanced - Tactical,29517773630.0,254713610.0,341693630.0,1.132445019174141
55,Balanced - Tactical,30151154470.0,253598710.0,306812880.0,1.1567445814137995
56,Balanced - Tactical,30321610200.0,239979710.0,323931330.0,1.1632840902821786
57,Balanced - Tactical,29967591420.0,235089320.0,419706340.0,1.1497022121523983
58,Balanced - Tactical,29571475530.0,711085640.0,413640990.0,1.1345052846242896
59,Balanced - Tactical,31069730580.0,279481980.0,424194100.0,1.191985618002163
60,Balanced - Tactical,31245312800.0,295140150.0,423783590.0,1.198721803901104
61,Balanced - Tactical,30582387640.0,412719530.0,448055290.0,1.173288778194713
62,Balanced - Tactical,35359815790.0,620141510.0,562467800.0,1.3565741025130509
63,Balanced - Tactical,36336519890.0,681974350.0,564704660.0,1.3940452108397245
64,Balanced - Tactical,37018561430.0,627270720.0,435182900.0,1.4202116336372037
65,Balanced - Tactical,37652263860.0,592384300.0,382894290.0,1.444523533629644
66,Balanced - Tactical,38775106810.0,735940160.0,375452000.0,1.487601237320344
67,Balanced - Tactical,39683131920.0,647838010.0,320563990.0,1.5224374863543655
68,Balanced - Tactical,40527023900.0,710892160.0,373951510.0,1.5548132773422307
69,Balanced - Tactical,39895755810.0,592282160.0,327055470.0,1.5305947704438136
70,Balanced - Tactical,41217311550.0,699312240.0,372238490.0,1.5812960609301312
71,Balanced - Tactical,41935288330.0,1140967780.0,532854340.0,1.6088411338948259
72,Balanced - Tactical,43193596760.0,659434990.0,444820270.0,1.6571159506882607
73,Balanced - Tactical,42535434150.0,771408210.0,454843090.0,1.6318656395081639
74,Balanced - Tactical,42524958610.0,1046199890.0,601493260.0,1.6314637469655604
75,Balanced - Tactical,43092230430.0,787846540.0,458485070.0,1.6532270464314778
76,Balanced - Tactical,41617076280.0,581423260.0,460728050.0,1.5966329756651194
77,Balanced - Tactical,40436685720.0,512305640.0,1448353050.0,1.551347466428962
78,Balanced - Tactical,38331595900.0,438807660.0,511962600.0,1.4705860068604006
79,Balanced - Tactical,39958442260.0,451757720.0,431770230.0,1.5329997268257562
80,Balanced - Tactical,39258856370.0,441599180.0,392425080.0,1.506160217635611
81,Balanced - Tactical,37710801940.0,335671170.0,702641380.0,1.4467693384101454
82,Balanced - Tactical,38462623220.0,339605000.0,503055960.0,1.4756128506112087
83,Balanced - Tactical,39781001130.0,470340420.0,660740610.0,1.526192224119627
84,Balanced - Tactical,38570083510.0,388295380.0,520021780.0,1.4797355487419996
85,Balanced - Tactical,39990337460.0,512562670.0,542945320.0,1.534223381455957
86,Balanced - Tactical,39635313120.0,612083320.0,553165970.0,1.5206029251655144
87,Balanced - Tactical,40053777490.0,546536080.0,515440990.0,1.5366572488231334
88,Balanced - Tactical,40664092020.0,425289600.0,414244890.0,1.5600718754915102
89,Balanced - Tactical,39743175940.0,429304320.0,539391840.0,1.524741066300215
90,Balanced - Tactical,40242071610.0,423404730.0,537828150.0,1.5438811248852853
91,Balanced - Tactical,40544108230.0,389993240.0,487902330.0,1.555468715135641
92,Balanced - Tactical,40733005240.0,755128630.0,503973580.0,1.5627157209834661
93,Balanced - Tactical,39516484580.0,426808820.0,568876410.0,1.5160440858050157
94,Balanced - Tactical,37874055230.0,380543150.0,615071640.0,1.4530325267332782
95,Balanced - Tactical,39608889760.0,549712200.0,658855770.0,1.5195891968675432
96,Balanced - Tactical,40578839330.0,501767580.0,556532650.0,1.5568011686498675
97,Balanced - Tactical,40150422757.5,676906597.58,612430050.15,1.5403650302154228
98,Balanced - Tactical,41383015827.909996,831948057.5,646223620.9,1.5876532810418915
99,Balanced - Tactical,42413373481.16,650585632.5,499659654.1,1.6271828000028012
100,Balanced - Tactical,41587480932.35,651464565.0,753214559.5,1.5954975545301424
101,Balanced - Tactical,44486222096.53,767673563.0699999,627819301.16,1.7067073305247114
102,Balanced - Tactical,45510586094.049995,858831017.4300001,709703288.6,1.7460069037700947
103,Balanced - Tactical,47152923130.4,781936863.5,454494169.15,1.8090149212423048
104,Balanced - Tactical,45628891485.77,664196142.31,815487797.58,1.750545672624213
105,Balanced - Tactical,46562382526.60999,592440707.0,498390073.33,1.7863589183281012
1,Money Market,26807321430.0,1884895860.0,1729899001.44,1.0
2,Money Market,26831402730.0,1917091940.0,1668301210.0,1.000898310562765
3,Money Market,26419470360.0,1836869770.0,1794270430.0,0.9855318976566619
4,Money Market,25586715610.0,1507052880.0,2018058010.0,0.9544674456496044
5,Money Market,25767682650.0,1961289780.0,1627424100.0,0.9612181029456922
6,Money Market,25389232880.0,1678538450.0,1937029610.0,0.9471006995718334
7,Money Market,25385017150.0,1591576120.0,1469387610.0,0.9469434391752284
8,Money Market,25410880210.0,1542346510.72,1362687270.0,0.9479082151625471
9,Money Market,25404806310.0,1609004730.0,1484593080.0,0.9476816390006632
10,Money Market,25526059690.0,1711370190.0,1495449910.0,0.952204783184114
11,Money Market,25523034130.0,1867508490.0,1811298420.0,0.9520919199870989
12,Money Market,25739809770.0,2289476250.0,1837650870.0,0.9601783541564376
13,Money Market,25400437090.0,1833782170.0,1889117280.0,0.9475186529294359
14,Money Market,25394466380.0,1890692190.0,1592478850.0,0.947295926089099
15,Money Market,25945616730.0,2774331230.0,1855742300.0,0.9678556210007737
16,Money Market,25777061090.0,1885463870.0,1852747440.0,0.9615679491630582
17,Money Market,25614964810.0,2083212070.0,1888508500.0,0.9555212323949069
18,Money Market,25426364080.0,1800422790.0,1680834070.0,0.9484858137130189
19,Money Market,25641393110.0,2027890360.0,1393178030.0,0.9565070936667618
20,Money Market,25783883480.0,1852271770.0,1495819580.0,0.9618224464285837
21,Money Market,25626956810.0,1828532380.0,1702244710.0,0.9559685728735636
22,Money Market,25493767110.0,1876168100.0,1855700850.0,0.9510001652559735
23,Money Market,25648732490.0,2160318010.0,1808695880.0,0.9567808763353944
24,Money Market,25850444320.0,2564307040.0,1982874200.0,0.9643053815541167
25,Money Market,25627417500.0,2481678790.0,2327946110.0,0.9559857581041434
26,Money Market,26461666490.0,2910084530.0,2067638930.0,0.9871059501076009
27,Money Market,26375890710.0,2430125500.0,2279784220.0,0.9839062354242828
28,Money Market,26485823660.0,2087757590.0,1800733300.0,0.98800709086734
29,Money Market,26759379170.0,2433876870.0,2071097260.0,0.9982115982708236
30,Money Market,27245468010.0,2608870650.0,2054200720.0,1.0163442879268674
31,Money Market,27101750450.0,2157123570.0,2199164110.0,1.0109831569994348
32,Money Market,27485746160.0,2309268200.0,1830314380.0,1.025307441915505
33,Money Market,27439288050.0,2093203090.0,2051408280.0,1.0235744037930163
34,Money Market,28197995990.0,2852325160.0,2274782170.0,1.0518766697236561
35,Money Market,29006521090.0,2920607930.0,2094450040.0,1.0820372772319908
36,Money Market,30296148180.0,3503298570.0,2693999120.0,1.1301445487237551
37,Money Market,29724270270.0,2831972190.0,3055096750.0,1.1088116486243065
38,Money Market,29808664090.0,2571384070.0,2269671590.0,1.111959811719242
39,Money Market,30522598380.0,2790627790.0,2186101420.0,1.1385918753464956
40,Money Market,30698488360.0,2865886080.0,2536702490.0,1.145153141844504
41,Money Market,31296193380.0,2631928440.0,1992098590.0,1.1674494768797197
42,Money Market,31158055920.0,2183019960.0,2094684450.0,1.1622965017732472
43,Money Market,31255105210.0,2456566430.0,2163147190.0,1.1659167549288418
44,Money Market,32662175650.0,2901579040.0,1958344480.0,1.2184050441327514
45,Money Market,33565316280.0,2788994130.0,1999586980.0,1.2520951176583106
46,Money Market,34132715060.0,3471220513.11,2629402710.0,1.2732609316871983
47,Money Market,35043638340.0,3416940250.0,2351434400.0,1.3072413232894935
48,Money Market,35875611950.0,3678630140.0,2458508670.0,1.3382766362420566
49,Money Market,36462943770.0,3573642450.0,3020021060.0,1.3601860172868454
50,Money Market,37598484080.0,4042073342.75,2997318510.0,1.4025453523276532
51,Money Market,41954968530.0,7534166570.0,6325337280.0,1.565056346250555
52,Money Market,42712127780.0,4579799000.0,4160396450.0,1.5933008410232652
53,Money Market,43834356410.0,4020196960.0,2657278980.0,1.6351636072429487
54,Money Market,43535841580.0,3454642260.0,3447792510.0,1.624028036284116
55,Money Market,44013141960.0,3501986290.0,2791895980.0,1.641832887889538
56,Money Market,43954597870.0,2372475750.0,2543120120.0,1.6396490035297047
57,Money Market,43942447300.0,2827616870.0,3064922340.0,1.6391957478759562
58,Money Market,43889986010.0,2833480490.0,2782258230.0,1.6372387716768613
59,Money Market,42584014320.0,2791288182.7,3417250460.0,1.588521793615096
60,Money Market,41914610260.0,4044357230.0,3917753500.0,1.5635508519360488
61,Money Market,40336215570.0,3120514452.48,3859076940.0,1.5046716127654534
62,Money Market,38561448720.0,2702245262.33,3091438810.0,1.4384670553786096
63,Money Market,36895172140.0,3040537012.67,3973007610.0,1.3763095367935834
64,Money Market,35087401020.0,2468262322.45,3353230020.0,1.308873813134265
65,Money Market,34267736190.0,2405840251.6,2595548120.0,1.2782976575813751
66,Money Market,33461453320.0,2686684050.0,3029626640.0,1.248220692521461
67,Money Market,33320620050.0,2409299630.0,1974694630.0,1.2429671549620391
68,Money Market,33368255210.0,2415264390.0,2115008040.0,1.2447441008655822
69,Money Market,33469001300.0,2686336670.0,2157925080.0,1.248502256646385
70,Money Market,33072932200.0,2244132430.0,2120178430.0,1.2337275951407876
71,Money Market,32639390250.0,2496183320.0,2532661650.0,1.2175550748413584
72,Money Market,33086345030.0,3346134180.0,2532349100.0,1.2342279371848455
73,Money Market,33565678210.0,3414083700.0,2736865360.0,1.2521086188207056
74,Money Market,33950358780.0,2991749960.0,2256164850.0,1.2664584512351258
75,Money Market,34328577470.0,2978832620.0,2528600330.0,1.280567234575812
76,Money Market,34764730950.0,2821937310.0,2478725760.0,1.2968371734109505
77,Money Market,35366304980.0,3109431500.0,2158078460.0,1.319277835062688
78,Money Market,37451123690.0,4184872940.0,2319580430.0,1.3970483320309857
79,Money Market,39041660650.0,3611956780.0,2225185780.0,1.4563805172384208
80,Money Market,39610609100.0,3004086180.0,2394365210.0,1.4776041389824153
81,Money Market,42535048010.0,4628162960.0,1933969210.0,1.5866951915008989
82,Money Market,45228120070.0,4922592650.0,2397605510.0,1.6871555104116196
83,Money Market,46863280270.0,4864680060.0,3138376140.0,1.7481522871418043
84,Money Market,50571330570.0,6940640970.0,3325323000.0,1.8864745850141433
85,Money Market,52204496700.0,6447357290.0,4783323440.0,1.9473969764684542
86,Money Market,55107052130.0,5779968680.0,2783288240.0,2.055671704235614
87,Money Market,57833326030.0,6571387680.0,3233447140.0,2.157370559420341
88,Money Market,60078722130.0,4614218660.0,2512902910.0,2.2411311136354737
89,Money Market,62427900150.0,5074793120.0,2832455980.0,2.3287630699327204
90,Money Market,64735281350.0,5276256180.0,2875652200.0,2.4148358693366108
91,Money Market,66721144420.0,5108481450.0,3226664540.0,2.4889150001138325
92,Money Market,67114836280.0,5410246310.0,2974511990.0,2.5036009828603007
93,Money Market,72496773790.0,5688898680.0,2916405110.0,2.7043647004907045
94,Money Market,74371292550.0,5597091910.0,4259374590.0,2.7742903275211708
95,Money Market,76240418930.0,6204861180.0,4222137510.0,2.844014801295274
96,Money Market,76403314300.0,4776559360.0,4722726200.0,2.850091326711115
97,Money Market,75250674016.66002,5961503486.34,4750235355.49,2.8070941072257667
98,Money Market,77522222388.26,5114479043.690001,5330475871.179999,2.8918302259585356
99,Money Market,77486191605.61002,5085264198.119999,5166776582.790002,2.890486160952113
100,Money Market,76504988764.08998,5586141736.22,6789527936.699999,2.853884113855309
101,Money Market,77323748627.15999,5665170611.320001,4838835539.290001,2.8844265112077627
102,Money Market,81177724038.88,9270263904.829998,5553889356.309999,3.0281922888436825
103,Money Market,81841163072.55,5813028363.370001,5195409094.66,3.0529407157017108
104,Money Market,81336147691.25998,5023736920.7300005,5350510175.009999,3.0341020046947667
105,Money Market,82059460929.93,5343715044.530001,4741600870.670001,3.061083933514427
1,Canadian Equity,184925663020.0,2098806520.0,4297134760.0,1.0
2,Canadian Equity,183410070410.0,2652806370.99,2609611820.0,0.9918043143106855
3,Canadian Equity,194351942670.0,5083842110.0,4273486030.0,1.0509733451596739
4,Canadian Equity,198971728660.0,2523802390.0,2977450430.0,1.075955199568385
5,Canadian Equity,203122824180.0,2324923740.0,1993885110.0,1.0984025735683423
6,Canadian Equity,201935058710.0,3553466970.0,3634485020.0,1.0919796388030816
7,Canadian Equity,208730148670.0,2120580090.0,2324966210.0,1.1287246197269305
8,Canadian Equity,210836507870.0,2796412100.91,2624616340.0,1.140114922000835
9,Canadian Equity,210165221990.0,1956677090.0,3916684689.49,1.1364848910519807
10,Canadian Equity,210969342820.0,3002930630.0,2894091560.0,1.1408332373921695
11,Canadian Equity,216699520160.0,4325492100.0,3705688400.0,1.1718196199548767
12,Canadian Equity,219346181690.0,2760800190.0,3346245530.0,1.186131649376741
13,Canadian Equity,220031482360.0,4167657870.0,3753830600.0,1.189837466399692
14,Canadian Equity,223574598570.0,5122009990.0,3512048410.0,1.208997144684132
15,Canadian Equity,225650787390.0,3699354550.0,3950336730.0,1.2202242982662472
16,Canadian Equity,227386547070.0,3459898630.0,3564537650.0,1.2296105546227394
17,Canadian Equity,226253881250.0,4026868280.0,3207871960.0,1.2234855755284235
18,Canadian Equity,224488021980.0,2839928110.0,2926144570.0,1.213936553282609
19,Canadian Equity,221356350490.0,1950794260.0,3554228670.0,1.197001794532217
20,Canadian Equity,222904088430.0,3803115520.0,2723669820.0,1.205371308610058
21,Canadian Equity,226516047010.0,2291399900.0,3880176600.0,1.224903257399715
22,Canadian Equity,232487459610.0,2840082720.0,3147093210.0,1.2571941385163838
23,Canadian Equity,234323718320.0,4195440460.0,3377854220.0,1.267123851245338
24,Canadian Equity,234414936930.0,3048501070.0,3572182193.0,1.2676171230201168
25,Canadian Equity,231071281060.0,3416940900.0,4596135020.0,1.2495360421393178
26,Canadian Equity,226578280750.0,4622112650.0,3954293530.0,1.2252397912208388
27,Canadian Equity,224739612550.0,3345783170.0,3387709770.0,1.2152970489860786
28,Canadian Equity,226430213550.0,2913496210.0,3942044680.0,1.2244391062451467
29,Canadian Equity,231113530100.0,4175403830.0,4853818900.0,1.2497645071306556
30,Canadian Equity,232200193360.0,2580460930.0,4074958750.0,1.255640723780383
31,Canadian Equity,234253918030.0,2199046390.0,2923810940.0,1.266746400712729
32,Canadian Equity,234354677690.0,4337116000.0,3724248550.0,1.26729126646232
33,Canadian Equity,231259010770.0,2173111310.0,2883638690.0,1.2505512052428818
34,Canadian Equity,216695107500.0,3686577670.0,4328310820.0,1.171795758150474
35,Canadian Equity,220190290750.0,5008322080.0,4386764820.0,1.1906962352012012
36,Canadian Equity,206810356900.0,4294343730.0,4839551140.0,1.1183431954364988
37,Canadian Equity,221303950800.0,4498475560.0,4306591160.0,1.1967184391063432
38,Canadian Equity,227117343110.0,4932996320.0,5914087940.0,1.2281548131339506
39,Canadian Equity,227999334210.0,4194895050.0,5195506350.0,1.2329242490553705
40,Canadian Equity,232975744630.0,4688709560.0,5310004570.0,1.2598345779882552
41,Canadian Equity,226539432880.0,7002921660.0,7600725320.0,1.2250297183225425
42,Canadian Equity,228089294990.0,3211190680.0,5871493150.0,1.233410719015953
43,Canadian Equity,228194318220.0,4096401940.0,5263546190.0,1.2339786403540995
44,Canadian Equity,227474086930.0,4866068550.0,4719458300.0,1.2300839332688958
45,Canadian Equity,229217304260.0,3081780800.0,4829478480.0,1.2395105174515977
46,Canadian Equity,227336939510.0,3355182740.0,3050161810.0,1.2293422978584274
47,Canadian Equity,235410061440.03998,5975448330.0,5740454560.0,1.272998336713169
48,Canadian Equity,235133486320.0,3773207770.0,3708891120.0,1.2715027350994001
49,Canadian Equity,238042844730.0,3392584500.0,4127496609.98,1.2872353184655354
50,Canadian Equity,225549554090.0,8069408250.0,6136043360.0,1.2196768712712764
51,Canadian Equity,189642440100.0,7708479680.0,6671968740.0,1.0255063413209982
52,Canadian Equity,205124981030.0,3342972580.0,4214238470.0,1.109229393476964
53,Canadian Equity,209588212860.0,5167551930.0,5556175820.0,1.1333646690093668
54,Canadian Equity,211744386630.0,4833280940.0,4717829330.0,1.1450243474703645
55,Canadian Equity,218207816990.0,3711263100.0,3659939808.0,1.1799758531426787
56,Canadian Equity,224579374070.0,5703152500.0,5548511110.0,1.2144305468609373
57,Canadian Equity,220485886900.0,3276611930.0,4402103850.0,1.1922946945235724
58,Canadian Equity,213067600480.0,3180713610.0,4075057370.0,1.152179729954281
59,Canadian Equity,235366696960.0,6954166790.0,7429998310.0,1.272763839892491
60,Canadian Equity,239575649850.0,5332839300.0,5511601470.0,1.2955240821501854
61,Canadian Equity,237897585630.0,5642887180.0,5007035080.0,1.2864498185104303
62,Canadian Equity,250316443480.0,7328328310.0,6365111740.0,1.353605764565667
63,Canadian Equity,260087958310.0,6275905920.0,6577137580.0,1.406445995988513
64,Canadian Equity,267526973150.0,5275653201.0,3883459800.0,1.4466730511117136
65,Canadian Equity,275064894750.0,7552229110.0,6095054970.0,1.487434952282698
66,Canadian Equity,281269133920.0,6108115550.0,5799542520.0,1.5209848613038652
67,Canadian Equity,284843789700.0,4406840890.0,3827979630.0,1.540315092282209
68,Canadian Equity,292485015030.0,5613272070.0,3714987340.0,1.5816356164604763
69,Canadian Equity,284363891530.0,4464654740.0,6096948580.0,1.5377200053582916
70,Canadian Equity,298009128380.0,4259723380.0,4161503640.0,1.6115076918651894
71,Canadian Equity,293663859250.0,7125590570.0,5498202810.0,1.5880103088679465
72,Canadian Equity,304544708480.0,5267234910.0,4538498890.0,1.6468493529049184
73,Canadian Equity,304234617840.0,6709359050.0,5487789830.0,1.6451725134931465
74,Canadian Equity,306351780140.0,9229077810.0,5860441090.0,1.65662123437604
75,Canadian Equity,317823927060.0,8005223600.0,7208372290.0,1.71865776696243
76,Canadian Equity,308308729250.0,5905148610.0,5404599130.0,1.667203589891447
77,Canadian Equity,305350588350.0,6238549610.0,6109436040.0,1.6512072113916165
78,Canadian Equity,279876025690.0,4853059970.0,7926791760.0,1.5134515194882983
79,Canadian Equity,292097300270.0,5338335160.0,6558970230.0,1.5795390185428684
80,Canadian Equity,287271587410.0,5621423390.0,5677532620.0,1.5534435984632977
81,Canadian Equity,272566555870.0,3607514840.0,5093312210.0,1.4739249892023991
82,Canadian Equity,285777828510.0,4701085330.0,5121978380.0,1.5453659802700974
83,Canadian Equity,300497385710.0,6649691120.0,6590958360.0,1.624963138174612
84,Canadian Equity,285684869000.0,4497696910.0,5262736930.0,1.5448632944422793
85,Canadian Equity,303339787110.0,4062885500.0,4321158740.0,1.6403336462673292
86,Canadian Equity,299173103990.0,6109562820.0,5980533030.0,1.6178019811000703
87,Canadian Equity,297492893600.0,5041964850.0,5032395520.0,1.6087161118780235
88,Canadian Equity,304956345690.0,2928260720.0,4109395530.0,1.649075313343711
89,Canadian Equity,290906057400.0,4962049780.0,5457044440.0,1.5730972794648737
90,Canadian Equity,300041499560.0,4817301130.0,4619223240.0,1.6224978981286662
91,Canadian Equity,305616765590.0,3219065370.0,3201470600.0,1.6526465856550536
92,Canadian Equity,301145268600.0,4786510150.0,4933433630.0,1.6284666156228986
93,Canadian Equity,290192726080.0,3520246670.0,4528170660.0,1.5692398845076208
94,Canadian Equity,280156441860.0,3105346000.0,4030659250.0,1.514967891880429
95,Canadian Equity,299063299730.0,5760476840.0,5344873770.0,1.6172082059679074
96,Canadian Equity,309472104680.0,4575393050.0,4538461520.0,1.6734946336059917
97,Canadian Equity,312303700105.67993,5233597143.22,6549774240.65,1.688806707546609
98,Canadian Equity,320531893852.50995,5161532403.78,4799289366.889999,1.7333013093907033
99,Canadian Equity,330600267078.2101,4210835302.5099998,3821635091.939999,1.7877468258283609
100,Canadian Equity,323026038826.2601,4238102388.6300006,4645343775.8,1.7467885935946288
101,Canadian Equity,331011244312.8702,5572640397.200001,5900008815.26,1.7899692173988355
102,Canadian Equity,327827287485.5001,6692468290.089999,6414097528.960001,1.7727517215933686
103,Canadian Equity,345139076439.96014,4240079571.0599995,4340448337.9,1.8663665756473877
104,Canadian Equity,346361787834.47,5252511428.919998,5977083205.639999,1.872978483235236
105,Canadian Equity,355807774192.7199,4595340926.54,4385490056.47,1.9240583939625444
1,Commodity,1254002580.0,10481360.0,29935090.0,1.0
2,Commodity,1370361760.0,53427250.0,6393680.0,1.0927902237649303
3,Commodity,1404503170.0,56693940.0,7568620.0,1.1200161725345095
4,Commodity,1500708100.0,23283230.0,11626600.0,1.196734459669134
5,Commodity,1434754200.0,12861020.0,25374300.0,1.1441397512914209
6,Commodity,1628241500.0,63565970.0,12521490.0,1.2984355263447704
7,Commodity,1759453230.0,72756440.0,19191870.0,1.403069864497408
8,Commodity,1711544110.0,54001050.0,16436600.0,1.3648649032285085
9,Commodity,1721891670.0,24243040.0,42195890.0,1.3731165289947012
10,Commodity,1667761260.0,25657300.0,18628900.0,1.3299504216331037
11,Commodity,1517937440.0,16129140.0,37421880.0,1.210473936983447
12,Commodity,1441371720.0,5985510.0,111156650.0,1.1494168696207945
13,Commodity,1403477620.0,35080710.0,116643120.0,1.1191983512506012
14,Commodity,1457432160.0,13205410.0,9700230.0,1.1622242116918133
15,Commodity,1422966330.0,8590960.0,32977300.0,1.1347395553205322
16,Commodity,1440755750.0,7952820.0,12175340.0,1.1489256664846734
17,Commodity,1422143770.0,11322860.0,14352180.0,1.134083607706772
18,Commodity,1356142620.0,15939100.0,8800310.0,1.0814512199807436
19,Commodity,1341565730.0,5142430.0,10626190.0,1.06982692970217
20,Commodity,1416681960.0,35247740.0,10293100.0,1.1297281063010254
21,Commodity,1365573950.0,16763260.0,24863190.0,1.0889722013171617
22,Commodity,1366557570.0,15687790.0,23318600.0,1.0897565856682687
23,Commodity,1330479690.0,2451380.0,40419690.0,1.0609864056260554
24,Commodity,1331047270.0,21427770.0,21038500.0,1.0614390203248225
25,Commodity,1328067570.0,7065960.0,26577000.0,1.0590628689137147
26,Commodity,1312003490.0,25099240.0,31074850.0,1.0462526241373442
27,Commodity,1311093310.0,8047510.0,17341680.0,1.045526804259047
28,Commodity,1309618160.0,19483800.0,12460210.0,1.0443504510174133
29,Commodity,1297640970.0,5471050.0,15117040.0,1.0347992824703758
30,Commodity,1267371510.0,12582450.0,17206580.0,1.0106610067740052
31,Commodity,1216883400.0,13439580.0,18167530.0,0.9703994388911066
32,Commodity,1160432590.0,4683870.0,25567590.0,0.925382936612459
33,Commodity,1125211870.0,7214120.0,22352980.0,0.8972962958337773
34,Commodity,1161069250.0,32058580.0,15167650.0,0.9258906389171863
35,Commodity,1141583780.0,17060060.0,40963740.0,0.9103520185739968
36,Commodity,1219277720.0,19814060.0,26143360.0,0.9723087810552989
37,Commodity,1248539190.0,41564590.0,38090720.0,0.9956432386287435
38,Commodity,1247061970.0,20312240.0,22767790.0,0.9944652346728027
39,Commodity,1271534170.0,61388040.0,23542570.0,1.0139805055265516
40,Commodity,1235451870.0,8395890.0,27635490.0,0.985206800770697
41,Commodity,1237194940.0,6550680.0,16329020.0,0.9865968058853595
42,Commodity,1338816480.0,59321180.0,27328000.0,1.0676345498427922
43,Commodity,1399158540.0,32092750.0,5314820.0,1.1157541159125846
44,Commodity,1594770320.0,85106660.0,11884440.0,1.2717440501597692
45,Commodity,1523592700.0,57725050.0,64386850.0,1.2149837044194918
46,Commodity,1535890060.0,18036380.0,36433760.0,1.2247901914204993
47,Commodity,1518094920.0,49792770.0,15520770.0,1.2105995188622338
48,Commodity,1590547450.0,51888290.0,38569540.0,1.268376537151941
49,Commodity,1695472790.0,58541710.0,17772180.0,1.3520488849392958
50,Commodity,1722175910.0,60841970.0,32822520.0,1.373343195195021
51,Commodity,1801383300.0,125484980.0,41424480.0,1.4365068531198715
52,Commodity,2119154680.0,206248510.0,16537110.0,1.689912535905628
53,Commodity,2349794060.0,155299280.0,12608820.0,1.8738351080585496
54,Commodity,2474405690.0,92578120.0,25265560.0,1.9732062194002822
55,Commodity,2935329110.0,172508740.0,21273050.0,2.340767999057865
56,Commodity,3126368520.0,186883040.0,21272591.0,2.4931117127366678
57,Commodity,3283175680.0,130896840.0,29475120.0,2.618157037603543
58,Commodity,3408176630.0,140211670.0,36788270.0,2.7178386108264627
59,Commodity,3125875690.0,27261933.0,67593000.0,2.4927187071656585
60,Commodity,3232354670.0,33453460.0,129286090.0,2.577629999772409
61,Commodity,3141528160.0,31634790.0,78007160.0,2.5052007149777955
62,Commodity,2691321860.0,65694360.0,67123170.0,2.1461852654242546
63,Commodity,2847337580.0,406090210.0,145308310.0,2.270599459213234
64,Commodity,2886455990.0,26450240.0,93470280.0,2.3017942993386824
65,Commodity,3070998250.0,21462260.0,41170520.0,2.4489568833263484
66,Commodity,3000079140.0,134284230.0,28630220.0,2.3924026854872977
67,Commodity,3138722780.0,63718980.0,9845840.0,2.5029635744449585
68,Commodity,3056099080.0,8407870.0,28726110.0,2.4370755919816367
69,Commodity,2845490190.0,11537530.0,56592010.0,2.2691262644770633
70,Commodity,2800400350.0,12696350.0,24596130.0,2.233169528247701
71,Commodity,2846059700.0,27824740.0,35224380.0,2.2695804182476245
72,Commodity,2823328520.0,32436420.0,88009390.0,2.2514535177431614
73,Commodity,2586047220.0,35417770.0,279436700.0,2.062234369565651
74,Commodity,2696758780.0,27727720.0,101242410.0,2.1505209183859892
75,Commodity,2693850370.0,60489320.0,95577000.0,2.148201616937662
76,Commodity,2685246000.0,36995640.0,15169150.0,2.141340091979715
77,Commodity,2582399480.0,64750590.0,61864370.0,2.0593254919778556
78,Commodity,2483933180.0,19136090.0,57745710.0,1.9808038831945625
79,Commodity,2391264230.0,15945190.0,51889460.0,1.9069053510240785
80,Commodity,2283073050.0,23676000.0,64697150.0,1.8206286704768981
81,Commodity,2252321470.0,4929430.0,54719100.0,1.796105929861803
82,Commodity,2116698080.0,11202430.0,98281470.0,1.6879535287718468
83,Commodity,2326673970.0,74533450.0,49599630.0,1.855398072625975
84,Commodity,2397649070.0,70231180.0,79415760.0,1.911996919495971
85,Commodity,2487937340.0,57472750.0,56122740.0,1.9839969866728664
86,Commodity,2333873740.0,22302731.0,49740140.0,1.8611395041946406
87,Commodity,2494354080.0,23084220.0,83591130.0,1.9891139936889124
88,Commodity,2507003880.0,25260990.0,41389630.0,1.999201532743258
89,Commodity,2446627150.0,28705690.0,21956530.0,1.9510543192024374
90,Commodity,2346220320.0,16298520.0,27302310.0,1.870985241513618
91,Commodity,2422501210.0,17920990.0,19946080.0,1.9318151721825005
92,Commodity,2344263620.0,8407330.0,35949000.0,1.8694248778977791
93,Commodity,2244868210.0,14911840.0,60611310.0,1.7901623535734672
94,Commodity,2357529850.0,21342690.0,52365830.0,1.8800039869136473
95,Commodity,2395556580.0,13296140.0,28114180.0,1.9103282706164768
96,Commodity,2366927160.0,18904130.0,26151830.0,1.8874978391192783
97,Commodity,2237202083.85,10549524.4,54595121.86,1.784049027913483
98,Commodity,2278914938.74,8246444.86,28004120.869999997,1.8173127991012585
99,Commodity,2448830779.6299996,27348074.200000003,56363173.65,1.9528115959936858
100,Commodity,2608047301.91,51626114.83,20201636.09,2.0797782584386706
101,Commodity,2666404545.5700006,31315521.54,54739046.77,2.126315039614991
102,Commodity,2648545975.240001,23360132.259999998,21456206.74,2.112073784760476
103,Commodity,2800567226.1200004,82082879.72,33422709.96,2.2333026030297325
104,Commodity,3426966403.1599994,594838803.84,12615752.450000001,2.732822450142008
105,Commodity,3698784886.77,154433157.98999998,12683913.92,2.949583155379154
1,Global Fixed Income,131986377310.0,3368374320.0,2465967150.0,1.0
2,Global Fixed Income,132859786800.0,3381812480.0,2013793920.0,1.0066174214930423
3,Global Fixed Income,136986432350.0,3395739080.0,1923703330.0,1.037883114469126
4,Global Fixed Income,138212978270.0,2843318010.0,2103356720.0,1.0471760880698726
5,Global Fixed Income,141417689260.0,3095462480.0,2292254110.0,1.0714567074437418
6,Global Fixed Income,142762630530.0,2721832610.0,2585459670.0,1.081646708089347
7,Global Fixed Income,146161662710.0,2695745260.0,2042718750.0,1.1073996096332437
8,Global Fixed Income,148191041120.0,2663707530.0,1675343900.0,1.1227752752993565
9,Global Fixed Income,149654132530.0,2833243990.0,1934893370.0,1.133860445146572
10,Global Fixed Income,150861800900.0,2856064310.0,1688234500.0,1.143010392244245
11,Global Fixed Income,150305026900.0,3006059410.0,2248916300.0,1.1387919720455277
12,Global Fixed Income,151533281390.0,3148227540.0,2652725400.0,1.1480978906943529
13,Global Fixed Income,152748190350.0,3579363150.0,2478203870.0,1.157302696408101
14,Global Fixed Income,157636646320.0,4396124640.0,2102743830.0,1.194340276116182
15,Global Fixed Income,160119922590.0,4180950260.0,2550947020.0,1.213154916843592
16,Global Fixed Income,163810017710.0,3362070210.0,2040994700.0,1.241113068246846
17,Global Fixed Income,166728650100.0,4031084970.0,2298874710.0,1.2632262018102056
18,Global Fixed Income,166996874050.0,4231885610.0,2078375880.0,1.2652584111598872
19,Global Fixed Income,166805868660.0,3330724990.0,1906546800.0,1.2638112512795052
20,Global Fixed Income,169032981830.0,3285752890.0,2017633410.0,1.2806850621635566
21,Global Fixed Income,170238854740.0,3127926270.0,2093054950.0,1.2898214058876347
22,Global Fixed Income,174900338790.0,6136701650.0,4217031300.0,1.3251393238804245
23,Global Fixed Income,177338412760.0,4177826180.0,2595417970.0,1.3436114875967877
24,Global Fixed Income,177387288630.0,3698632440.0,3015900360.0,1.3439817975560133
25,Global Fixed Income,179522425350.0,5153664660.0,3144299740.0,1.3601587452343722
26,Global Fixed Income,183008135140.0,4237751459.0,2864507940.0,1.3865683631134431
27,Global Fixed Income,184374247200.0,3817891500.0,3029926920.0,1.396918765085545
28,Global Fixed Income,184679034230.0,3437224320.0,2773237030.0,1.3992279960547696
29,Global Fixed Income,186442136790.0,3686574840.0,2930284080.0,1.4125862122277837
30,Global Fixed Income,187552209980.0,3482087290.0,3110538360.0,1.4209967255900282
31,Global Fixed Income,189094023550.0,3260623550.0,2665875110.0,1.4326783369913223
32,Global Fixed Income,190354068820.0,3296502470.0,2959413080.0,1.442225119740276
33,Global Fixed Income,189550441450.0,2924779780.0,2946197290.0,1.4361364052351988
34,Global Fixed Income,186460554210.0,3123274510.0,4007899910.0,1.4127257525377412
35,Global Fixed Income,187492672980.0,3032504580.0,3846507160.0,1.420545641158336
36,Global Fixed Income,186310914600.0,4146052590.0,4401686280.0,1.4115920021231168
37,Global Fixed Income,190553460250.0,4156495520.0,3293967060.0,1.4437358167838936
38,Global Fixed Income,193543613720.0,4783846720.0,3715459398.0699997,1.466390832634332
39,Global Fixed Income,198571462770.0,4532968670.0,3121239870.0,1.5044845295178442
40,Global Fixed Income,201803392070.0,4420401160.0,3290814620.0,1.5289713694923142
41,Global Fixed Income,203177404680.0,4566342850.0,3014306320.0,1.5393816302934937
42,Global Fixed Income,206259253750.0,4377039000.0,2859280520.0,1.5627313814785087
43,Global Fixed Income,209665485700.0,5089676230.0,2942760910.0,1.5885388323641383
44,Global Fixed Income,213037643470.0,4187884080.0,2790889060.0,1.614088118879365
45,Global Fixed Income,215124401700.0,4452260580.0,2699867410.0,1.6298985250177105
46,Global Fixed Income,217982794710.0,4830642650.0,2794999700.0,1.6515552525395698
47,Global Fixed Income,221746313330.01,4463863540.0,2630058080.0,1.6800696999902376
48,Global Fixed Income,223626632070.01,4759044230.0,2990083440.0,1.6943160091800387
49,Global Fixed Income,230121604630.01,6305497350.0,3308259329.99,1.743525425275649
50,Global Fixed Income,232135020300.01,7668832010.0,3690662540.0,1.758780148611763
51,Global Fixed Income,212458101770.01,5770263960.0,9475245180.0,1.609697198302548
52,Global Fixed Income,221650058210.01,4964286710.0,3284625400.0,1.6793404192723198
53,Global Fixed Income,226656440690.01,3825344500.0,2908350220.0,1.7172714738404846
54,Global Fixed Income,232059324720.01,5132718330.0,2731919580.0,1.7582066380605776
55,Global Fixed Income,240496237420.01,6652379030.0,2586619900.0,1.8221292403165967
56,Global Fixed Income,243556369140.01,4207629880.0,2454097970.0,1.8453144491416908
57,Global Fixed Income,244463625170.01,4530968180.0,3563252470.0,1.8521883102816863
58,Global Fixed Income,245064055300.01,4460480180.0,3096976181.0,1.8567374928733849
59,Global Fixed Income,253633256840.01,5140944860.0,3469337540.0,1.9216623867499194
60,Global Fixed Income,258353620400.01,5692652520.0,3175134810.0,1.9574264076754515
61,Global Fixed Income,262299434610.0,9508738950.0,1089443520.0,1.9873220248626884
62,Global Fixed Income,262360408800.0,7666539650.0,3437759930.0,1.9877839982211722
63,Global Fixed Income,266079242580.0,8655269480.0,5764513800.0,2.015959889216843
64,Global Fixed Income,270163331360.0,5939192110.0,3633718320.0,2.0469031491444003
65,Global Fixed Income,274420944230.0,6518742660.0,3330440130.0,2.0791611211925307
66,Global Fixed Income,280402443790.0,6218408190.0,3704881540.0,2.124480188825936
67,Global Fixed Income,284587750580.0,5948845940.0,3977171280.0,2.156190331003487
68,Global Fixed Income,288973320210.0,5267398290.0,2638205410.0,2.1894177724969333
69,Global Fixed Income,288978901610.0,5875631960.0,2820558510.0,2.1894600601944503
70,Global Fixed Income,290663103020.0,5074417890.0,3676997390.0,2.202220478688582
71,Global Fixed Income,292475073590.0,5705941908.49,4282870420.0,2.2159489452692216
72,Global Fixed Income,294913400000.0,5341254158.21,5548848070.0,2.234423021607214
73,Global Fixed Income,289744056040.0,6000542748.07,4973155920.0,2.195257282950272
74,Global Fixed Income,285374822520.0,5074546197.09,4796021530.0,2.162153612639374
75,Global Fixed Income,282692525670.0,6548472737.49,5543287380.0,2.141831084628017
76,Global Fixed Income,273311086520.0,4995926886.43,5805925060.0,2.070752240423016
77,Global Fixed Income,268489862700.0,3337489685.85,6599638250.0,2.0342240477544933
78,Global Fixed Income,256204009380.0,4046925325.1,6678216670.0,1.9411397948914582
79,Global Fixed Income,262399693170.0,2939804214.87,4569464251.0,1.988081637801867
80,Global Fixed Income,257545045520.0,3169708575.64,3979597900.0,1.9513002081653998
81,Global Fixed Income,248655677340.0,2699575064.51,5104393730.0,1.8839495590971154
82,Global Fixed Income,246804566820.0,3234415212.01,5453328950.0,1.8699245471396142
83,Global Fixed Income,253265698680.0,4535357594.47,5679058020.0,1.9188775678352619
84,Global Fixed Income,249193311920.0,5257296375.110001,6275268090.0,1.8880229687243621
85,Global Fixed Income,257183714020.0,5948141256.5,5199590080.0,1.948562565786207
86,Global Fixed Income,255504633680.0,5834498470.0,4028531320.0,1.9358409472811675
87,Global Fixed Income,257596110520.0,3754575280.0,4799313550.0,1.9516871041545218
88,Global Fixed Income,259394918590.0,3093729753.64,3004006730.0,1.9653158445341075
89,Global Fixed Income,256234113470.0,3257481070.0,3635797320.0,1.9413678797181921
90,Global Fixed Income,256733443970.0,3263641420.0,3719538600.0,1.945151076970642
91,Global Fixed Income,257796260160.0,3201887340.0,3327151090.0,1.9532035458061472
92,Global Fixed Income,257163000930.0,3382101970.0,3670988250.0,1.9484056322418355
93,Global Fixed Income,249976490450.0,2472119150.0,3988833310.0,1.8939567517856286
94,Global Fixed Income,245005605130.0,2959793360.0,6140626250.0,1.8562946428520322
95,Global Fixed Income,252097160610.0,4090882810.0,5553603250.0,1.9100240930008445
96,Global Fixed Income,258084088800.0,4396640440.0,4433213160.0,1.9553842908638281
97,Global Fixed Income,266011656625.63995,5863955221.399999,4226613989.68,2.015447821564578
98,Global Fixed Income,268139208227.22003,5148114380.46,4007392928.959999,2.0315673002936823
99,Global Fixed Income,272197450600.60004,4862138028.089999,3643422767.6099997,2.062314733900776
100,Global Fixed Income,268986617511.3703,4456510699.009999,3973572513.780002,2.037987730200323
101,Global Fixed Income,273094826362.62997,4184880241.01,3683415725.4700003,2.0691137368003116
102,Global Fixed Income,275893899808.32996,5623583787.450002,4431802244.549998,2.0903210273006465
103,Global Fixed Income,283587402070.7699,5103536582.509997,3257149948.369999,2.1486111510182635
104,Global Fixed Income,286730971738.6801,4658263829.279999,3014517119.56,2.1724285307507705
105,Global Fixed Income,292321245562.3398,5275407311.29,3604233400.6599984,2.214783461142788
1,Sector Equity,32546485200.0,992960130.0,872583990.0,1.0
2,Sector Equity,32701947160.0,1144977390.0,1077405930.0,1.0047766128675548
3,Sector Equity,34284941030.0,1014555000.0,719293570.0,1.0534145490462976
4,Sector Equity,35933807990.0,894396490.0,768025741.11,1.1040764546212811
5,Sector Equity,36179401430.0,993583530.0,1220373150.0,1.111622382806485
6,Sector Equity,37241664330.0,1126521080.0,816592010.0,1.1442607120599309
7,Sector Equity,38667520410.0,821173190.0,874875440.0,1.1880705450184832
8,Sector Equity,38076102320.0,943222090.0,892135400.0,1.1698990562581548
9,Sector Equity,38408420420.0,868612910.0,871106430.0,1.1801096242490725
10,Sector Equity,37744758990.0,648472490.0,887807360.0,1.1597184383522925
11,Sector Equity,37883807360.0,1259718350.0,960865320.42,1.1639907390061277
12,Sector Equity,38755947040.0,1109915860.0,899976770.0,1.190787478335756
13,Sector Equity,39193188660.0,1384075060.0,1111848490.0,1.2042218512738205
14,Sector Equity,40052842590.0,1234492880.0,984429740.0,1.2306349623891184
15,Sector Equity,40104542830.0,1564382330.0,1482207340.0,1.232223466944443
16,Sector Equity,40212893240.0,1061839880.0,1086978120.17,1.235552564059974
17,Sector Equity,40058470190.0,1027992270.0,818930670.0,1.2308078719971889
18,Sector Equity,39468828370.0,1280082120.0,1057043320.1,1.212690959637018
19,Sector Equity,39428052910.0,951666380.0,600009800.0,1.2114381220495047
20,Sector Equity,39526472490.0,774625610.0,875690020.0,1.2144620915932267
21,Sector Equity,40035207800.0,772022340.0,743864620.0,1.2300931284586147
22,Sector Equity,41169112140.0,1056667650.0,793863045.02,1.2649326613000902
23,Sector Equity,41706805950.0,1017583860.0,937307230.0,1.2814534563013273
24,Sector Equity,42100305500.0,1095964810.0,806825980.0,1.2935438417172003
25,Sector Equity,42757047910.0,1885655570.0,1227496060.0,1.313722438759685
26,Sector Equity,42003708730.0,1758637960.0,1409976240.0,1.2905758785283519
27,Sector Equity,42334145590.0,1159741520.0,913358790.0,1.3007286448860536
28,Sector Equity,42654568610.0,1152491850.0,1225196470.0,1.3105737331661238
29,Sector Equity,43429781430.0,1308988420.0,1349326710.0,1.3343923671979179
30,Sector Equity,43561746980.0,736669400.0,795586849.62,1.3384470461959437
31,Sector Equity,43966117320.0,918415820.0,810221820.0,1.3508714397215464
32,Sector Equity,44355350010.0,1208572150.0,811828780.0,1.3628307246522584
33,Sector Equity,43777272090.0,1010829450.0,1091355320.0,1.3450691164033897
34,Sector Equity,41687742850.0,1357602790.0,1028920810.0,1.2808677371404762
35,Sector Equity,41963652880.0,819906213.01,945921060.0,1.2893451511624365
36,Sector Equity,39780365230.0,1067830190.0,1279391720.0,1.2222630181276841
37,Sector Equity,42079372610.0,1217631080.0,1402713740.0,1.2929006727276344
38,Sector Equity,43211024050.0,1949536120.0,1514695290.0,1.3276709845768537
39,Sector Equity,43557281900.0,2067183750.0,2404819480.0,1.3383098553449944
40,Sector Equity,43567498750.0,994168060.0,1113459330.74,1.3386237709625246
41,Sector Equity,42065225190.0,935771306.34,1049394880.0,1.2924659892306896
42,Sector Equity,42998911590.0,1056876660.0,1101513370.0,1.3211537690097486
43,Sector Equity,42979337820.0,783438980.0,1067759340.0,1.3205523593681323
44,Sector Equity,42815922380.0,1006102550.0,1198477620.0,1.3155313735690268
45,Sector Equity,42942531720.0,1046057280.0,1108176720.0,1.319421481493799
46,Sector Equity,43341381330.0,1219486900.0,1012355510.0,1.331676249022429
47,Sector Equity,44153656380.01,1023695640.0,987051580.0,1.356633630595847
48,Sector Equity,44585442230.0,1079042830.0,1013679290.0,1.3699003734510786
49,Sector Equity,44962467180.0,1103919490.0,968570870.0,1.3814845721036568
50,Sector Equity,42630637560.0,1556359630.0,1091442760.0,1.3098384448591702
51,Sector Equity,36063369660.0,2634719780.0,2481791120.0,1.108057273723677
52,Sector Equity,40184649960.0,1950739520.0,1369787600.0,1.2346847812617259
53,Sector Equity,41989230540.0,1520113270.0,1034056630.0,1.290131032029228
54,Sector Equity,43068380720.0,1882221100.0,1332866450.0,1.3232882277561573
55,Sector Equity,45378041720.0,2132220530.0,1653385330.0,1.3942532178559177
56,Sector Equity,46077016180.0,1664136610.0,1594487211.31,1.4157294066272939
57,Sector Equity,45052451390.0,1154132160.0,1112725990.0,1.3842493625087358
58,Sector Equity,44573316720.0,1267919770.0,934324560.0,1.3695278137130458
59,Sector Equity,48545550700.0,2104355810.0,1469491900.0,1.4915758307443903
60,Sector Equity,50224311690.0,2022695730.0,1458301416.7,1.5431562388801356
61,Sector Equity,51229093940.0,2472787360.0,1729202030.0,1.5740284588395432
62,Sector Equity,53641521730.0,3080247110.0,1509781290.0,1.6481509877447535
63,Sector Equity,55560234370.0,2942745990.0,2073868790.0,1.7071039784658528
64,Sector Equity,57768636040.0,2315440410.0,1724046960.0,1.774957746896737
65,Sector Equity,59332850270.0,2449500800.0,1910022260.0,1.8230186733036229
66,Sector Equity,61591958950.0,2650559270.0,1514826670.0,1.8924304290160339
67,Sector Equity,62498709660.0,1690283960.0,1336864100.0,1.9202906020709112
68,Sector Equity,63997100030.0,1869344260.0,1480232240.0,1.9663290716872863
69,Sector Equity,62742338270.0,1783267270.0,1451769470.0,1.927776160296412
70,Sector Equity,65935391860.0,2230326540.0,1665431400.0,2.025883638581041
71,Sector Equity,66171014460.0,2566489680.0,1576559760.0,2.033123209875824
72,Sector Equity,68200167630.0,2147483860.0,1973981040.0,2.0954695172429862
73,Sector Equity,67096581110.0,2656950540.0,2161751210.0,2.0615615080303664
74,Sector Equity,67460999400.0,2127439940.0,1943525820.0,2.0727583634745295
75,Sector Equity,69747322510.0,3354295520.0,2506060680.0,2.143006290276776
76,Sector Equity,66725872730.0,2102853940.0,1805720660.0,2.050171387784755
77,Sector Equity,66998911750.0,2159043010.0,1941771660.0,2.0585605892091845
78,Sector Equity,61448446670.0,2028125140.0,1917177450.0,1.8880209734598314
79,Sector Equity,64122226480.0,1328464680.0,1562696040.0,1.9701736173957118
80,Sector Equity,62822623970.0,1849659510.0,1715479400.0,1.9302429612276535
81,Sector Equity,59593074150.0,1797378780.0,1627906000.0,1.8310141259124348
82,Sector Equity,62824681560.0,1766743150.0,1551704690.0,1.9303061812646978
83,Sector Equity,65818896000.0,1547164630.0,1548356400.0,2.0223042702011953
84,Sector Equity,63261649460.0,1802100390.0,1523638710.0,1.943732144078034
85,Sector Equity,66589742110.0,1736751030.0,1907288710.0,2.045988735828224
86,Sector Equity,65247653610.0,2358569640.0,1920065480.0,2.004752685552663
87,Sector Equity,66987537800.0,5264944470.0,2591725950.0,2.0582111213655723
88,Sector Equity,67700888990.0,1999775650.0,2473866430.0,2.0801290392487606
89,Sector Equity,66108354440.0,2452455630.0,1653568590.0,2.0311979629677492
90,Sector Equity,67387355400.0,2066273460.0,2032107080.0,2.0704956306618327
91,Sector Equity,69517468240.0,2142119690.0,1992072950.0,2.1359439525592765
92,Sector Equity,68129036600.0,2382186330.0,2545093820.0,2.093283996147148
93,Sector Equity,65707585720.0,1759881160.0,1784841420.0,2.0188842302393994
94,Sector Equity,63757467360.0,2729060580.0,2762522430.0,1.9589662898530131
95,Sector Equity,67889635000.0,2988213630.0,2549218920.0,2.0859283140042417
96,Sector Equity,69085442110.0,1880419830.0,2731061670.0,2.1226698270325053
97,Sector Equity,69848805294.43,2346073175.34,1754485956.6900003,2.1461243776464682
98,Sector Equity,71716501802.41998,2726943898.37,2935514531.1899996,2.203509883224502
99,Sector Equity,73619294485.44005,2000414773.0500002,2532608702.41,2.2619737287466006
100,Sector Equity,73120186301.75,3129025995.02,2269069431.9200006,2.2466384880709023
101,Sector Equity,75094110542.93994,2200594229.7999997,2414992105.6499996,2.307287870917009
102,Sector Equity,74515615771.45996,2767751321.649998,2768542652.5099998,2.2895134547880445
103,Sector Equity,76817477714.15001,1909142907.619999,2795836418.9000006,2.360238816637257
104,Sector Equity,77415003135.53992,2806617978.159999,2960400612.8100004,2.3785979548888405
105,Sector Equity,78643184045.81998,3485349905.4399986,3506276670.7199993,2.416334162123902
1,Balanced - Global,289360962900.0,4851892990.0,3371539350.0,1.0
2,Balanced - Global,288812415750.0,6754409980.0,2959073820.54,0.9981042807415955
3,Balanced - Global,298403018250.0,5047097830.0,2873872100.0,1.0312483593480606
4,Balanced - Global,298803637590.0,4436649150.0,3207079830.0,1.0326328561923652
5,Balanced - Global,307983952250.0,4247053430.0,2991401780.0,1.0643590246706356
6,Balanced - Global,307635060590.0,4075945340.0,3084293730.0,1.0631532930594902
7,Balanced - Global,317562891840.0,3776188000.0,2767743900.0,1.0974627975292792
8,Balanced - Global,320186787150.0,3841653100.0,2982604850.0,1.1065306941926822
9,Balanced - Global,322632584780.0,3936881110.0,2892439070.0,1.114983104654301
10,Balanced - Global,322966566770.0,3782089520.0,2810328350.0,1.116137310068372
11,Balanced - Global,324802321280.0,4556045630.0,3238497160.5,1.122481477891156
12,Balanced - Global,329283215740.0,4283998650.98,3183569320.0,1.1379669615413766
13,Balanced - Global,330544160650.0,5430175720.0,3869589030.0,1.1423246499363926
14,Balanced - Global,341410004500.0,6846922510.0,3676917130.0,1.1798758238787987
15,Balanced - Global,347096180130.0,5882697490.0,3938596520.0,1.1995266280958314
16,Balanced - Global,355670099580.0,4179476680.0,3143651730.0,1.229157160715268
17,Balanced - Global,359931123850.0,5398497980.0,3455515940.0,1.2438827969147597
18,Balanced - Global,355616840090.0,5169119500.0,3211239180.0,1.2289731017134378
19,Balanced - Global,353564057970.0,4303742470.0,2879932090.0,1.22187891008708
20,Balanced - Global,356759304460.0,4078161390.0,3021957180.0,1.2329213342550707
21,Balanced - Global,361693721340.0,3799523800.0,2954977590.0,1.2499741420372499
22,Balanced - Global,374536902270.0,4514294740.0,3399794440.0,1.2943587777575785
23,Balanced - Global,380522819600.0,5074214070.0,3565554030.0,1.3150454566724141
24,Balanced - Global,380198774560.0,4828000542.97,3451016000.0,1.3139255922762205
25,Balanced - Global,386307334570.0,6889301990.0,4659032630.0,1.3350361109473623
26,Balanced - Global,389710770950.0,7970513770.0,4043546330.0,1.3467980167203129
27,Balanced - Global,391503447540.0,6204149330.0,4249479190.0,1.352993311939245
28,Balanced - Global,393919481050.0,4903532290.0,3799547620.0,1.361342860841026
29,Balanced - Global,400927139180.0,5330938400.0,4154675160.0,1.3855605647765143
30,Balanced - Global,405614269090.0,5043193110.0,4269065570.0,1.4017587756997334
31,Balanced - Global,410954282500.0,4940031800.0,3715605120.0,1.4202132809532477
32,Balanced - Global,415110649140.0,4970092830.0,3743843580.0,1.43457723177213
33,Balanced - Global,413018921630.0,4425576960.0,3524352780.0,1.4273484491159052
34,Balanced - Global,397937967260.0,4591650810.0,4289320850.0,1.3752303118977491
35,Balanced - Global,404325948730.0,4468010880.0,4133640750.0,1.3973064807284687
36,Balanced - Global,392728529130.0,3844622450.0,4660279200.0,1.3572270606029284
37,Balanced - Global,406234790820.0,4949765520.0,4890557740.0,1.403903231274463
38,Balanced - Global,416813363070.0,6579412880.0,4471888710.0,1.4404616258276903
39,Balanced - Global,425584882450.0,5326477220.0,4690431240.0,1.4707750423027086
40,Balanced - Global,434621927140.0,4831726130.0,4819930650.0,1.502006085355061
41,Balanced - Global,426007564050.0,5086743060.0,4786741030.0,1.4722357839167945
42,Balanced - Global,434417670010.0,4340676580.0,4010892590.0,1.5013001949407045
43,Balanced - Global,436910737130.0,4604410170.0,4041126690.0,1.5099159636159754
44,Balanced - Global,436988315750.0,4045226400.0,4148205070.0,1.510184066884718
45,Balanced - Global,439767601920.0,3923287210.0,4027830840.0,1.5197889774509041
46,Balanced - Global,442279343040.0,4454582430.0,4247660340.0,1.528469281438101
47,Balanced - Global,452418782270.0,4708297470.0,4034037170.0,1.5635100800599389
48,Balanced - Global,454066159130.0,5127077240.0,4230847910.0,1.5692032352232679
49,Balanced - Global,462029599340.0,6992631900.0,5262135890.0,1.5967240180206077
50,Balanced - Global,448444783840.0,8222430670.0,5347932500.0,1.549776373929809
51,Balanced - Global,403416136520.0,4946169760.0,7990010920.0,1.3941622687349717
52,Balanced - Global,428905410600.0,3354756980.0,3494968490.0,1.4822504262547158
53,Balanced - Global,439284527720.0,3366145370.0,3351185225.29,1.5181195255830413
54,Balanced - Global,445092988250.0,3924836847.71,3639257951.33,1.5381929331076332
55,Balanced - Global,458127311760.0,4158876495.85,3801208790.0,1.5832381367846216
56,Balanced - Global,463839618690.0,4322961110.8,3809269250.46,1.6029792479308895
57,Balanced - Global,461995999630.0,4311839230.0,4351389380.0,1.5966079010791128
58,Balanced - Global,454332240400.0,4643846690.0,4402646860.83,1.5701227831378632
59,Balanced - Global,483021434580.0,5784580500.0,4319377950.0,1.6692695163131834
60,Balanced - Global,493457423630.0,6403730170.0,4678270590.0,1.7053351588428793
61,Balanced - Global,493730888710.0,7990744436.86,5117533440.0,1.7062802244013406
62,Balanced - Global,505029159000.0,10467559960.0,5048772210.0,1.7453258170644552
63,Balanced - Global,518050272480.0,9748301900.0,5486831080.0,1.7903253683152573
64,Balanced - Global,529142424690.0,7241698090.0,4655429750.0,1.828658639323321
65,Balanced - Global,535003117390.0,6529771840.0,4082005170.0,1.8489125555436143
66,Balanced - Global,549913748740.0,7080323300.0,4279390310.0,1.9004420749389206
67,Balanced - Global,560302698200.0,6436264880.0,3732640640.0,1.936345153764347
68,Balanced - Global,573308577450.0,6416293590.0,4421373620.0,1.981292057174033
69,Balanced - Global,561189231270.0,6481975770.0,4038706770.0,1.9394089155832015
70,Balanced - Global,573299847510.0,5935844650.0,4162074310.0,1.9812618874513706
71,Balanced - Global,576458068670.0,7601129920.0,5053543320.0,1.9921763561079164
72,Balanced - Global,590371365550.0,6548463990.0,5199768480.0,2.0402591961031935
73,Balanced - Global,573847870100.0,7816820690.0,5440092080.0,1.9831557938874969
74,Balanced - Global,567069292300.0,8799209410.0,5157726610.0,1.9597297666443452
75,Balanced - Global,567169721420.0,6278597610.0,5666806810.0,1.960076838754534
76,Balanced - Global,554760091850.0,4560996640.0,5259839470.0,1.917190509356022
77,Balanced - Global,536765780590.0,4158687630.0,6344778130.0,1.8550041277527143
78,Balanced - Global,507029176330.0,4067912520.0,5690234550.0,1.7522376593183504
79,Balanced - Global,528953427750.0,3122695640.0,4027718960.0,1.8280054864650161
80,Balanced - Global,517978182410.0,3349623640.0,4144291840.0,1.7900762328780597
81,Balanced - Global,500654128460.0,2664139270.0,4609782200.0,1.7302061876018178
82,Balanced - Global,508751614060.0,2584267890.0,4783766200.0,1.7581902166803993
83,Balanced - Global,533186325960.0,3170126960.0,5221806940.0,1.8426339220617793
84,Balanced - Global,513638281980.0,3503942900.0,5614881820.0,1.7750780092527816
85,Balanced - Global,533846061440.0,4018348250.0,5790386330.0,1.8449138960893332
86,Balanced - Global,526985430600.0,5508574670.0,5160866942.0,1.8212043024688178
87,Balanced - Global,531096030570.0,3914664830.0,5793742190.0,1.8354100886564335
88,Balanced - Global,536511800300.0,2923649610.0,4943711390.0,1.8541263995081902
89,Balanced - Global,524464477870.0,3558633680.0,5242094100.0,1.8124921641598533
90,Balanced - Global,531116809260.0,3568620740.0,5497497280.0,1.835481897547971
91,Balanced - Global,536062531760.0,3085972490.0,5112117010.0,1.852573776322611
92,Balanced - Global,531565441720.0,3258411820.0,5326990760.0,1.837032322510287
93,Balanced - Global,512229399590.0,3043978270.0,5781380560.0,1.770209065025198
94,Balanced - Global,504722642770.0,2933011920.0,5936785820.0,1.7442665303281655
95,Balanced - Global,528324513830.0,3617855380.0,6344572450.0,1.825832028394871
96,Balanced - Global,540073676340.0,4075726300.0,6011641050.0,1.8664358555049583
97,Balanced - Global,545572994429.56995,5544466154.7,7112791187.750001,1.885440900395794
98,Balanced - Global,561247538849.0399,7365864266.27,6433628506.83,1.939610420231429
99,Balanced - Global,572222792957.0598,5084230371.799999,5861945875.419999,1.977539704119708
100,Balanced - Global,560277618962.68,5260825694.179999,6371695924.09,1.9362584826492504
101,Balanced - Global,572855218656.0802,5360312687.55,6500999793.209999,1.9797252985160017
102,Balanced - Global,575738837090.9199,6018982455.18,7567453626.51,1.989690770036209
103,Balanced - Global,593052079535.4598,5531173683.849999,5289113126.95,2.0495234519260714
104,Balanced - Global,593789207574.2999,4887474459.109999,4797954990.26,2.052070886215246
105,Balanced - Global,605238261535.02,4844188545.21,4989170330.669999,2.091637570836339
1,Target Date,5942428170.0,128348130.0,38317260.0,1.0
2,Target Date,5926068620.0,120596610.0,44050670.0,0.9972469923856059
3,Target Date,6111334250.0,104607080.0,54056050.0,1.0284237478633251
4,Target Date,6124349280.0,91484440.0,32810390.0,1.0306139350439973
5,Target Date,6342874420.0,89917880.0,39840310.0,1.0673876466898884
6,Target Date,6288491320.0,75144340.0,99561230.0,1.058235983692168
7,Target Date,6541082510.0,116685770.0,37690760.0,1.100742377168692
8,Target Date,6596467350.0,68991730.0,34911080.0,1.1100626143538224
9,Target Date,6657743490.0,69836100.0,35688710.0,1.12037424762006
10,Target Date,6688616630.0,88392930.0,30534460.0,1.1255696221566613
11,Target Date,6683397460.0,77113910.0,37345390.0,1.124691333038023
12,Target Date,6769794170.0,92494290.0,36717660.0,1.1392302904352987
13,Target Date,6816798660.0,136939360.0,74352060.0,1.147140270775877
14,Target Date,7043047320.0,127059230.0,52700770.0,1.1852137070089312
15,Target Date,7145908730.0,107555710.0,62391300.0,1.202523366807478
16,Target Date,7386474620.0,87222740.0,38585140.0,1.243006126231392
17,Target Date,7474336140.0,91468400.0,50493500.0,1.2577915838737013
18,Target Date,7270432040.0,90739870.0,46124830.0,1.2234783209840634
19,Target Date,7211989000.0,71521000.0,38699000.0,1.2136434456893066
20,Target Date,7298891000.0,74302000.0,43229000.0,1.228267433983977
21,Target Date,7383723000.0,67877000.0,37835000.0,1.2425430798265753
22,Target Date,7657862000.0,84334000.0,56961000.0,1.2886755684587434
23,Target Date,7781721000.0,88869000.0,46679000.0,1.309518731633234
24,Target Date,7823218000.0,114690000.0,41499000.0,1.3165019039683235
25,Target Date,7958666000.0,117185000.0,59525000.0,1.3392952800302844
26,Target Date,8026194110.0,132352120.0,60608080.0,1.350659003422165
27,Target Date,8091461130.0,112318760.0,48295340.0,1.3616422274734874
28,Target Date,8144177320.0,100879850.0,50288490.0,1.3705133805597183
29,Target Date,8306980180.0,137750510.0,54717050.0,1.39791007015235
30,Target Date,8415401540.0,90452040.0,49312440.0,1.4161553659974657
31,Target Date,8504705110.0,86203730.0,42850540.0,1.4311834938006496
32,Target Date,8568025660.0,87729470.0,52103120.0,1.441839163198501
33,Target Date,8517937840.0,74177000.0,46010410.0,1.4334103158372715
34,Target Date,8235616700.0,84839960.0,67898190.0,1.385900925412448
35,Target Date,8397142390.0,79281200.0,49587900.0,1.4130826910777787
36,Target Date,8269521160.0,105949800.0,58264830.0,1.3916064146552403
37,Target Date,8596814220.0,119354470.0,62494670.0,1.4466837417405418
38,Target Date,8825547660.0,123648750.0,55338500.0,1.485175320175557
39,Target Date,9068279490.0,100498690.0,58761170.0,1.5260225669669307
40,Target Date,9282416400.0,92601590.0,60344170.0,1.562057821222263
41,Target Date,9060357860.0,137318010.0,210651650.0,1.524689504156009
42,Target Date,9249138490.0,83000420.0,52002270.0,1.5564577686767394
43,Target Date,9327569170.0,94740410.0,50875740.0,1.5696561915699185
44,Target Date,9406550390.0,103043700.0,59083520.0,1.5829472600928385
45,Target Date,9470960560.0,91486470.0,56523160.0,1.593786292245582
46,Target Date,9554172460.0,95837250.0,67104270.0,1.6077893054279864
47,Target Date,9779622200.0,105303220.0,64715970.0,1.6457282983026784
48,Target Date,9906055930.0,141394900.0,51177640.0,1.6670047405890647
49,Target Date,10116358190.0,139643620.0,68396890.0,1.702394694658968
50,Target Date,9928923070.0,148005690.0,69180880.0,1.6708528544148982
51,Target Date,9206247760.0,105336420.0,84789490.0,1.5492400575369512
52,Target Date,9795384870.0,82000840.0,44439340.0,1.6483808621282838
53,Target Date,10031453340.0,83057730.0,39103560.0,1.688106789517996
54,Target Date,10158774650.0,87499560.0,51887080.0,1.709532594989701
55,Target Date,10459472240.0,95383340.0,46481760.0,1.7601343997398289
56,Target Date,10582345640.0,91771490.0,45730310.0,1.7808117047883474
57,Target Date,10561782890.0,89034640.0,48642570.0,1.7773513768867315
58,Target Date,10697303320.0,313055430.0,51617630.0,1.8001569415688874
59,Target Date,11354724120.0,120530800.0,60631720.0,1.9107886195955484
60,Target Date,11652988100.0,156340200.0,59429000.0,1.9609808931018178
61,Target Date,11807950350.0,256814090.0,58074820.0,1.9870581540407581
62,Target Date,12011266180.0,247651100.0,71461560.0,2.0212724220442704
63,Target Date,12147138040.0,176912800.0,91234070.0,2.0441371258510306
64,Target Date,12350198780.0,154614520.0,59723250.0,2.0783084669578766
65,Target Date,12537157010.0,125495340.0,65839050.0,2.1097700554956815
66,Target Date,16083051890.0,3358383230.0,62872220.0,2.706478131480721
67,Target Date,16297013980.0,161805500.0,76107400.0,2.742483966785584
68,Target Date,16694605170.0,145997770.0,69046220.0,2.809391160044935
69,Target Date,16327200690.0,131962880.0,76326020.0,2.7475638279360135
70,Target Date,16662041140.0,175723040.0,68613450.0,2.803911240209404
71,Target Date,16730487490.0,163986080.0,76884700.0,2.8154294862936475
72,Target Date,17258916780.0,238594270.0,83737520.0,2.904354295291381
73,Target Date,16825275720.0,215490510.0,107284280.0,2.831380580238465
74,Target Date,16646604900.0,327087980.0,79927050.0,2.8013136084739583
75,Target Date,16634768270.0,217898820.0,84281730.0,2.7993217240689003
76,Target Date,15971635350.0,124145440.0,105734500.0,2.6877288026184085
77,Target Date,15951935170.0,154156420.0,77254540.0,2.6844136291848524
78,Target Date,15234819790.0,144379650.0,64581700.0,2.563736464987847
79,Target Date,15810081820.0,117511830.0,67745310.0,2.6605423519995193
80,Target Date,15552974900.0,140311190.0,73083960.0,2.617276045256766
81,Target Date,15080655930.0,135430350.0,80139630.0,2.537793558218138
82,Target Date,15458805510.0,125925270.0,57385140.0,2.601429090559794
83,Target Date,16403624340.0,129435390.0,66900450.0,2.7604245050554814
84,Target Date,16095674570.0,176925520.0,73813490.0,2.7086022934628087
85,Target Date,16872329540.0,161270570.0,87707860.0,2.8392988618994113
86,Target Date,16737747210.0,191547050.0,77415500.0,2.816651161977781
87,Target Date,17003960590.0,155955760.0,108504360.0,2.8614499163563303
88,Target Date,17258131830.0,125637830.0,89781330.0,2.904222202823867
89,Target Date,16932471980.0,170179400.0,139051080.0,2.8494197145676226
90,Target Date,17292219380.0,160062720.0,75696560.0,2.909958502704123
91,Target Date,17559277340.0,164691670.0,99058110.0,2.9548993841687445
92,Target Date,17417091140.0,133021550.0,118427510.0,2.930972094526807
93,Target Date,16942246390.0,153126510.0,91628780.0,2.851064565749728
94,Target Date,16844075580.0,144835260.0,90436140.0,2.834544246581949
95,Target Date,17766558450.0,136143670.0,115977200.0,2.9897809349540694
96,Target Date,18363196520.0,228034510.0,94040280.0,3.0901840114291192
97,Target Date,18483731910.0,205859930.0,150218050.0,3.1104678729334982
98,Target Date,19062292970.0,230738410.0,100414600.0,3.2078289252590158
99,Target Date,19551454500.0,185654360.0,103401590.0,3.2901457015003346
100,Target Date,19331391190.0,266292250.0,203039430.0,3.2531131444875334
101,Target Date,19884728370.0,187764810.0,105246250.0,3.3462294875328715
102,Target Date,20139121930.0,196293180.0,87727310.0,3.3890391863163236
103,Target Date,20702843480.0,179877060.0,117488940.0,3.4839030254529773
104,Target Date,20756573250.0,165141050.0,130685950.0,3.4929447451781312
105,Target Date,21209625330.0,158473400.0,141425670.0,3.5691849734213954
1,Emerging/Asia Equity,9942859480.0,138567400.0,170751480.0,1.0
2,Emerging/Asia Equity,9377058230.0,142784310.0,167690700.0,0.9430947152438284
3,Emerging/Asia Equity,9982298310.0,175310290.0,188913100.0,1.003966548061886
4,Emerging/Asia Equity,9791579580.0,118749050.0,136530260.0,0.9847850711051184
5,Emerging/Asia Equity,10028435700.0,121100920.0,101552060.0,1.0086068017125391
6,Emerging/Asia Equity,10222827790.0,130887810.0,179846490.0,1.0281577257089025
7,Emerging/Asia Equity,10763056510.0,121631770.0,146296390.0,1.082491061213308
8,Emerging/Asia Equity,10924694170.0,116491300.0,131879820.0,1.0987477185989558
9,Emerging/Asia Equity,10972609050.0,114135880.0,190838700.0,1.1035667427535645
10,Emerging/Asia Equity,11196691950.0,205972630.0,125233350.0,1.1261038107319203
11,Emerging/Asia Equity,10831641600.0,366934130.0,226068350.0,1.0893889853102903
12,Emerging/Asia Equity,10691515940.0,168932350.0,219476030.0,1.0752958906344716
13,Emerging/Asia Equity,10976849570.0,181675170.0,163830160.0,1.1039932317337748
14,Emerging/Asia Equity,11533387140.0,211666970.0,161441550.0,1.1599668247549246
15,Emerging/Asia Equity,11986471150.0,274996920.0,168686080.0,1.205535608152837
16,Emerging/Asia Equity,12747042430.0,258261570.0,122756240.0,1.2820298281033335
17,Emerging/Asia Equity,13124146560.0,410876880.0,152363390.0,1.3199569586997724
18,Emerging/Asia Equity,12919631290.0,366514950.0,151399720.0,1.2993878990231893
19,Emerging/Asia Equity,13196699100.0,306529490.0,162017510.0,1.327253907846639
20,Emerging/Asia Equity,13528609040.0,188320740.0,139694560.0,1.360635646839092
21,Emerging/Asia Equity,13805641790.0,271559160.0,184902160.0,1.3884981295139454
22,Emerging/Asia Equity,14826268940.0,332824620.0,145769230.0,1.4911473877130565
23,Emerging/Asia Equity,15183216200.0,349884610.0,148923620.0,1.5270472473779746
24,Emerging/Asia Equity,15613448320.0,462171120.0,173737490.0,1.5703177090460099
25,Emerging/Asia Equity,16799312490.0,676245040.0,296726730.0,1.689585629143378
26,Emerging/Asia Equity,17371974180.0,592651460.0,226274390.0,1.7471809005189722
27,Emerging/Asia Equity,17856424650.0,710703620.0,206993710.0,1.7959043558765049
28,Emerging/Asia Equity,17774414710.0,339139875.0,182367025.0,1.7876562316658628
29,Emerging/Asia Equity,17772762110.0,431819350.0,257174150.0,1.7874900219348167
30,Emerging/Asia Equity,17235037520.0,768018130.0,770833220.0,1.7334085385263838
31,Emerging/Asia Equity,17539424690.0,266251630.0,170628100.0,1.7640221834855903
32,Emerging/Asia Equity,16995294000.0,252557020.0,341341090.0,1.7092964085619362
33,Emerging/Asia Equity,16589792900.0,248913320.0,412918460.0,1.668513261539124
34,Emerging/Asia Equity,15475038710.0,277815940.0,314942290.0,1.5563972055652546
35,Emerging/Asia Equity,16257729480.0,366413390.0,369933950.0,1.6351160863434027
36,Emerging/Asia Equity,16077135120.0,480625410.0,437659300.0,1.6169528647507347
37,Emerging/Asia Equity,17140029750.0,550803450.0,240050590.0,1.7238531616057797
38,Emerging/Asia Equity,17574705570.0,542189860.0,219658630.0,1.767570547019337
39,Emerging/Asia Equity,18375322110.0,452947090.0,252532000.0,1.8480923065403716
40,Emerging/Asia Equity,18979887120.0,470234470.0,283270270.0,1.908896244403124
41,Emerging/Asia Equity,18022667610.0,489811940.0,384928250.0,1.8126241898774174
42,Emerging/Asia Equity,18607787700.0,410602480.0,303789340.0,1.8714724609584847
43,Emerging/Asia Equity,18629760200.0,436706380.0,238927960.0,1.8736823383125998
44,Emerging/Asia Equity,17989079960.0,248838180.0,271470070.0,1.809246122424331
45,Emerging/Asia Equity,18190290060.0,235407390.0,227088085.0,1.8294827656560626
46,Emerging/Asia Equity,18726095190.0,301025800.0,299211980.0,1.883371199971942
47,Emerging/Asia Equity,19048424200.0,357736820.0,204878480.0,1.9157893399092873
48,Emerging/Asia Equity,19885793060.0,469427910.0,303647620.0,2.000007452584455
49,Emerging/Asia Equity,19640568050.0,680294170.0,316909130.0,1.9753440234679853
50,Emerging/Asia Equity,19394607670.0,686660330.0,353365080.0,1.9506066347424635
51,Emerging/Asia Equity,16990783420.0,555048910.0,587544650.0,1.7088427583812138
52,Emerging/Asia Equity,18253791110.0,295608200.0,255995985.0,1.8358693640111667
53,Emerging/Asia Equity,18275351440.0,192216460.0,308747600.0,1.8380377874957154
54,Emerging/Asia Equity,19367233090.0,359365840.0,251795220.0,1.9478534448723799
55,Emerging/Asia Equity,20130573890.0,490185380.0,295922180.0,2.0246262084355635
56,Emerging/Asia Equity,20181868970.0,462131470.0,251479070.0,2.0297851951539396
57,Emerging/Asia Equity,20337929420.0,256909900.0,256785800.0,2.045480926378334
58,Emerging/Asia Equity,21192179530.0,873944430.0,334875700.0,2.131396865522231
59,Emerging/Asia Equity,23092322730.0,1038654570.0,475945710.0,2.322503176923104
60,Emerging/Asia Equity,24618453450.0,785992500.0,369521520.0,2.4759932994647933
61,Emerging/Asia Equity,26258435400.0,1100704790.0,324067830.0,2.6409339740563245
62,Emerging/Asia Equity,27475946960.0,1338776980.0,321352920.0,2.7633848205606943
63,Emerging/Asia Equity,27630147360.0,1424091380.0,506947840.0,2.778893477834809
64,Emerging/Asia Equity,27503258490.0,795039130.0,888965810.0,2.7661316691966364
65,Emerging/Asia Equity,27669062490.0,559969570.0,399929100.0,2.782807354932064
66,Emerging/Asia Equity,28607566850.0,600827720.0,411370120.0,2.8771971390668796
67,Emerging/Asia Equity,27066016400.0,569750700.0,544860980.0,2.722156181975932
68,Emerging/Asia Equity,27850047780.0,488463050.0,501080800.0,2.8010098941879042
69,Emerging/Asia Equity,26843915330.0,510213490.0,503755510.0,2.6998184359334827
70,Emerging/Asia Equity,26650265700.0,442656020.0,386295750.0,2.6803421846207165
71,Emerging/Asia Equity,26734711610.0,793800590.0,427432870.0,2.6888353057565286
72,Emerging/Asia Equity,27033275740.0,768591890.0,507298680.0,2.718863300278684
73,Emerging/Asia Equity,27107366960.0,813703930.0,500659900.0,2.7263150016880253
74,Emerging/Asia Equity,26034620500.0,562448850.0,437666070.0,2.6184238600946212
75,Emerging/Asia Equity,24604767180.0,529179380.0,813675940.0,2.4746168071159342
76,Emerging/Asia Equity,23827730070.0,350896480.0,548044960.0,2.3964665414340143
77,Emerging/Asia Equity,23300660680.0,311368580.0,425484830.0,2.3434567014518444
78,Emerging/Asia Equity,22320645760.0,374256640.0,503518240.0,2.244892005654695
79,Emerging/Asia Equity,22072532820.0,440903870.0,334577960.0,2.2199381238766134
80,Emerging/Asia Equity,22476119930.0,314594940.0,316712080.0,2.260528771950421
81,Emerging/Asia Equity,20860105530.0,257890650.0,432943130.0,2.0979986262462997
82,Emerging/Asia Equity,20030936300.0,429156070.0,399043560.0,2.0146051888083205
83,Emerging/Asia Equity,23043498890.0,521525100.0,558642490.0,2.317592734399179
84,Emerging/Asia Equity,22574261380.0,684554590.0,700923580.0,2.2703993177624593
85,Emerging/Asia Equity,24263176710.0,665727340.0,623647240.0,2.440261451829348
86,Emerging/Asia Equity,23368888090.0,591290800.0,402454100.0,2.350318651994064
87,Emerging/Asia Equity,24264979670.0,698063790.0,338651630.0,2.440442783970633
88,Emerging/Asia Equity,24258432130.0,659399910.0,517533960.0,2.439784267171399
89,Emerging/Asia Equity,24105878980.0,720874300.0,349235820.0,2.4244412815537446
90,Emerging/Asia Equity,25424317470.0,1421394180.0,561322380.0,2.5570428226548767
91,Emerging/Asia Equity,26969118760.0,1129222210.0,614463140.0,2.712410731967822
92,Emerging/Asia Equity,26109004210.0,260663210.0,352293560.0,2.6259049785947495
93,Emerging/Asia Equity,25418283920.0,375295330.0,347432190.0,2.5564360002400437
94,Emerging/Asia Equity,24446861810.0,223438620.0,363434490.0,2.458735523636305
95,Emerging/Asia Equity,25439359280.0,212929450.0,403780920.0,2.5585556480176668
96,Emerging/Asia Equity,25417634480.0,368713000.0,440187500.0,2.5563706830140176
97,Emerging/Asia Equity,24837921635.910004,476285101.28000003,300791155.41999996,2.4980662440087107
98,Emerging/Asia Equity,26427115546.630005,440900060.84,335588277.71,2.6578989273445917
99,Emerging/Asia Equity,26993604401.95001,421087582.83,509911958.81999993,2.7148733677919794
100,Emerging/Asia Equity,27233639734.17,312228520.12000006,437047552.71999997,2.7390148466796997
101,Emerging/Asia Equity,27237684403.47,357130282.53999996,537496459.91,2.7394216380366667
102,Emerging/Asia Equity,27558272729.460003,517490385.34999996,852417462.66,2.7716647092210542
103,Emerging/Asia Equity,27805661427.18,290285317.32,349625670.40000004,2.796545750557062
104,Emerging/Asia Equity,27544044016.86,334733205.41,242415662.44,2.770233660876398
105,Emerging/Asia Equity,29284945978.53,330066499.03000003,380508695.69,2.945324334255803
1,U.S./North American Equity,85693227090.0,1830829880.0,1830948890.0,1.0
2,U.S./North American Equity,83682433910.0,2011674150.0,1505038790.0,0.9765349812548412
3,U.S./North American Equity,86670926190.0,3040542150.0,1405084590.49,1.0114092925800677
4,U.S./North American Equity,86332035460.0,1731379300.0,1219650870.0,1.0074545957912062
5,U.S./North American Equity,90662622650.0,1439150770.0,1369520320.0,1.05799052887553
6,U.S./North American Equity,90150541900.0,1667539090.0,1697393360.0,1.0520147853145811
7,U.S./North American Equity,94067182290.0,1407833494.5,1267997890.0,1.0977201522730051
8,U.S./North American Equity,94595405920.0,1357417762.25,1304523030.0,1.1038842757158673
9,U.S./North American Equity,93796054880.0,1095021106.75,1530530720.0,1.0945562218294094
10,U.S./North American Equity,92761836460.0,1077070868.5,1527297820.0,1.0824873751408164
11,U.S./North American Equity,96456216280.0,1709582313.0,1566812970.0,1.1255990648910454
12,U.S./North American Equity,97999897850.0,2218683170.0,1756050950.0,1.1436131089692168
13,U.S./North American Equity,98160187060.0,2384800470.0,1538391280.0,1.145483609304461
14,U.S./North American Equity,104086047290.0,2420682930.0,1528849840.0,1.2146356348639176
15,U.S./North American Equity,105580610060.0,2602854950.0,1808012780.0,1.2320764854509811
16,U.S./North American Equity,108329761240.0,1636509820.0,2153866650.0,1.2641577977478407
17,U.S./North American Equity,107529804250.0,2179075620.0,2162713350.0,1.254822672707447
18,U.S./North American Equity,105228034440.0,1834127650.0,1561499780.0,1.2279620923773056
19,U.S./North American Equity,103668185090.0,1515918850.0,1515346270.0,1.209759377845832
20,U.S./North American Equity,104130250730.0,1740830530.0,1381949250.0,1.2151514683959372
21,U.S./North American Equity,106555447650.0,2303853960.0,2087814310.0,1.2434523855437174
22,U.S./North American Equity,112270911390.0,2078433820.0,1316793860.0,1.3101491821761664
23,U.S./North American Equity,115438174360.0,1567843990.0,1562513720.0,1.3471096640900235
24,U.S./North American Equity,113941611990.0,1749300970.0,1469899250.0,1.3296454791034058
25,U.S./North American Equity,118315898040.0,2509280920.0,1985160230.0,1.380691357506443
26,U.S./North American Equity,119362504490.0,2512873370.0,1784686820.0,1.392904766728397
27,U.S./North American Equity,117654475470.0,2399809590.0,2125730730.0,1.3729728645466046
28,U.S./North American Equity,118360050340.0,2125077540.0,1339590280.0,1.3812065942585101
29,U.S./North American Equity,122504099020.0,1858981860.0,1634652530.0,1.4295657099170636
30,U.S./North American Equity,124543670960.0,2077307980.0,1662111220.0,1.4533665633714203
31,U.S./North American Equity,128501520690.0,2233231970.0,1513436330.0,1.4995528241110612
32,U.S./North American Equity,133750800200.0,2134211040.0,1554537770.0,1.5608094681686704
33,U.S./North American Equity,133401417790.0,1879341860.0,1607566060.0,1.5567323383666494
34,U.S./North American Equity,126313241280.0,2465959690.0,1588556770.0,1.4740166238265073
35,U.S./North American Equity,130018373590.0,2123806780.0,1924547110.0,1.5172537901209762
36,U.S./North American Equity,120366679900.0,2163889660.0,2252219780.0,1.4046230254998324
37,U.S./North American Equity,126712749920.0,2632923450.0,2200160030.0,1.4786787033579551
38,U.S./North American Equity,132197638870.0,3184615150.0,2313797170.0,1.542684799711865
39,U.S./North American Equity,136355607920.0,3022425180.0,1875059740.0,1.5912063595970243
40,U.S./North American Equity,143019585780.0,3121535760.0,2444824870.0,1.66897187370237
41,U.S./North American Equity,136503538100.0,3238331480.0,2123223400.0,1.5929326358153844
42,U.S./North American Equity,141902163110.0,2293823660.0,1917119720.0,1.6559320722157669
43,U.S./North American Equity,144832975980.0,2211405800.0,1986442210.0,1.690133291723137
44,U.S./North American Equity,145267909460.0,3589317670.0,2000875990.0,1.695208762618208
45,U.S./North American Equity,144964612990.0,2264831380.0,3115179480.0,1.6916694342453664
46,U.S./North American Equity,146696580090.0,2249554130.0,2120311710.0,1.7118806826580442
47,U.S./North American Equity,152955511570.0,2812677640.0,2745636110.0,1.78491949438848
48,U.S./North American Equity,154213359690.0,3498825570.0,2122862870.0,1.7995979953939205
49,U.S./North American Equity,158014910470.0,3379991680.0,2184711520.0,1.8439603202717942
50,U.S./North American Equity,149781648900.0,5413204860.0,2911389910.0,1.7478819970531698
51,U.S./North American Equity,135230651740.0,5693240330.0,4680740590.0,1.5780786455617188
52,U.S./North American Equity,150958949460.0,3608394450.0,2850363100.0,1.7616205455940428
53,U.S./North American Equity,159087434070.0,3137358300.0,2188156980.0,1.8564761705486612
54,U.S./North American Equity,161344022910.0,3812230600.0,2644268070.0,1.882809510027521
55,U.S./North American Equity,168987804260.0,2990641090.0,2091190551.0,1.9720088739629236
56,U.S./North American Equity,175717542080.0,2917256150.0,2234772660.0,2.0505417761365345
57,U.S./North American Equity,172241199290.0,2434695000.0,2888501470.0,2.0099744768522054
58,U.S./North American Equity,168231881140.0,2710440100.0,2527595700.0,1.9631876036517228
59,U.S./North American Equity,184031145170.0,4204483040.0,2134349630.0,2.1475576474290063
60,U.S./North American Equity,190406300910.0,3981946809.81,2263708150.0,2.2219527420763865
61,U.S./North American Equity,189127226460.0,4372726670.0,2946226180.0,2.207026539698028
62,U.S./North American Equity,193220262660.0,4730719230.0,2599680330.0,2.254790363502927
63,U.S./North American Equity,198358989160.0,6765410880.0,5586446550.0,2.3147569054864965
64,U.S./North American Equity,206127305120.0,4023881230.0,3068805430.0,2.4054095302480922
65,U.S./North American Equity,205591042350.0,4405151240.0,2636485830.0,2.399151593790211
66,U.S./North American Equity,217132203470.0,3950067420.0,2064082540.0,2.533831562230177
67,U.S./North American Equity,224506002890.0,3812090870.0,2507777930.0,2.6198803629394276
68,U.S./North American Equity,234892759380.0,3886993820.0,2190858000.3,2.7410889676648775
69,U.S./North American Equity,225804855800.0,4244139960.0,2800473080.0,2.63503737072297
70,U.S./North American Equity,237542995900.0,3621827280.0,1905413410.0,2.772015992005046
71,U.S./North American Equity,242361373090.0,4721101680.0,3142942910.0,2.8282442069249885
72,U.S./North American Equity,250230209550.0,5193725080.0,3310634650.0,2.9200698590472465
73,U.S./North American Equity,237983245260.0,6142276610.0,3404771290.0,2.777153496740836
74,U.S./North American Equity,231174489810.0,4561796490.0,3150269450.0,2.697698495672326
75,U.S./North American Equity,236979351930.0,4516030490.0,3608776530.0,2.765438529711462
76,U.S./North American Equity,220862946420.0,3255830310.0,3218606110.0,2.577367592750789
77,U.S./North American Equity,217619482300.0,3673490480.0,2746221740.0,2.539517878950263
78,U.S./North American Equity,201867745610.0,3125542570.0,4725661240.0,2.3557024570680105
79,U.S./North American Equity,218478972440.0,2359961690.0,2710415470.0,2.549547728089884
80,U.S./North American Equity,214027480010.0,2894844070.0,2731325260.0,2.4976008872348325
81,U.S./North American Equity,203662431020.0,3036800560.0,2719664120.0,2.376645598911824
82,U.S./North American Equity,216540945420.0,3421478750.0,2987581995.56,2.526931856499886
83,U.S./North American Equity,226110465340.0,3322688230.0,3347046190.0,2.63860369154409
84,U.S./North American Equity,214315313900.0,3920498420.0,3603718350.0,2.500959774509526
85,U.S./North American Equity,223504512610.0,3103123880.0,3617900420.0,2.6081934383829726
86,U.S./North American Equity,222638896910.0,3243577501.0,3512728420.0,2.5980921068145992
87,U.S./North American Equity,225836154340.0,3424301430.0,4996032230.0,2.635402610089754
88,U.S./North American Equity,228403717760.0,2060983640.0,3188129460.0,2.6653648779047283
89,U.S./North American Equity,227403933470.0,2175596070.0,3454373090.0,2.6536978614560423
90,U.S./North American Equity,235863393530.0,4047048200.0,4680644230.0,2.7524158155729457
91,U.S./North American Equity,240951761400.0,2580867630.0,3651356280.0,2.81179469582746
92,U.S./North American Equity,241211782620.0,2933778280.0,3706959730.0,2.8148290222127517
93,U.S./North American Equity,229653967910.0,3028166890.0,3551115560.0,2.6799547141433253
94,U.S./North American Equity,226556559800.0,2844007520.0,3387298880.0,2.643809405871215
95,U.S./North American Equity,242881407840.0,3970649710.0,3336076150.0,2.8343127699568584
96,U.S./North American Equity,249124488300.0,5490402000.0,4425483070.0,2.9071666076754816
97,U.S./North American Equity,260202170381.97998,5067119348.610001,3378883826.269999,3.036437991869539
98,U.S./North American Equity,279947989266.5599,7061452049.159998,3809373191.51,3.2668624904572945
99,U.S./North American Equity,291017008905.22986,6285256446.219999,3594049316.450001,3.3960327879773615
100,U.S./North American Equity,285123900448.41003,5807371321.86,3295656574.7400002,3.327262960338235
101,U.S./North American Equity,297189632694.9098,5859313940.48,4614290380.89,3.468064429208437
102,U.S./North American Equity,306105579871.5499,7680151576.69,8731919741.290005,3.5721093751091915
103,U.S./North American Equity,315803309362.16016,6642349057.220001,3359565199.38,3.6852773560562166
104,U.S./North American Equity,318530781651.1602,5811883413.319997,3275669575.3799996,3.717105685804325
105,U.S./North American Equity,326349386120.71,4570019427.2699995,3344818404.429999,3.8083451540220206
1,Canadian Fixed Income,203305151590.0,3796649800.0,3694581420.0,1.0
2,Canadian Fixed Income,205318202340.0,3720387250.0,3226565300.0,1.0099016219424664
3,Canadian Fixed Income,208958767390.0,3949371150.0,3267244040.0,1.0278085220949122
4,Canadian Fixed Income,209619725230.0,3647244290.0,3375186175.0,1.0310595850159983
5,Canadian Fixed Income,212737361250.0,4812592980.0,3612168510.0,1.0463943465585255
6,Canadian Fixed Income,217452132630.0,5695526860.0,2961785250.0,1.0695849609779187
7,Canadian Fixed Income,221098197400.0,3983634430.0,3027837147.0,1.0875189126829543
8,Canadian Fixed Income,223075404700.0,4296851070.0,2794179263.0,1.0972442309276556
9,Canadian Fixed Income,224964872800.0,3934603690.0,2807076310.0,1.1065379850958257
10,Canadian Fixed Income,225069823420.0,4084451000.0,3114578780.0,1.1070542072337264
11,Canadian Fixed Income,224180819440.0,5515462620.0,4026340230.0,1.102681450453845
12,Canadian Fixed Income,225026398480.0,4761555710.0,4116145250.0,1.1068406123510566
13,Canadian Fixed Income,226087754490.0,5263944340.0,4041757870.0,1.112061119562504
14,Canadian Fixed Income,229303376460.0,5599965640.0,4121810130.0,1.1278778460195142
15,Canadian Fixed Income,232302407410.0,5301727380.0,3591226690.0,1.1426292230827382
16,Canadian Fixed Income,236673858510.0,4605450843.0,2897088220.0,1.1641311430577705
17,Canadian Fixed Income,238250808310.0,5049990680.0,3432489230.0,1.1718877089276811
18,Canadian Fixed Income,237173741140.0,5016063640.0,3539776240.0,1.166589923005502
19,Canadian Fixed Income,233754245670.0,3527793617.0,3088696880.0,1.1497704010049183
20,Canadian Fixed Income,235401829770.0,3307561250.0,3280599250.0,1.157874396831461
21,Canadian Fixed Income,233983906490.0,3501927990.0,3172244990.0,1.1509000370136662
22,Canadian Fixed Income,237170097840.0,3882613010.0,3558181500.0,1.1665720026529112
23,Canadian Fixed Income,237091251400.0,3864261600.0,4809849770.0,1.166184179524066
24,Canadian Fixed Income,235420160590.0,4193067120.0,4647958250.0,1.1579645609018578
25,Canadian Fixed Income,234815311950.0,5313648810.0,4902665920.0,1.1549894831172094
26,Canadian Fixed Income,232648248290.0,4434409930.0,4883060780.0,1.1443303156389044
27,Canadian Fixed Income,231869282830.0,3671487300.0,4241823310.0,1.140498806924502
28,Canadian Fixed Income,229540285080.0,3079429590.0,4017281020.0,1.1290431318873202
29,Canadian Fixed Income,229677757660.0,3446740570.0,4403339990.0,1.1297193202619131
30,Canadian Fixed Income,229979295500.0,2988396080.0,3899130340.0,1.1312024988121945
31,Canadian Fixed Income,229195437990.0,3142806790.0,3346279530.0,1.1273469275004513
32,Canadian Fixed Income,229570490390.0,3348176380.0,3572595909.0,1.1291917031840324
33,Canadian Fixed Income,226543316600.0,2825560480.0,3767074770.0,1.114301899525221
34,Canadian Fixed Income,220501622090.0,3024433690.0,5064442580.0,1.0845845290466603
35,Canadian Fixed Income,218700944110.0,3645099680.0,4449052920.0,1.0757275081304791
36,Canadian Fixed Income,216150384644.89,4036644860.0,6562035940.0,1.0631820342693266
37,Canadian Fixed Income,219000812740.0,4292837810.0,4479658370.0,1.0772024763133057
38,Canadian Fixed Income,221362520859.99,6064109540.0,4850207790.0,1.0888190443221322
39,Canadian Fixed Income,225536664235.96,4522575440.0,3574869300.0,1.1093504639311536
40,Canadian Fixed Income,227748539469.62,4982708540.0,3765459460.0,1.120230046747238
41,Canadian Fixed Income,230546479281.0,4904008710.0,3209450350.0,1.1339923139081929
42,Canadian Fixed Income,233269224930.83002,4300059900.0,3429672880.0,1.1473847224553255
43,Canadian Fixed Income,234287280666.86,7857020090.0,7298207991.0,1.1523922479807143
44,Canadian Fixed Income,236356647595.21,4936497090.0,5025025320.0,1.1625708731270326
45,Canadian Fixed Income,237869258994.33002,4947275480.0,2936889680.0,1.1700109767706945
46,Canadian Fixed Income,238919566740.0,5616939150.0,4443019830.0,1.1751771407240217
47,Canadian Fixed Income,242185523450.01,5057391360.0,3273574500.0,1.1912414493973031
48,Canadian Fixed Income,242428157370.0,5886617400.0,3923837760.0,1.1924348963812699
49,Canadian Fixed Income,249439194780.0,6091781810.0,3894062550.0,1.226920187851596
50,Canadian Fixed Income,250776184838.34,6432015190.0,3550965732.0,1.233496460257306
51,Canadian Fixed Income,232908633462.16,5610233691.0,11239148940.0,1.1456110759645706
52,Canadian Fixed Income,240472636860.64,3608150020.0,5454440680.0,1.1828162492684626
53,Canadian Fixed Income,242239437751.78,4290472930.0,3972687490.0,1.1915066384559587
54,Canadian Fixed Income,247832971549.77002,4956865915.0,3160012260.0,1.2190196343355237
55,Canadian Fixed Income,253572397094.9,5278507390.0,3578291874.0,1.247250230069293
56,Canadian Fixed Income,256291783160.95,5196500840.0,2490150590.0,1.2606261137829242
57,Canadian Fixed Income,259116909940.0,5884730800.0,3963084250.0,1.274522105876363
58,Canadian Fixed Income,258537020739.01,5409619350.0,3518690040.0,1.271669796446647
59,Canadian Fixed Income,265286892818.35,5614216840.0,4118943280.0,1.3048704902143695
60,Canadian Fixed Income,268400834310.0,5759600960.0,4139325540.0,1.3201870794266772
61,Canadian Fixed Income,270497099770.0,6928786450.0,3574613041.0,1.3304980107710414
62,Canadian Fixed Income,277733647570.0,7648808509.0,5457721750.0,1.366092523469833
63,Canadian Fixed Income,276274660260.0,7666741540.0,6189477180.0,1.3589161814116528
64,Canadian Fixed Income,279174375080.0,6348778300.0,4337417450.0,1.373179050784721
65,Canadian Fixed Income,281347395500.0,4731969550.0,3685997061.0,1.3838675178648974
66,Canadian Fixed Income,284366039820.0,5696268650.0,4492091861.0,1.3987153674958188
67,Canadian Fixed Income,287831691590.0,4944051670.0,3826089311.0,1.4157619191591484
68,Canadian Fixed Income,289868529720.0,4748854230.0,2845113020.0,1.425780544432883
69,Canadian Fixed Income,288026017830.0,5090066950.0,3372630041.0,1.4167177544563863
70,Canadian Fixed Income,287096923340.0,4424819980.0,4005594720.0,1.4121478039030737
71,Canadian Fixed Income,288242842780.0,5406821600.0,4752353064.0,1.4177842544850587
72,Canadian Fixed Income,291921100050.0,5512411220.0,5269815680.0,1.4358765519071026
73,Canadian Fixed Income,283621024830.0,5847072700.0,6459481240.0,1.3950508514509796
74,Canadian Fixed Income,280749174980.0,5615289530.0,5015907150.0,1.3809250419102967
75,Canadian Fixed Income,274934443630.0,6697084510.0,6325994260.0,1.3523240384210866
76,Canadian Fixed Income,266580902310.0,5485985800.0,6725230270.0,1.3112353534828596
77,Canadian Fixed Income,264184658720.0,6169191030.0,5844034560.0,1.2994489153564297
78,Canadian Fixed Income,254953368760.0,5755725690.0,6835081240.0,1.2540428354425448
79,Canadian Fixed Income,263205589080.0,4941629490.0,4530961900.0,1.2946331513074474
80,Canadian Fixed Income,256555082740.0,3292718950.0,4495843960.0,1.2619212092440613
81,Canadian Fixed Income,251912327910.0,4387297430.0,5349635400.0,1.2390848236744378
82,Canadian Fixed Income,249411383990.0,4587971883.0,5548438110.0,1.2267833945151632
83,Canadian Fixed Income,255880725220.0,7515277670.0,8286593600.0,1.2586042371224697
84,Canadian Fixed Income,252723958830.0,9670380060.0,9131862230.0,1.2430770044610653
85,Canadian Fixed Income,260469615040.0,8073897900.0,7803238440.0,1.2811756760855821
86,Canadian Fixed Income,257241852830.0,5743890909.0,4800033030.0,1.2652992352538743
87,Canadian Fixed Income,261210448710.0,7244610900.0,5382052960.0,1.2848196254110473
88,Canadian Fixed Income,264426132440.0,3899953600.0,3697855340.0,1.300636655647866
89,Canadian Fixed Income,259787639650.0,4153299760.0,3662168161.0,1.2778212338362518
90,Canadian Fixed Income,260904495450.0,4505296780.0,3988947010.0,1.2833147286703244
91,Canadian Fixed Income,259608399440.0,4723326910.0,4582938010.0,1.2769396024137414
92,Canadian Fixed Income,258253358380.0,3706340280.0,4235855730.0,1.2702745422841648
93,Canadian Fixed Income,251301977230.0,3850225850.0,5039514970.0,1.2360826829257818
94,Canadian Fixed Income,249466194290.0,5384595000.0,5286768300.0,1.2270529907333176
95,Canadian Fixed Income,258252972670.0,7861713460.0,8300652280.0,1.2702726450867894
96,Canadian Fixed Income,266831720170.0,6610404570.0,5980255090.0,1.3124690549313394
97,Canadian Fixed Income,266777713777.71008,6404883256.41,5435112662.330001,1.3122034129057067
98,Canadian Fixed Income,267842069489.92014,6106130566.26,5109905209.900001,1.317438674795954
99,Canadian Fixed Income,270208724548.4502,5062395976.79,4900049170.440001,1.3290795753831797
100,Canadian Fixed Income,266060892189.2499,6189824759.190001,5816000705.879998,1.308677572154235
101,Canadian Fixed Income,271983112181.24023,5290634579.519999,4391433569.4800005,1.3378072815869477
102,Canadian Fixed Income,279037307869.38,10353097356.609997,5519768945.710003,1.3725048563063813
103,Canadian Fixed Income,287185501483.2101,6197908565.030001,3954201794.4400005,1.4125834945017492
104,Canadian Fixed Income,288681347189.8401,6263309661.91,4688377062.73,1.419941132490415
105,Canadian Fixed Income,295134225932.37976,5916026933.530001,4252856887.220001,1.4516810008217056
1,Balanced - Canadian,152648776130.0,934291110.0,2313094020.0,1.0
2,Balanced - Canadian,149933883930.0,1253347890.0,1926340020.0,0.9822147791234964
3,Balanced - Canadian,154380653360.0,1144260440.0,1710789100.0,1.0113455035402648
4,Balanced - Canadian,154573824900.0,1138624810.0,1605208690.0,1.0126109676002943
5,Balanced - Canadian,156538325420.0,1171860950.0,1557393080.0,1.0254803830637171
6,Balanced - Canadian,156110099480.0,1206539530.0,1692010650.0,1.0226750809128808
7,Balanced - Canadian,159597756360.0,1173384930.0,1412566850.0,1.0455226724129256
8,Balanced - Canadian,159961801800.0,1259280090.0,1472150710.0,1.0479075290048314
9,Balanced - Canadian,160460407790.0,1331173610.0,1496493580.0,1.0511738898800433
10,Balanced - Canadian,159950588420.0,1356358000.0,1497513620.0,1.047834070309097
11,Balanced - Canadian,160189471920.0,1291042100.0,1806814830.0,1.049398992780513
12,Balanced - Canadian,161278097290.0,1336451370.0,1573588790.0,1.0565305623718269
13,Balanced - Canadian,161375687710.0,1701779760.0,1990460730.0,1.057169875849957
14,Balanced - Canadian,163681323510.0,1979141400.0,1633660630.0,1.0722740637671695
15,Balanced - Canadian,164411407320.0,1638660110.0,1864880400.0,1.0770568326075711
16,Balanced - Canadian,166070614710.0,1225058010.0,1518647780.0,1.0879262770411575
17,Balanced - Canadian,164779041420.0,1353235580.0,1674314880.0,1.079465198461005
18,Balanced - Canadian,162549712000.0,1196103140.0,1651599430.0,1.0648608925732106
19,Balanced - Canadian,160593750090.0,994412950.0,1417316140.0,1.0520474134246176
20,Balanced - Canadian,160477227220.0,942424360.0,1527994310.0,1.0512840737310143
21,Balanced - Canadian,161711117850.0,848781520.0,1523007860.0,1.0593672740113045
22,Balanced - Canadian,164475199930.0,989636400.0,1691891250.0,1.07747473710453
23,Balanced - Canadian,164461068870.0,1079986970.0,1824173330.0,1.0773821647278738
24,Balanced - Canadian,163005419130.0,965422580.0,1779866070.0,1.0678462236158381
25,Balanced - Canadian,160558874770.0,1357502720.0,2619703650.0,1.0518189456904885
26,Balanced - Canadian,156425910970.0,1295736910.0,2021503020.0,1.024743957572141
27,Balanced - Canadian,154226154450.0,954337940.0,1929183570.0,1.010333383339128
28,Balanced - Canadian,152969686040.0,748367590.0,1902174030.0,1.0021022763374579
29,Balanced - Canadian,153122453580.0,845877340.0,1982278760.0,1.0031030543579111
30,Balanced - Canadian,152778032550.0,759638140.0,1870547570.0,1.000846757001772
31,Balanced - Canadian,152745909070.0,744556580.0,1604862660.0,1.000636316533041
32,Balanced - Canadian,151173093580.0,750259590.0,1606572220.0,0.9903328242295028
33,Balanced - Canadian,148503931210.0,659584890.0,1599133840.0,0.9728471788305061
34,Balanced - Canadian,140733764070.0,695061350.0,2092259110.0,0.9219449224417441
35,Balanced - Canadian,141165753910.0,832310640.0,1674622380.0,0.9247748818489004
36,Balanced - Canadian,135029705590.0,614813120.0,1682842010.0,0.8845777150221296
37,Balanced - Canadian,139453357700.0,822475420.0,1823595180.0,0.9135569981985154
38,Balanced - Canadian,141160649370.0,998065540.0,1543304750.0,0.9247414420786683
39,Balanced - Canadian,141923633370.0,844258060.0,1774623550.0,0.9297397396041606
40,Balanced - Canadian,143479332870.0,780375770.0,1621004740.0,0.9399311052963107
41,Balanced - Canadian,140074154070.0,836310570.0,1629684230.0,0.9176238265461684
42,Balanced - Canadian,141349353640.0,714783230.0,1439094450.0,0.9259776411153333
43,Balanced - Canadian,141151024320.0,795362020.0,1366965460.0,0.9246783885105755
44,Balanced - Canadian,140526064110.0,726556980.0,1466489530.0,0.9205842829052494
45,Balanced - Canadian,140869086130.0,729973780.0,1406430270.0,0.922831415366422
46,Balanced - Canadian,139332670410.0,1037989270.0,1817394450.0,0.912766377447667
47,Balanced - Canadian,142399119150.0,866949600.0,1396884440.0,0.9328546403066402
48,Balanced - Canadian,141609020670.0,1437574580.0,1432558250.0,0.9276787162014438
49,Balanced - Canadian,143111836260.0,1127942250.0,1757643580.0,0.937523640137946
50,Balanced - Canadian,136910163860.0,1236435120.0,2012635370.0,0.896896570879831
51,Balanced - Canadian,120498969870.0,764399800.0,2235033560.0,0.7893870683075748
52,Balanced - Canadian,127208585150.0,491328900.0,986972630.0,0.8333416642768599
53,Balanced - Canadian,128605402930.0,439660770.0,936545900.0,0.8424921980407888
54,Balanced - Canadian,129374272690.0,584814710.0,1098123770.0,0.8475290530978199
55,Balanced - Canadian,131674556800.0,502157930.0,1127687180.0,0.8625981821686027
56,Balanced - Canadian,132447601570.0,564356750.0,1361407810.0,0.867662387657821
57,Balanced - Canadian,130129340030.0,563425490.0,1591572550.0,0.852475488694244
58,Balanced - Canadian,126428998110.0,590129670.0,1314671640.0,0.8282346004682638
59,Balanced - Canadian,133706414480.0,740626470.0,1366170600.0,0.8759088534462396
60,Balanced - Canadian,134444495720.0,797601860.0,1427275550.0,0.880744013338851
61,Balanced - Canadian,132785739810.0,965815400.0,1535022370.0,0.8698775265444377
62,Balanced - Canadian,134607525420.0,1096035690.0,1446669390.0,0.881812018626107
63,Balanced - Canadian,137014667870.0,1086451680.0,1653206500.0,0.8975811751894719
64,Balanced - Canadian,138723379000.0,963872790.0,1201355450.0,0.9087749179322555
65,Balanced - Canadian,140447559030.0,964314990.0,1054509800.0,0.9200699972228464
66,Balanced - Canadian,142750862640.0,1145814870.0,1217505250.0,0.9351589069959483
67,Balanced - Canadian,144226140490.0,971406600.0,942589370.0,0.944823431582399
68,Balanced - Canadian,145931883310.0,1224500340.0,1206514200.0,0.9559977289678385
69,Balanced - Canadian,142901428590.0,960024380.0,1165027720.0,0.9361452624310667
70,Balanced - Canadian,145991386230.0,859601370.0,1050885970.0,0.9563875317655323
71,Balanced - Canadian,144391829990.0,1101102750.0,1406769080.0,0.945908861182299
72,Balanced - Canadian,147815207670.0,987234420.0,1548595490.0,0.968335360541092
73,Balanced - Canadian,144980039510.0,1182618390.0,1492967030.0,0.9497622135308239
74,Balanced - Canadian,143809114560.0,1561380360.0,1185319290.0,0.9420915005406143
75,Balanced - Canadian,144972583400.0,1364455580.0,1299953200.0,0.9497133686583721
76,Balanced - Canadian,139404527830.0,944355550.0,1164728900.0,0.9132371144022745
77,Balanced - Canadian,139638906090.0,1976090870.0,1179169330.0,0.9147725231093865
78,Balanced - Canadian,132105895800.0,1311039080.0,1467314070.0,0.865423877932011
79,Balanced - Canadian,137443839820.0,595384960.0,1018227440.0,0.9003926746386027
80,Balanced - Canadian,134222571260.0,681562040.0,1065381090.0,0.8792901893015656
81,Balanced - Canadian,129130382150.0,583485340.0,1174880690.0,0.8459313295773098
82,Balanced - Canadian,132022798340.0,505421210.0,1152746060.0,0.8648795076323813
83,Balanced - Canadian,136873268270.0,641510030.0,1279693330.0,0.8966548683851541
84,Balanced - Canadian,131658824250.0,686320520.0,1395309480.0,0.8624951184533287
85,Balanced - Canadian,136815739600.0,853266520.0,1510287240.0,0.8962779988716311
86,Balanced - Canadian,134679736030.0,997046460.0,1197616550.0,0.8822850693234706
87,Balanced - Canadian,134402117350.0,806178090.0,1415550800.0,0.8804663932289858
88,Balanced - Canadian,136152014580.0,655847450.0,1210746700.0,0.8919299455375201
89,Balanced - Canadian,131568845150.0,739265110.0,1319632400.0,0.8619056666261921
90,Balanced - Canadian,133290063190.0,753135670.0,1468566040.0,0.8731813419616704
91,Balanced - Canadian,133568688800.0,581279030.0,1292066450.0,0.875006614440519
92,Balanced - Canadian,131678115220.0,590401960.0,1367004540.0,0.8626214933283134
93,Balanced - Canadian,127057544290.0,529173360.0,1404792210.0,0.8323521977129658
94,Balanced - Canadian,124211872940.0,527357080.0,1465934900.0,0.8137102444517319
95,Balanced - Canadian,129848448330.0,606060230.0,1616055820.0,0.8506353710914616
96,Balanced - Canadian,133012066960.0,625769600.0,1528570860.0,0.8713601925424097
97,Balanced - Canadian,132430467453.52,831705441.0,1797975561.0,0.8675501423001157
98,Balanced - Canadian,133984928195.41,985153296.0,1577551460.0,0.8777333929051921
99,Balanced - Canadian,135673832644.33,744036994.0,1501996742.0,0.8887973823569102
100,Balanced - Canadian,131910569793.18999,721163472.84,1467196378.0,0.864144299990006
101,Balanced - Canadian,133912031444.6,790593973.13,1634991492.0,0.8772558473089672
102,Balanced - Canadian,132978393301.88,964846889.88,1895790015.0,0.87113959687847
103,Balanced - Canadian,137328190140.41,741836300.0,1346108839.0,0.8996350552031773
104,Balanced - Canadian,137349516508.24,727638973.42,1222652899.0,0.8997747639409128
105,Balanced - Canadian,139682008088.14,721757027.0,1220673336.0,0.9150548836970883
