Ticker,DBC,DBC,DBC,DBC,DBC,SPY,SPY,SPY,SPY,SPY,AOA,AOA,AOA,AOA,AOA,VXUS,VXUS,VXUS,VXUS,VXUS,XBB.TO,XBB.TO,XBB.TO,XBB.TO,XBB.TO,VTHRX,VTHRX,VTHRX,VTHRX,VTHRX,EEM,EEM,EEM,EEM,EEM,BNDW,BNDW,BNDW,BNDW,BNDW,BIL,BIL,BIL,BIL,BIL,XIU.TO,XIU.TO,XIU.TO,XIU.TO,XIU.TO,XBAL.TO,XBAL.TO,XBAL.TO,XBAL.TO,XBAL.TO,VFH,VFH,VFH,VFH,VFH,AOM,AOM,AOM,AOM,AOM,PFF,PFF,PFF,PFF,PFF,VGK,VGK,VGK,VGK,VGK,SWAN,SWAN,SWAN,SWAN,SWAN
Price,Open,High,Low,Close,Volume,Open,High,Low,Close,Volume,Open,High,Low,Close,Volume,Open,High,Low,Close,Volume,Open,High,Low,Close,Volume,Open,High,Low,Close,Volume,Open,High,Low,Close,Volume,Open,High,Low,Close,Volume,Open,High,Low,Close,Volume,Open,High,Low,Close,Volume,Open,High,Low,Close,Volume,Open,High,Low,Close,Volume,Open,High,Low,Close,Volume,Open,High,Low,Close,Volume,Open,High,Low,Close,Volume,Open,High,Low,Close,Volume
Date,,,,,,,,,,,,,,,,,,,,,,,,,,,,,,,,,,,,,,,,,,,,,,,,,,,,,,,,,,,,,,,,,,,,,,,,,,,,,,,,
2016-01-01,11.727625912321718,11.806276293514125,10.22453205344464,11.1683349609375,51971600,171.4027667465355,172.6081929861885,154.75748774832266,165.61495971679688,3712950900,35.458808780434325,35.778255669307384,32.41605865642869,34.324764251708984,4455700,33.79390717751348,33.79390717751348,29.87357089887103,32.40355682373047,29932300,24.1168259212219,24.368599111995874,23.964235491269715,24.093936920166016,1946000,18.96927074779098,18.976196525572163,17.791916265087906,18.47755241394043,0,25.719718557570253,25.842779097455345,22.65140148107691,25.079801559448242,1442936000,,,,,,76.78646087646484,76.78646087646484,76.75284817316562,76.78646087646484,24849050,14.469801842406024,14.538343125234082,12.999974370212513,14.408876419067383,78250400,16.16919423029161,16.23229308951385,15.451439296800526,15.96412181854248,61704,39.12989485686041,39.327231280768046,34.36096525844963,36.44942855834961,16979100,26.89751174635789,27.144498298314076,25.901602642253987,26.69832992553711,6811300,23.11774811904186,23.40440554030555,22.383188049900397,22.97442054748535,56648500,36.325173781124484,36.354743179292626,32.37774936225385,34.824562072753906,135807000,,,,,
2016-02-01,11.03725155677453,11.194552319285982,10.574089219100607,11.142118453979492,47421900,164.59756855117098,168.1454774962417,154.81729224091416,165.47813415527344,2920730800,34.13309677957311,34.48448927181776,32.471961987506674,34.08517837524414,1194000,32.14523071519972,32.39594832396974,29.94194035599269,31.605802536010742,21058000,24.121374327986178,24.54200644885314,24.090782158395523,24.167261123657227,1932500,18.456778015645757,18.477555352293376,17.653406158672762,18.394447326660156,0,24.66139676771609,25.424374376748393,23.463605106293198,24.87470245361328,1333275700,,,,,,76.76965773029904,76.78646087646484,76.75284817316562,76.78646087646484,17356700,14.325107253572002,14.667813759490231,13.517844815003244,14.469805717468262,76359700,16.01947078547085,16.154020558477313,15.560413861840678,16.066959381103516,42556,36.28499080770021,36.515214077291176,32.963182683183184,35.52031707763672,16621400,26.618654681405935,26.84970629059389,26.060945053435095,26.730195999145508,1804700,22.890807599362855,22.974415711530337,21.433629833643213,22.88483428955078,77431100,34.50668277692847,34.905861015350354,32.133794615018004,33.70093536376953,125393600,,,,,
2016-03-01,11.133378844621435,11.998531333315682,11.054728466847779,11.614019393920898,54068600,166.7178369536133,176.85718213449343,166.2390841496652,175.7030487060547,2323306500,34.40463190016859,36.42514427272932,34.32476788462229,36.1855583190918,965700,32.099634109203606,34.57643300430026,32.05404778663103,34.128177642822266,19133900,24.193915112352812,24.400897630285996,24.078925312003705,24.3319034576416,1278100,18.699172877719732,19.481767309529097,18.699172877719732,19.447139739990234,0,25.350534819455177,28.369629491816518,25.342330575002066,28.098894119262695,1559492600,,,,,,76.76965773029904,76.80327043359827,76.76965773029904,76.78646087646484,19732950,14.606887210155657,15.35322415237079,14.492652201053659,15.132369995117188,85128900,16.10526885053499,16.827941661984113,16.10526885053499,16.740585327148438,26783,35.816318777911384,38.60367632999404,35.816318777911384,38.118560791015625,10301000,26.873610610259167,27.78984819185104,26.82580587963993,27.72610855102539,1441300,22.941431486233245,23.51736643018169,22.86343958073126,23.415376663208008,49417800,34.247958382697725,36.376903389801704,34.1666439821689,35.866844177246094,99042300,,,,,
2016-04-01,11.421763999407322,12.785035387921152,11.16833544535509,12.741340637207031,49181700,175.60381553084198,181.2495979641069,174.52105303590088,177.30528259277344,1910635600,35.88207797351078,37.11195628543825,35.426863787985745,36.4091682434082,982900,33.552112361189685,35.83871699628384,33.08716895350964,34.9774284362793,14851700,24.4052869102425,24.54360426100093,24.213179804335986,24.33612823486328,1807900,19.44713994688338,19.88345340411754,19.218594551006987,19.64798355102539,0,27.499995055607574,28.993132941209275,26.85187390482473,28.213747024536133,1259961000,,,,,,76.78650141469765,76.82011413574219,76.78650141469765,76.82011413574219,13284750,15.033365238199925,15.703546475300973,14.827741350504585,15.642621040344238,73315400,16.699702781227916,16.970594178634915,16.516451787169107,16.859050750732422,46723,38.036046219756905,40.056170652878066,37.08782358419848,39.314083099365234,8907900,27.606597770876913,28.084632859153313,27.367577187465745,27.813745498657227,1672500,23.367521044120995,23.6268253326416,23.02982184734385,23.6268253326416,68852700,35.44468952872666,37.57820925266404,34.968922340818295,37.06527328491211,85133000,,,,,
2016-05-01,12.688908031913444,13.012247864672705,12.05970576722641,12.854947090148926,59706700,177.8123099920357,181.05198317151638,174.25468935916695,180.32154846191406,1828530900,36.576874228394544,36.752571981970924,35.65047315349198,36.64875030517578,683900,35.12986199554654,35.228948989841236,33.60545922361146,34.634429931640625,15021000,24.385322395828634,24.64719900275996,24.30059717914863,24.50855827331543,1090600,19.74494342291926,19.765720759141946,19.322480166425272,19.751869201660156,0,28.213750523341055,28.221956332626178,26.006860395132968,27.17183494567871,1426199200,,,,,,76.82011413574219,76.82011413574219,76.78650141469765,76.82011413574219,11477050,15.70354458414396,15.932014574573147,15.162830143015617,15.77970027923584,72042400,17.12257813734117,17.1465586062727,16.874772395950973,17.082609176635742,26288,39.4047821256834,40.52615744928771,38.64620340573921,40.31177520751953,13624500,27.925287246704105,28.01292772340152,27.431317242641306,27.9252872467041,1361100,23.65272588842384,23.99815368652344,23.56182517467972,23.998153686523438,47310600,37.28828342506932,37.38492450736973,35.66769990247335,36.87942123413086,82162300,,,,,
2016-06-01,12.75881829166521,13.623970816217081,12.741340058809772,13.414237022399902,50775800,179.7028024175514,182.62452768397358,170.7056304368368,180.0121612548828,2612406900,36.512986735256014,37.279662870455574,34.95567374116305,36.63277816772461,821400,34.497233746075146,35.808221071629255,31.707576765758716,33.90271759033203,22867000,24.611081631900237,24.97391700744629,24.580202746034622,24.97391700744629,1247200,19.772644580890805,20.07737223090174,19.073158123005058,19.821125030517578,0,27.065185388424297,28.599343169345296,26.162737241718304,28.18914031982422,1686201000,,,,,,76.80329895019531,76.83691166597474,76.80329895019531,76.80329895019531,16676150,15.726393472528619,16.213798431629577,15.147601082242936,15.657852172851562,62934500,17.082947046194064,17.331572109212512,16.922544122388896,17.283451080322266,29264,40.031437739723664,40.50967270478352,36.485914476196,39.050235748291016,10831000,27.917327700751592,28.283821560561346,27.287912350682426,28.124475479125977,2527400,24.00055421196318,24.30497525872607,23.781373009234443,24.286710739135742,61073800,36.6192326210716,37.68971143092807,31.764917711161083,34.68642807006836,177468500,,,,,
2016-07-01,13.422975635390388,13.58901551796668,12.321872774078296,12.479172706604004,41556800,180.94827223211297,187.91047703528434,178.85788414539047,187.5476837158203,1648453700,36.50500317671672,37.639047761316704,35.74631182769921,37.599117279052734,562000,34.37997393409485,35.90762946716687,33.230373007508014,35.86905288696289,15318200,25.046123716731266,25.301460972216997,24.945538996330345,25.177661895751953,1312000,19.876530274885024,20.458282470703125,19.724165786816297,20.458282470703125,0,28.62561474640357,29.973384360836448,27.558978086333372,29.940309524536133,1306270200,,,,,,76.8200892431501,76.83689880371094,76.80328609355819,76.83689880371094,9427700,15.927105943393878,16.448803283599457,15.773665032749541,16.3797550201416,40769700,17.340271465005927,17.79892490807319,17.291992235339677,17.62190055847168,23612,39.18564757535293,41.07690975704941,38.23171969848857,40.81976318359375,9739200,28.180243137775157,28.67421624132026,27.805783381616408,28.61844253540039,1637000,24.371289849233623,24.640384640814258,24.096082660354984,24.62815284729004,62402600,35.452448856653675,36.673117512481774,33.579748688652074,36.604881286621094,129763900,,,,,
2016-08-01,12.374305657048241,13.283152941650426,12.199527493357055,12.575301170349121,56035800,187.6082304489541,189.68998613448946,185.0686630225177,187.77235412597656,1519703200,37.85349111925637,38.48196445158581,37.47479407355013,38.03075408935547,639300,35.86904733154343,36.80261396662868,35.23637915272766,36.031070709228516,13031900,25.125233966092114,25.272572229193322,25.0321754184856,25.195026397705078,1358400,20.409800998617744,20.67990106805704,20.305916966198232,20.520610809326172,0,30.014727066809886,31.403838683664333,29.394588064792366,30.20490264892578,1607818000,,,,,,76.8200892431501,76.85370195330285,76.8200892431501,76.83689880371094,6756050,16.341391920463707,16.709649765112392,16.18795249323747,16.364408493041992,46702200,17.604292844571635,17.967517192532426,17.55586282969481,17.676937103271484,48014,40.80316298933216,42.171841238420946,40.25569232255584,42.1386604309082,7032600,28.75627839803448,29.037024944355128,28.515640686812862,28.844512939453125,2124600,24.748374413939704,24.779086744817533,24.45967334864668,24.631664276123047,65461900,36.400178075477925,37.56777460789547,35.86187159741584,36.85508728027344,71401600,,,,,
2016-09-01,12.496651861318284,13.143331539204617,12.391784954099537,13.117115020751953,34992500,187.76370371589792,189.36173474914077,183.3928894189074,186.83944702148438,2292393000,38.079103725074305,38.659234959502264,37.394228963928484,38.25636672973633,712200,36.15452155388272,37.20382097214579,35.305822109956154,36.424560546875,14571800,25.22760009765625,25.320865081845362,24.839004891106725,25.22760009765625,1084400,20.548312512546584,20.790709452197987,20.236659115715206,20.617568969726562,0,30.237968627680978,31.684959208485687,29.64263435080937,30.965599060058594,1779944900,,,,,,76.83690320930793,76.87051592138793,76.82009364778328,76.85370635986328,10558300,16.479077299142556,16.81128584546192,16.154594704316033,16.687673568725586,74957300,17.731849754551828,17.796623191430477,17.189369731233715,17.675172805786133,43844,42.21331535203343,42.304560989867554,40.181036789268845,40.94417953491211,22547300,29.01295057684846,29.133270927334767,28.39531508664804,28.948781967163086,1763900,24.673823327024113,24.72318208769599,24.19873319301147,24.371492385864258,64224300,37.052212423067154,37.99993631382042,36.02867177794314,36.946067810058594,81451000,,,,,
2016-10-01,13.134590763717995,13.501625309350736,13.055940384881266,13.073418617248535,41965800,187.36652400721596,188.13049672253516,183.36430104030114,184.5276336669922,1725687400,38.25637154522696,38.26443063207549,37.208914630715846,37.52315139770508,704100,36.62109540394091,36.79958312219085,35.363919367380134,35.93818664550781,9342500,25.299210263976274,25.314788952198878,24.894173284181374,24.979854583740234,1023100,20.589864227961066,20.589864227961066,20.25050906770545,20.257434844970703,0,31.031744050862716,31.57746606004645,30.080866465112493,30.709272384643555,1177911900,,,,,,76.85371961038186,76.87052917480469,76.83691645692943,76.87052917480469,5807500,16.687674751087865,17.04305970349107,16.40954637193775,16.903995513916016,56077500,17.536344050353417,17.72316057857942,17.398263738640406,17.422630310058594,53668,41.03586449147204,42.345874542888794,40.785544687422224,41.953704833984375,9630800,28.83648947045926,28.916701011067282,28.323128266869997,28.371253967285156,1475300,24.39532331759162,24.451091234294204,23.862430416599913,24.135074615478516,65410300,37.130472458484874,37.366779123839414,35.49920187971278,35.83460235595703,55088200,,,,,
2016-11-01,13.256937370141909,13.414238145377285,12.470435160781191,13.291893005371094,71894400,184.8575370927343,192.57550200682132,180.90741467625108,191.32534790039062,2073824400,37.84356592960742,38.04559221857775,37.01929830068728,37.81932067871094,1916600,36.023558562375946,36.07012174785272,34.673258747287974,35.21648406982422,15386500,25.0192850634145,25.11296018215393,24.386972800636283,24.465036392211914,1682700,20.17432860696312,20.451354438025838,19.980412110367688,20.402873992919922,0,30.825038268071808,31.14751000906108,28.137769554241586,29.353242874145508,1818438900,,,,,,76.8705115138637,76.8705115138637,76.80328609355819,76.83689880371094,13642850,16.950356876772727,17.383000020230757,16.564067987434264,17.189855575561523,75630400,17.400971747194443,17.6290751293591,17.22989536661742,17.53131675720215,53269,42.03715470996953,47.94471655296154,41.18606467149813,47.76115036010742,20648700,28.602043271553885,28.602043271553885,28.038376271168506,28.247739791870117,2501900,24.15102855317406,24.15102855317406,22.837998839578507,23.323383331298828,90639900,35.96419645447431,36.05566879726184,34.57685380614116,34.9961051940918,70754400,,,,,
2016-12-01,13.510365479645062,13.88613917078019,13.45793161186023,13.84244441986084,45407200,191.62923488727114,198.235942732513,190.2575384805026,194.06008911132812,1821910200,37.8839622928609,38.942577842834915,37.576881537576625,38.15871810913086,3265500,35.26302728334824,36.55124519001076,35.030217388956395,35.60448455810547,18412700,24.403045783017024,24.48128604738189,24.13702977956184,24.348278045654297,1941700,20.333622476359007,20.88767159521458,20.20203531527182,20.22281265258789,0,29.27055491363562,30.105673841851075,28.06334889125793,28.94808006286621,1138805500,,,,,,76.80329895019531,76.83691166597474,76.80329895019531,76.80329895019531,8497900,17.400996736180083,17.80548903564933,17.198749844608937,17.611021041870117,57864700,17.583699014409678,17.87785041489254,17.53467378099587,17.771629333496094,45434,48.11993371936466,50.623138257973956,47.8612712874881,49.521728515625,22679400,28.191375060633714,28.819462656457198,28.086696354445255,28.368528366088867,7080000,23.224754174987368,23.468566815120653,22.987192101482176,23.26226234436035,92110500,34.950379017524064,36.84082744007928,34.79792603222336,36.54353713989258,81121000,,,,,
2017-01-01,13.956050348061595,14.052178132732118,13.536581908737029,13.7637939453125,87742700,196.52252341686116,200.60074440241758,195.5095308157418,198.69699096679688,1482408500,38.56534298603948,39.57507572045537,38.48391092273781,39.233070373535156,2977900,36.12039249272912,37.73269840584475,36.04995174021783,37.3726692199707,18171500,24.31009292602539,24.576719871324563,24.161095163479096,24.31009292602539,1719000,20.817058164617,21.228294264625983,20.817058164617,21.107759475708008,0,29.596862249951602,31.461823832525944,29.521594599074007,31.227659225463867,990538100,,,,,,76.88737487792969,76.90418906592943,76.87055427474948,76.88737487792969,8165700,17.727698055076253,18.178863614811828,17.673245785798528,17.813262939453125,51348300,17.938754627744682,18.061679840959467,17.783050598119786,17.807636260986328,40077,50.319092183913355,50.83032930044354,48.82728483466276,49.81623458862305,21462600,28.5960831685554,28.936514349699582,28.539345153696352,28.83114242553711,6006300,23.496870727921202,24.17272137288267,23.48423771284233,24.06534194946289,75237700,36.772004568931365,38.20428434283811,36.718390130524995,37.80600357055664,66964000,,,,,
2017-02-01,13.807487747530825,14.043438051299763,13.632709590404206,13.737576484680176,41748600,198.69698040520825,207.23763981820224,198.07696036831473,206.50408935546875,1365136600,39.44478776392806,40.39752271926536,39.22492585115791,40.1858024597168,1496600,37.5996425370566,38.46841075874171,37.3648410412219,37.87357711791992,12992500,24.317563017488933,24.600507134986657,24.3097032504616,24.545490264892578,1786000,21.121939721502518,21.639529713243785,21.121939721502518,21.582807540893555,0,31.353112047198678,32.741379822180896,31.160758867729157,31.771265029907227,827221700,,,,,,76.85374108364248,76.90419006347656,76.85374108364248,76.90419006347656,5802350,17.852156274327125,18.334435901951203,17.704360234525698,17.712139129638672,74850300,17.830428763078082,18.175534186970886,17.830428763078082,18.109800338745117,40178,50.26880139740879,52.64060535014831,49.40556691139335,52.22993850708008,22605100,28.855465029320165,29.382321689514633,28.77441158559364,29.341794967651367,1520800,23.957968007952932,24.532757015496557,23.88848762085949,24.44432830810547,52791200,38.020449631438204,38.37277381026056,37.5226010105197,38.02811050415039,52206300,,,,,
2017-03-01,13.816228367216961,13.851184002446146,12.846208031142915,13.291893005371094,53019400,208.18080499627496,209.86623897629406,202.25997942741063,205.8666229248047,1921474100,40.478951605217034,40.86167453858312,39.94965716991212,40.66624069213867,1032000,38.16316322645536,39.31369436796295,37.69356026313049,38.88322448730469,15733200,24.474859539865946,24.703302788777425,24.28580383515361,24.608774185180664,1037400,21.74588610328449,21.788427399319552,21.476456091911217,21.760066986083984,0,32.03052293520967,33.644593960570845,31.26948451316797,32.94209671020508,1490290800,,,,,,76.87561419285116,76.92607753081576,76.87561419285116,76.8924331665039,8121550,18.015830914859446,18.203740313080253,17.63218237348724,18.02366065979004,77191600,18.165909468983923,18.289486426966285,17.968185089172444,18.190624237060547,62296,53.252410563302895,53.805548416590106,48.860803438444954,50.679466247558594,34384500,29.341793026656983,29.560641020630367,29.02568028824781,29.4633731842041,1909600,24.364344005538115,24.586529596668388,23.932667067078164,24.567485809326172,55319600,38.280872555983066,39.88165347266937,38.05109599203768,39.49869155883789,71556500,,,,,
2017-04-01,13.326847687581452,13.676404014876118,12.854946229029643,12.93359661102295,49194500,206.81479458816145,210.08628860945876,203.92920327092148,208.8145294189453,1549613700,40.674381027035544,41.30953552283453,40.21837083914778,41.195533752441406,1132600,39.00878698157271,40.01384333043636,38.5141094994208,39.8096923828125,12353800,24.687711128098293,25.066671469219997,24.687711128098293,24.96403694152832,992200,21.74588543483796,22.064948526201782,21.63244108065602,22.03658676147461,0,33.04244391713761,33.71149117338211,32.373399851146864,33.50241470336914,896440500,,,,,,76.87892929541174,76.94623565673828,76.87892929541174,76.94623565673828,8875700,18.070633810856997,18.415135048024244,17.890554195685574,18.133270263671875,68168400,18.197327043971406,18.502956290611777,18.197327043971406,18.362531661987305,45236,50.82089154047616,51.68624870359397,48.9305459826453,50.459625244140625,21912700,29.50390343062198,29.763278147604062,29.32558215320035,29.69843292236328,1552400,24.600005605126494,24.912608036815715,24.587245974536017,24.887088775634766,39490100,39.62816890674566,41.43785194773569,39.23543085801971,41.26073455810547,75525200,,,,,
2017-05-01,12.942336517086996,13.291892865705872,12.444217678545007,12.750080108642578,40050200,209.34076367473384,212.32283395673218,206.49026299256283,211.76150512695312,1492547000,41.496475133317965,42.15773899988148,41.227069028989554,42.05160903930664,1383400,39.982428598916954,41.262306911281506,39.91176339303974,40.98748779296875,18036200,25.027285413089086,25.217187109768847,24.916510681019673,25.193449020385742,964800,22.06494968685414,22.384011442637753,22.06494968685414,22.362741470336914,0,33.65295376360664,34.924136035383825,33.276615437634526,34.455806732177734,1208410000,,,,,,76.95297241210938,76.98663589927963,76.91930892493912,76.95297241210938,7437750,18.156761256268677,18.321181400856652,17.60869112090013,17.780941009521484,73118600,18.408818731676337,18.441943569421444,18.185230385742422,18.301166534423828,53665,50.69486820545622,51.45100772524015,49.06497137994949,49.644676208496094,13704200,29.81045106860565,30.27420511595092,29.761636813297557,30.257932662963867,2141600,24.99771191239817,25.061824067826443,24.837429078105526,25.029767990112305,51564000,41.39933682726503,43.532450397633276,41.27612462893668,43.28602600097656,120678100,,,,,
2017-06-01,12.750079315373862,12.76755671501338,11.963576329802953,12.627734184265137,34393800,212.22637202644867,214.89268083682168,210.46345166513578,212.0772705078125,1572753000,42.1169323987049,42.631251303888895,42.051620677434556,42.280208587646484,1091500,41.14453287339393,41.65491171722155,40.469259546039666,40.8068962097168,18016000,25.19360341865553,25.352202467422895,24.860543449958897,24.87640380859375,865500,22.49036246654313,22.6321685746599,22.47618293762207,22.47618293762207,0,34.54779750503608,35.15830042262387,34.20491221734283,34.61470031738281,1190107000,,,,,,76.94790678320133,77.0320935790074,76.94790678320133,77.0152587890625,5972000,17.91886159913138,18.19477926395779,17.564111604609117,17.682361602783203,87388600,18.455559492981916,18.58839369452933,18.156685288454895,18.19819450378418,53270,49.90513064412186,53.30775245964563,49.58587134341403,52.551612854003906,16777600,30.24165486979332,30.558962991529793,30.184702846221967,30.323017120361328,1585400,25.039339536789754,25.27768851172663,24.968479163557596,25.232593536376953,47838300,43.4015386079971,43.88668792284399,42.130910429268255,42.46204376220703,138430000,,,,,
2017-07-01,12.680167306078609,13.152068736372392,12.365565796944106,13.143329620361328,27136100,214.06335333339536,218.57588339680908,211.8247057062109,217.4918212890625,1055908800,43.26802059224245,43.84764804521294,41.65159302684411,42.85166931152344,891600,41.34939793156722,42.77004020261785,40.85733299293994,42.6351203918457,16319400,24.871587527014206,24.887483841571814,24.4105595345303,24.434406280517578,2328700,22.497452336869223,22.93704882663344,22.369827113272112,22.90159797668457,0,34.968328316543726,37.10238858126991,34.40540864945036,36.799922943115234,949944400,,,,,,77.01026464968888,77.07765649288926,77.01026464968888,77.04396057128906,4762700,17.769081872500006,17.93463159626129,17.445862952699805,17.698131561279297,64591500,18.311035212299497,18.377620336759122,18.069661970750655,18.0863094329834,51185,53.03633636891499,54.16710650208976,52.589093819728966,53.61859893798828,12760200,30.567090620601736,30.57522839560945,29.93248073067909,30.526411056518555,1590400,25.356596784861562,25.44073115546196,25.220689126140595,25.401899337768555,50426600,43.05594010918552,44.39143107129977,42.63420518033754,44.2820930480957,70704200,,,,,
2017-08-01,13.064680291167946,13.195764541625977,12.65395097318565,13.195764541625977,31315700,218.0999489957068,219.3779100879055,213.13791980120027,218.1263885498047,1557031500,43.32221527177032,43.50320540224829,42.631165755169896,43.388031005859375,1518900,42.96050940599245,43.0001915166824,41.91288594051267,42.86526870727539,16160900,24.469346171761902,24.843837311891903,24.453411574965173,24.764158248901367,945800,22.972505222705944,23.015045166015625,22.6747120959041,23.015045166015625,0,36.967958246127694,37.86695151980113,35.892527759124484,37.66530990600586,1053555400,,,,,,77.03547600284028,77.11975860595703,77.03547600284028,77.11975860595703,7340250,17.72965774790049,17.9582756683631,17.327606631784526,17.619291305541992,64449300,18.17273649698999,18.33126807656577,18.01420491741421,18.114330291748047,31445,53.9223977153105,54.57216397877554,51.57647593215942,52.53847122192383,11424800,30.77684761242426,30.948876089242532,30.51470808823938,30.91611099243164,2381500,25.433664922975506,25.5116840878461,25.05658221319041,25.388154983520508,54529800,44.610105375614694,44.758495240657666,43.54795951298904,44.313331604003906,71259400,,,,,
2017-09-01,13.16080904786082,13.702621788643354,13.117114297244411,13.457931518554688,27824100,218.5053573461285,221.50197004756484,215.8877339884277,221.42263793945312,1286405100,43.47851734714442,44.07907485961914,43.06717847673334,44.07907485961914,764200,43.063680428585215,43.87320816741512,42.50018660948967,43.43669891357422,11830000,24.728172732130915,24.808044398131788,24.272906216378843,24.408687591552734,1212800,23.043403504609728,23.34828567504883,22.9583209259161,23.348285675048828,0,37.816539775531105,38.61471224783039,37.04357490890742,37.64850616455078,1069822900,,,,,,77.12317102447741,77.17377471923828,77.08943308301873,77.17377471923828,5176900,17.76593379498359,18.456567302177664,17.464278737544458,18.37718391418457,60131800,18.15119123692084,18.268295288085938,18.034087185755745,18.268295288085938,17856,52.63129581440638,55.247251246221,50.56384804932605,55.15442657470703,11761800,30.94887521856926,31.153671911386578,30.81780546016416,31.104522705078125,2551100,25.42478846641543,25.450912658754838,25.30723209222819,25.346418380737305,36054100,44.52419850392672,45.641013436795674,44.0009371050552,45.55510711669922,48789200,,,,,
2017-10-01,13.326848025417654,14.174522348947804,13.265675874942376,13.991005897521973,24380000,222.7518030124645,228.42047193566032,222.57464654991108,227.7650146484375,1320624600,44.087310550556346,44.78658553822895,44.04617728156394,44.70431900024414,1197000,43.632228792522525,44.72542752163536,43.58435034276598,44.557857513427734,13521300,24.460665112351403,24.81296318048958,24.404618004795836,24.788942337036133,1038700,23.390829996406808,23.709890365600586,23.390829996406808,23.709890365600586,0,37.64850786217418,39.33727008694627,37.63170385931129,38.88357162475586,1030611000,,,,,,77.17888245574845,77.22952270507812,77.16199807963675,77.22952270507812,6383350,18.38511940538195,18.99636942487475,18.38511940538195,18.948740005493164,37702700,18.28854660696596,18.623961685923383,18.28854660696596,18.514951705932617,19741,55.561073869560985,57.47726718522664,55.35758631751103,56.82440185546875,13780200,31.120909718778517,31.317512812252577,30.97345583619806,31.260169982910156,2519700,25.38967061496699,25.38967061496699,25.081319815302088,25.25189781188965,57016500,45.53989290822085,46.2769355295128,45.29682422888197,45.94761657714844,53653300,,,,,
2017-11-01,14.078394518080307,14.46290563040406,13.947310275161218,14.122088432312012,60045400,228.55334028457463,235.64800565478035,226.41873181754204,234.72686767578125,1365620900,45.18201868070889,45.644071151212856,44.42293585146126,45.5698127746582,1155800,44.84512039293676,45.28399551156965,43.7918188906338,44.83713912963867,12011200,24.84945966296371,25.08222343123635,24.84945966296371,25.01801300048828,1325600,23.731162293638988,24.064403533935547,23.568086217594605,24.064403533935547,0,39.2364406826526,40.269862594648465,38.186214771473644,38.732330322265625,1050700800,,,,,,77.23285378670612,77.28352944885299,77.21595760331991,77.26663970947266,5826300,19.02812186642516,19.115443730384683,18.782034766489698,18.948740005493164,58827700,18.519367529741306,18.72952825967207,18.494149005624326,18.628652572631836,59916,57.07875242866525,59.605414261970054,55.298222221471136,58.82536697387695,9703400,31.566771276020727,31.706630902903743,31.237695523836898,31.665496826171875,3188500,25.26083286709383,25.517856319469352,25.056530949400486,25.412410736083984,44206000,46.0887646206259,46.14365062820107,44.700926305375674,45.92410659790039,63369300,,,,,
2017-12-01,14.200740211432057,14.56777479433864,13.746316124630356,14.515341758728027,46746200,234.50545527720476,237.90664902348462,230.96254174604425,236.36546325683594,1715222900,45.52029439516016,46.535159662024874,44.41467485893273,44.455928802490234,1343100,44.72542667120131,45.515404335382186,44.18281642678539,45.33187484741211,14315400,25.022167655683432,25.255492533934984,24.893436370869203,24.933664321899414,1193400,24.036046158611697,24.32674748055406,23.844608306884766,23.844608306884766,0,38.63151919344742,39.75736177999138,37.850150663717265,39.589324951171875,1053812000,,,,,,77.2835588387267,77.3173706411815,77.23284435951547,77.2582015991211,8096500,19.098922710540652,19.330667696316656,18.8671792489615,19.298702239990234,62942900,18.683447000378877,18.91098663714148,18.683447000378877,18.76772117614746,57633,58.94406686489032,60.32610255882012,57.528121978702316,59.38496398925781,14533300,31.533874000646627,32.052169149642424,31.229474850288174,31.295291900634766,4139200,25.413297636462012,25.5391404493243,25.181485917860275,25.214601516723633,52082600,45.728084044949426,46.5827414325929,45.35956114656113,46.37887954711914,60848400,,,,,
2018-01-01,14.576512696524393,15.109587125720783,14.541556231153347,14.943547248840332,98766100,238.44608089490566,255.17399292737974,238.0543662175908,250.96307373046875,1985506700,46.324233327273596,48.78309223091777,46.229990790398645,48.08913040161133,2008200,46.05806171556031,49.28059543539373,45.99361263925241,48.38634490966797,30287300,24.97773360251786,24.97773360251786,24.64706304414569,24.711584091186523,2288000,24.47797111656915,25.53436524857103,24.47797111656915,25.194292068481445,0,40.752204933366095,44.419735491262706,40.709559910191956,43.524173736572266,1287176300,,,,,,77.39177647630105,77.48490142822266,77.39177647630105,77.48490142822266,8345700,19.274737312231792,19.58639301396697,18.95508871904987,19.011028289794922,51482700,18.81422931535661,18.890264348487598,18.628368920392877,18.670610427856445,68152,60.017703641795215,64.32111959007383,59.39562320811479,63.0940055847168,17644200,31.969299868070085,32.72348848035166,31.851978655928527,32.43857192993164,4305700,25.453216781891072,25.506607027863016,24.912654543253886,25.10618782043457,74541500,46.776674559008065,50.134756031806795,46.68996301976849,49.25188064575195,96225000,,,,,
2018-02-01,14.961027346542078,15.100849891824286,13.99100698018258,14.506603240966797,70455100,250.22418796403227,251.99578819698937,225.163480672225,241.8379669189453,2923722000,48.06340815498151,48.17478595475611,44.16521784510875,46.28137969970703,1971800,48.22522173109075,48.46691116608719,43.66533625069891,45.848602294921875,22106900,24.763153058865065,24.763153058865065,24.52870023407861,24.72273063659668,988700,25.179819632287217,25.179819632287217,23.70376054525207,24.398378372192383,0,43.13183005320858,43.370644762257804,38.415220027848115,40.95690155029297,1919418900,,,,,,77.39181537638608,77.47647857666016,77.39181537638608,77.47647857666016,27314700,18.979054303763245,18.987045667426337,17.62055296497306,18.315786361694336,102357300,18.66257152798519,18.66257152798519,18.0018005024828,18.383014678955078,43550,62.99174463575296,63.758690897850805,57.24818085332777,61.381160736083984,18630600,32.33801221715779,32.48046888578984,30.955328379603493,31.68438148498535,4104500,24.94602061836464,25.092838694057264,24.372088238894058,25.046123504638672,66431300,49.10210817672108,49.3858903031195,44.43547511307056,46.224876403808594,115732800,,,,,
2018-03-01,14.436690896204878,14.873636734466652,14.340562278406138,14.838680267333984,51403600,241.62427178521867,249.63657205685587,229.53458571657504,234.270751953125,2323561800,46.26426454347985,47.335196593097436,44.979146083938744,45.83589172363281,1606100,45.832482519385934,46.678396954159204,44.5676383580136,45.55856704711914,14466100,24.7991848166366,24.977479050734555,24.645202519230885,24.87212371826172,1256400,24.22472469400642,24.81804211120729,23.834002660194603,24.195781707763672,0,41.25541986717583,42.79919427826152,39.97604977895424,41.17865753173828,1439966700,,,,,,77.47308806712881,77.58325958251953,77.47308806712881,77.58325958251953,16592100,18.453542476272276,18.928361173694196,18.1074880152708,18.405256271362305,86383700,18.536921542453833,18.621874367715108,18.13763795929786,18.316041946411133,49798,61.35558139565532,63.59676209777249,57.54642134377297,59.199615478515625,18626200,31.667610462471597,32.08660503372417,31.24861589121902,31.650850296020508,2279800,25.078700223119547,25.306749488745563,24.937846942226543,25.192726135253906,41254700,45.988395621261965,47.08410768292245,45.089754160822686,45.838623046875,102658800,,,,,
2018-04-01,14.803725286257132,15.45040491897037,14.489123753168933,15.345537185668945,50522900,234.67275807031135,242.4936940009365,227.62945590077098,236.42466735839844,1998466500,45.707372662163955,46.658360722213835,44.81635979590738,45.810184478759766,1159000,45.43343741214059,46.68538040460026,44.625731858146985,45.8857536315918,13850400,24.924037075424515,24.98902798300754,24.57471036610121,24.71281623840332,772000,23.877415410625638,24.59373908741256,23.877415410625638,24.253665924072266,0,40.89719106347273,41.20424035461464,39.2425372731204,40.0186882019043,1295042500,,,,,,77.55699149534868,77.6502911035479,77.54002440055757,77.64180755615234,29113200,18.397215688242046,18.823746816715172,17.9063008807632,18.694982528686523,63991500,18.299760052398746,18.512746024241263,18.206045837918897,18.410511016845703,62696,59.33384584687614,60.710521576350594,57.29021050162662,59.18848419189453,9766000,31.592185478362172,31.79330104528999,31.039112874299224,31.39944839477539,2753200,25.200894754281325,25.241322350483127,24.89093528434323,25.018962860107422,45258500,46.09417573712878,47.87647334593017,45.16738243098956,47.05265808105469,75581600,,,,,
2018-05-01,15.266885159923124,16.140776731759235,15.188234785112602,15.756265640258789,52621300,235.85259827625276,245.13046679875856,231.54437349827944,242.1719207763672,1606397200,45.81119941642538,46.91953567911915,45.36442813353739,46.129093170166016,1045900,45.81305910951585,46.74191862969057,44.5449616611214,45.134586334228516,12651700,24.707937440519117,24.984822821457126,24.504345340022606,24.911529541015625,2225500,24.24643051780641,24.666095537241258,24.15960431936147,24.441791534423828,0,39.779880503278065,40.75220125987074,38.4834517432857,38.96961212158203,1498386800,,,,,,77.63757430829988,77.76494775873091,77.63757430829988,77.75645446777344,25807000,18.686928447210622,19.55608787417412,18.622546324287065,19.17784309387207,63354400,18.435220708048696,18.674416436700554,18.426678234362857,18.5719051361084,22122,59.120080307070786,61.65966249148075,57.324418179058775,59.09442901611328,11471800,31.49630181343157,31.875066125012374,31.336380531128306,31.70672607421875,1804000,25.008201518961137,25.245084663519233,24.947288341527248,25.211244583129883,48740900,46.93383479556816,47.947763086640705,45.03271622806247,45.911983489990234,83899900,,,,,
2018-06-01,15.677616189259163,15.703831871196845,14.934807976064969,15.450404167175293,59727300,243.48585246527196,249.80517531366618,239.98206112759732,242.475830078125,1599001000,46.318117780903684,47.05700870419544,45.398800918898935,45.879940032958984,1065600,45.43344102273376,46.087683682675994,42.969939503509345,43.69687271118164,15404200,24.932493137284464,25.20190114600926,24.84268994866396,25.071277618408203,1095800,24.593741742954393,24.839751614457548,24.231962682517704,24.383909225463867,0,39.285186549906605,40.21486214819421,35.950295780564105,36.95673370361328,1612612900,,,,,,77.74539639674254,77.85591888427734,77.73689965621023,77.85591888427734,15057000,19.33932262239682,19.874274410046727,19.274480028317118,19.679746627807617,53236200,18.648136329080366,18.91368168171451,18.596740402094397,18.793758392333984,35711,59.69299141152943,61.394601280698026,57.21327050033711,57.67500686645508,16083300,31.68146770261289,31.93397610574416,31.420543744065277,31.58888053894043,1529300,25.225246613040028,25.68772100841435,25.218446663583197,25.646913528442383,37970800,46.29219488716034,47.06056392557182,43.70984579101819,44.462371826171875,92383900,,,,,
2018-07-01,15.328059142383331,15.415446967096575,14.524078820583743,15.074629783630371,56760800,241.97547326418078,255.31728565649271,241.7330403247823,252.58786010742188,1266892500,45.42457525402631,46.82503123432879,45.235559008013546,46.61882781982422,1078100,43.56336219972906,45.45777625595277,43.48170765667091,45.30263137817383,13800600,25.123367604580224,25.229752510868856,24.804209763954088,24.861494064331055,568900,24.354964056826315,25.006167411349054,24.326021072146432,24.897632598876953,0,36.58864524648734,38.683351627683116,36.511381432838945,38.511653900146484,1274024600,,,,,,77.85253626250945,77.96321105957031,77.8440278127354,77.96321105957031,14835900,19.76079900920784,20.085013530469578,19.566271224032445,19.96343231201172,38304500,18.930001697998648,19.033068958157425,18.818345770343747,19.007301330566406,95728,57.62365593243994,61.509366446429894,57.382949478411334,60.70127487182617,10639400,31.370033795460706,31.875050489295568,31.294280970303696,31.790882110595703,1900300,25.719634531326022,26.034124344880308,25.637594957698873,25.699125289916992,70726800,44.7698184426651,47.120600469452135,44.745584593026045,46.886329650878906,57658800,,,,,
2018-08-01,14.90859210966636,15.266887577511788,14.471646254555726,15.188237190246582,47572800,252.79433696805202,261.93428767528343,250.63953915923727,260.650390625,1308443700,46.82877593631096,47.68714601996656,46.005091514686455,47.3750114440918,1185100,45.22097966358893,45.2536396139023,42.66515243501665,44.21661376953125,14350400,24.863515478068628,25.0849988393018,24.838907258784126,25.07679557800293,804000,24.846984166553096,25.25941204451774,24.608208679228834,25.12917137145996,0,38.17684756651645,38.36571213147187,35.30950614089655,37.060813903808594,1539012100,,,,,,77.95212518718199,78.08852097063172,77.95212518718199,78.07999420166016,13650600,19.96343564626235,20.044489290115195,19.590591048896815,19.655433654785156,65292500,19.06008101380875,19.30985051374005,18.956727555349165,19.146207809448242,52772,60.9677597838152,62.33463770873881,60.05651220637134,61.5351448059082,8655600,31.886228068053097,32.318841069615225,31.750506024830784,32.2000846862793,1833900,25.72823969955188,26.07183265686035,25.611419352341994,26.07183265686035,51888800,46.692450084464525,46.79746857000121,43.83273869641944,45.561492919921875,72739400,,,,,
2018-09-01,15.205715567206264,15.747529166027972,14.838680978795733,15.70383358001709,28513800,260.22842519217846,263.90955321135067,257.4181979916903,261.0185241699219,1228103300,47.114909921309845,47.765189316631115,46.49931288753714,47.36635208129883,823200,43.685852474636505,44.7718760967384,42.62432771038665,44.09413146972656,15388700,25.087512058555966,25.145070831903187,24.67637617080846,24.807939529418945,1293900,25.020638674667914,25.24493990349659,24.80356905171061,25.13640785217285,0,36.47704570102835,37.35269791788586,34.8802623499437,36.84619140625,1380017000,61.8113347949414,61.86072886798793,61.38329260337981,61.556156158447266,536900.0,78.07573733250682,78.18672943115234,78.07573733250682,78.18672943115234,14418800,19.756774845450565,19.83025057663559,19.40572447582235,19.544511795043945,59751500,19.16431891208738,19.25068257369839,18.974315915168525,18.982952117919922,25396,61.440585399739774,62.73008975856876,59.540716431449404,59.63528060913086,7842200,32.12374326217144,32.25098410299996,31.826852281396906,32.140708923339844,1687800,26.077115750037965,26.077115750037965,25.524781292745633,25.6352481842041,57787300,44.971768936577725,46.530876725812526,44.22856889280688,45.41607666015625,56835800,,,,,
2018-10-01,15.721311319851107,16.298079702521022,14.821202278137207,14.821202278137207,49538000,263.45377154781653,264.44586620814806,234.35852102865525,244.08099365234375,3024345800,47.57442470890797,47.678471760908394,43.06582165444406,44.2449951171875,1789100,44.50819299377165,44.557425715644996,39.33033992919668,40.520179748535156,27285100,24.78628975481518,24.827505014741224,24.588461223774388,24.629674911499023,1086200,25.14364295223615,25.14364295223615,23.341982142053766,23.732704162597656,0,37.02647821741818,37.052231732852384,32.26188464522771,33.618289947509766,2020690100,61.408006533048145,61.506788431128875,60.930570112684926,61.268070220947266,212700.0,78.18500429160679,78.3132553100586,78.17645204922681,78.3132553100586,49185900,19.666966426614156,19.699621434748895,17.93620739525242,18.401554107666016,80967700,19.09566456615015,19.09566456615015,18.376869860846476,18.532752990722656,21923,60.187289589358045,61.35354122194866,54.062305033720136,56.72309112548828,24035700,32.17464553194223,32.191611195898076,30.452671088793075,30.817424774169922,2858700,25.668233586876195,25.668233586876195,24.829267115884782,25.058074951171875,98987100,45.84371847258526,45.876157721650884,40.66977889612312,41.99164581298828,131915100,,,,,
2018-11-01,14.891115311034227,14.934809229140411,13.239458870925601,13.361804008483887,53956500,244.9557644148855,253.6320280549533,237.26256734387974,248.6084442138672,2021061200,44.546462758301985,45.79884158821052,43.6680554667143,45.0508918762207,2590400,40.946889778002,42.14493426216663,39.95398689567086,41.20126724243164,21635200,24.640871025719658,24.93834683724332,24.640871025719658,24.897029876708984,1245400,23.957006153230434,24.33325664965695,23.42157201135104,24.058303833007812,0,34.15054882744435,35.79884253039189,33.60111868474916,35.26658248901367,1890392200,61.28246884061224,61.61225601190261,61.09283917281597,61.58751678466797,483300.0,78.32698198154944,78.46401023526117,78.31841608222577,78.4554443359375,47460200,18.466870271825954,18.89139482601591,18.328082949162564,18.68729591369629,73692500,18.58551123694431,18.90684957293046,18.463924202583517,18.70709991455078,32734,56.94769375930366,59.219731332302814,56.04924631858835,58.2435302734375,13515400,31.05427925461756,31.497668607714544,30.764374209223963,31.327136993408203,6663700,25.05441684364695,25.16583159970544,24.455561533706067,24.497343063354492,49286800,42.53498783432459,43.3702782997104,40.84007592258107,41.70780563354492,93618100,20.77299964174304,21.187299599752848,20.400130627791565,21.054723739624023,2144000.0
2018-12-01,13.693882605191806,13.929832923919188,12.531606744855486,12.662690162658691,52053000,252.7843094935585,252.8925329949605,210.82795438842192,225.40264892578125,3102780500,45.494443692652304,45.668382703580185,40.85020110265483,42.22433853149414,7350600,41.841316691683524,41.93157773523209,37.4101896757515,38.74773406982422,56426600,24.900431850653305,25.414014316353963,24.900431850653305,25.18207359313965,2668700,24.26813709863852,24.26813709863852,22.104697364664062,22.300058364868164,0,36.167998274214355,36.18516837873703,32.656792133460435,33.532447814941406,2142900300,61.61759892952836,62.40216574982325,61.48545791091881,61.76625442504883,491300.0,78.44687201643157,78.52407846736875,78.37825205897829,78.45545196533203,45327100,19.04846906536404,19.073154471883406,17.106595932352533,17.78954315185547,96671600,18.725811067421898,18.73452048101674,17.60226210674566,18.24677848815918,110014,59.00377629477154,59.219749111969136,47.65224225465935,51.28058624267578,31999500,31.43797113718366,31.54029397398109,29.97990486597008,30.423294067382812,18621400,24.568582304793043,24.596554750959257,23.26077373682551,23.93915557861328,111993600,42.275481320742074,42.29980920886456,37.95304916590958,39.42900085449219,170088400,21.2121587539056,21.303303672501414,19.67096236167049,20.24269676208496,378400.0
2019-01-01,12.6766723995804,13.924864196369477,12.6766723995804,13.738964080810547,59480300,223.14472654336444,245.36123062392684,221.0491749437165,244.87135314941406,2048691700,42.092798170139865,45.596881320066245,41.9000758692867,45.299034118652344,6077200,38.6494779239828,42.24072933299499,38.55824790543011,42.16608428955078,21547800,25.384584060785166,25.57557008538852,25.26833197342937,25.558963775634766,1477200,22.90962215316081,24.277360916137695,22.649454191696485,24.277360916137695,0,33.62661574316429,37.59140131899604,33.37391428389907,37.55654525756836,1804529100,62.67287849366864,63.2922464965915,62.455268921905386,63.26713180541992,357600.0,78.73635887185861,78.88269140338818,78.71913941679756,78.865478515625,56656500,17.64143227340241,19.31177206295454,17.534463757474352,19.295316696166992,76096100,18.492679716788892,18.990592808414522,18.134530833618737,18.964385986328125,254744,50.87799644629334,56.947529895148904,50.817127461048514,56.47796630859375,17068500,30.544698935492193,31.78984476456748,30.4416533555527,31.7812557220459,13043600,24.178155665205296,25.650363167541165,24.121533753582426,25.593738555908203,93125500,39.15626459487272,42.52743951911136,39.05831047401167,42.339698791503906,101696300,20.25213009894514,21.049915313720703,20.25213009894514,21.049915313720703,309100.0
2019-02-01,13.765520199502804,14.296665160383832,13.553062215150392,14.128469467163086,29344800,245.070777582635,255.19474884708075,242.9661467783065,252.80889892578125,1371716300,45.29904329052782,46.6481163784226,44.82599116748605,46.210105895996094,1863800,42.166082772671416,43.318931496943016,41.311814211435546,42.85447311401367,21715500,25.604150524260398,25.753980006504882,25.52091174660817,25.645769119262695,1429400,24.26992797662287,24.857161417444917,24.232758898275,24.745662689208984,0,37.277707590316595,38.105520859646866,36.37147316007434,36.98143768310547,1296965000,63.133186474386164,63.426127198806675,62.96579359918269,63.20851135253906,230900.0,78.7277605255558,78.85688018798828,78.71915079678061,78.85688018798828,34776800,19.295312987235512,19.887748452044775,19.196572958390878,19.665584564208984,44798100,18.99932455267923,19.471030739985643,18.89450058821085,19.357473373413086,518022,56.6084120200045,58.817097453607374,55.564941616608934,58.234493255615234,12710500,31.781243553022083,32.408112386672684,31.661023209831665,32.15049362182617,3691500,25.438029629454803,25.692835042439413,25.126602291368467,25.62205696105957,56037700,42.3723550999827,43.857958520858006,41.65404036570898,43.67837905883789,69724900,21.024979444324245,21.50697497165084,20.88370481122552,21.257667541503906,202200.0
2019-03-01,14.119617824001192,14.323224039701747,13.774373786428795,14.075355529785156,19125700,254.40559945469582,258.705556830561,247.13013912492505,256.2562255859375,1678081300,46.42911601875617,47.21753630672011,45.474252933002106,46.884647369384766,1704000,43.06181965451687,43.94097199619588,41.94214721852579,43.04523468017578,21232700,25.707380107440418,26.383232543392545,25.682349596713,26.19966697692871,2578500,24.834863285152682,25.191664334623457,24.515228479992942,25.095029830932617,0,37.277707261265526,38.34950633034746,36.06648725614182,37.39970016479492,1521679300,63.16313071465582,64.47938479831474,63.11283029230086,64.42069244384766,244600.0,78.87324446662355,79.01124346474543,78.86462446435672,79.00261688232422,31859700,19.920389578339865,20.25198125560264,19.729722980404162,20.028156280517578,49096800,19.436089975432502,19.855384168748937,19.374942940007212,19.6632080078125,586172,58.617090120512906,59.417084374334415,54.643194659663756,56.1214485168457,13365100,32.20202614941806,32.700085726226945,31.927235788337118,32.68291091918945,2733100,25.65702127722296,26.076576372192893,25.635685990265824,25.991243362426758,61870900,43.99671608747684,45.20478877441552,40.37249491285473,43.7599983215332,84487800,21.33246382305321,21.955734092618393,21.09146522466004,21.872631072998047,176400.0
2019-04-01,14.163879298143128,14.482567122660464,14.11961700648983,14.243551254272461,17050300,259.40765529769,268.29147872834454,259.13429020057595,267.899658203125,1209204700,47.138684650845235,48.08478546142578,47.04232181957914,48.08478546142578,1169200,43.566994937636935,44.70692495738929,43.55867249658577,44.38241958618164,22513500,26.29471715420884,26.29471715420884,25.993632101290896,26.185991287231445,1866600,25.265996715380908,25.69713020324707,25.265996715380908,25.69713020324707,0,37.90510222051329,39.07275377819944,37.77439364185415,38.2797966003418,1084607500,64.31831142409747,64.45266084411767,64.02443007546945,64.41067504882812,255600.0,79.00259116197758,79.14948272705078,79.00259116197758,79.14948272705078,28286100,20.14421602104955,20.890299384251005,20.077897675559875,20.790821075439453,50736400,19.86408205902119,20.259255671165455,19.828954888016693,20.189002990722656,552445,56.77905630417138,61.51792864223018,56.77905630417138,61.2556266784668,16488400,32.70007691313516,33.00062776589028,32.554092730540816,32.99203872680664,2205300,26.019634948275197,26.312632652291114,25.983904052876685,26.169706344604492,69263400,44.462691630891875,45.80084220426369,44.40522533004264,45.735164642333984,57583200,21.982112345559102,22.466336558254337,21.973763460052123,22.4412899017334,230400.0
2019-05-01,14.225846272744551,14.261256782132694,13.384866092135386,13.393718719482422,17572400,268.5375492824614,268.7471264618885,250.78811121040252,250.81544494628906,1845593200,48.306238715909316,48.33260903053304,45.88038100127265,46.03858947753906,1379700,44.47395201462897,44.58212154096537,41.71149167770464,41.977752685546875,24842700,26.28169405433502,26.667325794567162,26.147561136081187,26.65056037902832,3542100,25.578198436234686,25.71943129290789,24.745662689208984,24.745662689208984,0,38.34950847671125,38.645778397888975,34.6374237693033,35.47394943237305,1791642800,64.4071273335977,65.42478942871094,64.3314300648218,65.42478942871094,254700.0,79.15469807915032,79.3191909790039,79.14603881992657,79.3191909790039,29911400,20.782529972721978,20.83226833388966,19.920391527481492,20.00328826904297,142721800,20.268030212881193,20.268030212881193,19.714787010154094,19.749914169311523,637656,61.2643765474986,61.526678531348146,56.92769533000422,56.962669372558594,14509700,33.17039395712055,33.23948253467632,32.52270336699636,32.6608772277832,2113700,26.29204880387053,26.38541111937059,26.026328240846457,26.241777420043945,70433000,45.7844230741724,45.841889375348465,42.80437101575164,43.140960693359375,78845500,22.499729606405793,22.558170206089997,21.86522870968735,21.965412139892578,344500.0
2019-06-01,13.50880045725243,14.163879690313506,13.101588882386595,13.924863815307617,22589300,250.85188670316552,269.98627945127237,248.82910692896502,266.9703369140625,1340435600,46.03858726391286,48.56991605672618,45.941903938302225,48.473236083984375,1022900,42.21071320542044,44.523855965980104,42.08590519388308,43.89148712158203,26989100,26.764431243014364,26.957707786483162,26.69720510700707,26.898881912231445,2111500,24.790263550130636,25.972168336662726,24.790263550130636,25.94986915588379,0,35.77021695517838,37.6524012329147,35.45651902154611,37.390987396240234,1292335800,65.49119527155212,66.39260459596493,65.4322248083587,66.3673324584961,248800.0,79.31403231176198,79.4701625571651,79.31403231176198,79.46148681640625,51566100,20.159688870238206,20.86118605976946,20.042773202935166,20.58559799194336,45749900,19.767481699537203,20.28559786843068,19.688445987706952,20.004587173461914,462370,56.918940768160326,60.529931686853914,56.875228225136134,60.33757781982422,9540900,32.660879830704985,33.82672166811088,32.609063393408626,33.69718551635742,2288100,26.23547815749241,26.791070287630237,26.206615585215705,26.589035034179688,68192400,43.24769368729576,45.30007093847084,43.14918045610951,45.07020568847656,79164800,21.965413686067365,23.192672735371627,21.898624197100172,22.98395538330078,384100.0
2019-07-01,14.066503634700398,14.243551965926496,13.56191483541472,13.765521049499512,19635600,271.6381952080564,276.7197544451707,269.48654550991006,272.32489013671875,1110102300,48.79844172805968,49.000596251956665,47.72614061160105,47.92829513549805,1088600,44.9049234602443,44.98909581738909,43.18784911550311,43.51611328125,31017700,26.969496385859728,27.03687634158063,26.716814322642097,26.910537719726562,1506800,26.068800809986506,26.306668171726464,26.016767501831055,26.016767501831055,0,38.36972256776764,38.40484439853297,36.24489869809484,36.675132751464844,1045137500,66.3889070795023,66.88673641226211,66.17796113764287,66.84455108642578,298700.0,79.47534269433152,79.61439514160156,79.46665688916636,79.61439514160156,37400800,20.70251574809904,20.98645357651529,20.477034161878315,20.64405632019043,30035900,20.290209333071367,20.440573129669055,20.166381111654577,20.272520065307617,326566,61.28443665373332,63.13061690262787,60.85366282735212,62.33060836791992,10847500,33.80082371073205,33.88718446156826,33.403574139862855,33.541748046875,2128000,26.7763357082366,27.1315184350367,26.602370802755903,27.073528289794922,72582900,46.25000230205143,46.52579574213311,44.352865943039006,44.687164306640625,50829000,23.293551168033474,23.536628048679255,23.084001416318475,23.27678680419922,461200.0
2019-08-01,13.676995425216626,13.676995425216626,12.915687236525974,13.128145217895508,22624900,272.4805895222664,275.47456975043457,257.9409624949063,267.7652893066406,2034004800,48.46882709171592,48.86829613529823,46.65790640470163,47.91844940185547,1218800,43.5666065597484,43.911705142070595,41.218254358505476,42.57339859008789,44100300,27.014958585965665,27.69877588452917,26.981189114829043,27.462392807006836,2438000,25.9275678366963,25.9275678366963,25.295730355910468,25.845800399780273,0,36.68391429980816,36.96488226830684,33.997157682364225,35.2878532409668,1646912700,66.92872834853729,68.58505110066383,66.92028239324972,68.47518920898438,313500.0,79.63615428393595,79.76674950092841,79.62744616484348,79.75804138183594,68789800,20.65240717223888,20.777674186185926,20.03442185629116,20.58559799194336,56565100,20.325590417158274,20.387504530532095,19.936413121319386,20.307899475097656,365653,62.21630638524921,62.603127467675684,57.12612674209576,59.11296463012695,13525900,33.80012947467829,34.061470022470516,33.32971449477708,34.017913818359375,2741200,27.090336361098295,27.316029499541838,26.777279301458435,27.235944747924805,82293700,44.63702239645327,45.04653776732968,42.33872971828555,43.95171356201172,85216700,23.419279850645744,25.9841682710442,22.958269454336225,23.930580139160156,792100.0
2019-09-01,12.986506313376218,14.119616369743008,12.95994927727507,13.314045906066895,19845600,266.04386027920907,277.0859094397271,264.85357263405086,271.72052001953125,1303830000,47.652132470036776,49.241129494315324,47.57223867031509,48.75288772583008,947600,42.28721504815155,44.50089450109236,42.21987717950046,43.4824333190918,28903700,27.525040571858714,27.601193598124173,26.881973082779695,27.220428466796875,1979900,25.74916343661018,26.321532604698167,25.74916343661018,26.180299758911133,0,34.883961788979256,37.184388259658505,34.883961788979256,35.884910583496094,1193486100,68.47252413579245,68.65026414949874,67.20294707440225,68.07472229003906,379900.0,79.76244548426308,79.87581634521484,79.75372260154063,79.87581634521484,40192600,20.6314737069731,21.489716457078295,20.597816373304664,21.161563873291016,43946800,20.254830839833527,20.635161843719604,20.254830839833527,20.35212516784668,274290,58.68220457349504,63.11304149897187,58.10197281440653,61.539390563964844,11923700,33.91337596604452,34.322811567823486,33.88724290997357,34.226985931396484,2429200,27.23978737508975,27.451856187909783,26.910715560295152,27.444541931152344,70873700,43.60904519176895,45.72347275896338,43.56725870315693,44.80415725708008,67505200,23.930585007552413,24.140134794304142,23.570160717279354,23.888675689697266,456200.0
2019-10-01,13.331752367615488,13.845192948003055,13.039621567101014,13.570767402648926,23801800,273.86766131563263,280.13164387124806,261.9835825223973,279.00946044921875,1386748300,48.74402131928286,49.75600738206577,47.27930251072724,49.605098724365234,1104100,43.656918373009766,45.375427031716775,42.50560101825476,45.23151397705078,32877200,27.223658543515516,27.528971134093027,26.78265344530547,27.172775268554688,1501100,25.994471441222878,26.678339479364897,25.71200285191932,26.648605346679688,0,35.91125378240341,37.80778922975025,35.182490817052305,37.38633728027344,1216525400,67.94494380563725,68.47059955927703,67.49559594501032,68.01277160644531,670400.0,79.90898535099952,80.03130340576172,79.90024644256391,80.03130340576172,32993300,21.17839130715776,21.220461366924066,20.513673449734757,20.942794799804688,39002300,20.462221427594667,20.622150421142578,20.160129592832593,20.622150421142578,472094,62.17117833801111,63.94092432285934,58.51664855863059,63.206478118896484,13028400,34.14858680440391,34.40992736023631,33.625902369613655,34.366371154785156,2515800,27.430239089947854,27.694627395647853,27.217262111738005,27.56243324279785,77939500,44.92120609701696,46.95581653835483,43.306966824674404,46.804481506347656,79384200,23.99641962778723,24.198142259722943,23.324016198455613,24.1477108001709,488300.0
2019-11-01,13.650439766202485,13.977979398260642,13.50880109766199,13.55306339263916,20143900,280.47199084676583,290.18530387368435,280.30640163905036,289.1091003417969,1037123500,50.002085187381496,50.97291313673142,50.002085187381496,50.71461868286133,885500,45.53627417276315,46.230450233175134,45.41775678137916,45.6801872253418,27904900,27.193431316663382,27.388946435974777,26.878909884545987,27.312440872192383,1694100,26.81957313258038,27.235839615800028,26.81957313258038,27.131772994995117,0,37.78144609463526,38.85263855717284,37.35121536254883,37.35121536254883,1094594800,68.01000854065195,68.01000854065195,67.23736385730791,67.86566925048828,719800.0,80.02864997927348,80.11614990234375,80.02864997927348,80.11614990234375,31591100,21.01852001895373,21.70847919897923,21.010105686896132,21.540197372436523,33431200,20.684351350010363,21.20856726861065,20.6754649097565,21.12860107421875,650752,63.67546649487532,66.55130402602113,63.56043542400601,66.33008575439453,9463300,34.641167988766945,35.00018904782992,34.54484469529436,34.89510726928711,3080900,27.56169711138527,27.59857331869197,27.25930770991154,27.436317443847656,69038600,46.98102499304881,47.72929061168943,46.9305789306952,47.40980529785156,63883200,24.181328772817814,24.92097245330857,23.954392042400322,24.559555053710938,438200.0
2019-12-01,13.623882143495297,14.323223672640948,13.482242636787161,14.119617462158203,22127100,289.36655961401055,297.8381053479948,282.5047010449691,296.05364990234375,1285175800,50.687901568817324,52.04171695792746,49.90411299667401,51.658729553222656,1121600,45.71405031331687,47.441026322421116,44.98601121755586,47.14472961425781,33880900,27.239159489216227,27.409563018841062,26.9665125417333,27.01763343811035,1829500,26.975670816091416,27.77104030665945,26.923637510024538,27.0946044921875,0,37.46535003520426,39.686757038754365,36.850734806358176,39.39700698852539,1252794900,67.67397015703756,68.02262633502248,66.76405402547853,66.85759735107422,893000.0,80.13278110744672,80.20288344428343,80.09772659604614,80.12401580810547,26356300,21.72816830991796,21.897721582705913,21.33819804627746,21.668825149536133,37111600,21.11083514585355,21.31519136501958,20.870939884138885,20.96867561340332,363371,66.45397257622447,68.01135121898781,64.560344565009,67.49812316894531,7198400,34.84256432761656,35.39422854785716,34.606135373063665,35.140289306640625,3701400,27.42486335048697,27.847126007080078,27.172987131995132,27.847126007080078,86903300,47.33414684986239,49.410796975696485,46.560659655891065,49.26786804199219,53910500,24.559558101028543,25.34122808958669,24.02163535756325,24.1477108001709,861100.0
2020-01-01,14.363790891521036,14.660599665515821,13.041638349690787,13.113592147827148,34921100,299.0622509749844,307.7603309729719,296.12281576066323,297.3891906738281,1392003800,52.43932748051401,53.23045490560128,51.44142445149668,51.58526611328125,1687400,48.091160524535304,48.51068607455511,45.813744041943,46.062034606933594,43800500,27.148635773815062,27.797673742541193,27.114475023421985,27.73789405822754,2973100,27.920953782243156,28.27862297962756,27.66982650756836,27.66982650756836,0,40.6779890396667,41.53889802800029,37.55719139124626,37.763450622558594,1620647400,67.92434666059553,69.1582368403123,67.85531627414005,69.14097595214844,847400.0,80.3450281902007,80.43289033863469,80.33624733770995,80.42410278320312,30000100,21.76208024557893,22.525066761404208,21.61796044460238,22.109663009643555,40649900,21.250133988839693,21.72414869316122,21.14280996869975,21.42900848388672,611468,68.16978115254646,68.67724823636587,65.81050173772246,66.28235626220703,8989400,35.56271221123819,35.93334273121832,35.41269742034262,35.48329162597656,4476400,28.101421007423873,28.58708596459885,28.093947616394235,28.51236915588379,98434900,49.811597899964454,49.963797914334016,47.86682388089411,48.01902389526367,66042200,24.82718374186702,25.61192610721326,24.775441294069562,25.396337509155273,1111600.0
2020-02-01,13.005662020591803,13.455373707530999,12.106238646713413,12.241151809692383,25861900,298.8865363950089,313.42644451661477,263.9371038974755,273.8460693359375,2110214900,51.63020840382009,53.4102499929182,47.34192499076114,48.411746978759766,1460600,46.15621713811731,47.842876465932065,41.71268710215108,43.02262878417969,47526500,27.78252063982288,28.116321206613687,27.654137564518866,27.885231018066406,2236100,27.776368352056277,28.468874953755833,26.376134872436523,26.376134872436523,0,37.906933119047636,40.21166000555472,35.22555643525194,36.33756637573242,1561190400,68.99427369369394,69.85713355467026,68.68364361709462,69.84850311279297,1011000.0,80.3450281902007,80.43289033863469,80.33624733770995,80.42410278320312,45781100,22.126615504114884,22.931989415983903,20.227626502565833,20.753238677978516,64466300,21.509499457974197,22.037176143051916,20.38259730910707,20.641963958740234,707988,66.6384755179111,69.39838435738427,57.51296599241997,58.8573112487793,16034500,35.53624037846106,36.18042808430141,34.20373980048477,34.618492126464844,3742300,28.41522803964021,28.639384111213026,26.92086943055663,27.122608184814453,126828400,48.01902208717054,49.752407490518515,43.0894397279437,44.19711685180664,84499800,25.430830411398293,26.198325281525896,24.542604809872202,25.12038230895996,2428900.0
2020-03-01,12.349082696118987,12.69985812596456,9.362997324713636,10.118513107299805,57005000,275.64856142032386,290.0960597751498,201.74727616556058,238.24961853027344,5926017600,48.66348770533998,50.79414374834122,37.623625457741014,42.66707992553711,4574200,42.87707713125135,44.272634547449194,31.18176943918482,35.92496109008789,176915000,27.998236692946733,29.4993676711598,24.515613281601244,26.95173454284668,7192400,26.939275317725333,27.228451876724137,21.391610536233916,23.6441593170166,0,36.44517844107738,37.73654524031029,26.993107811379105,30.607135772705078,2293911600,69.8547161227762,71.35827370915966,63.94420122780922,68.65360260009766,2195200.0,80.44872763029142,84.4157507781326,80.44872763029142,80.59825897216797,208306000,20.861581737131363,21.4934919097796,14.71326399062494,17.63371467590332,344797000,20.749288734510156,21.259078666676686,17.19865613494767,18.853233337402344,1092787,59.008659473158,62.32055279414534,37.695031640192504,45.15569305419922,36988900,34.65379213291338,35.45682104010984,29.632655709484762,32.42119598388672,9262000,27.062829464565652,27.892198769123752,17.820222840981206,23.790184020996094,271302700,44.34085661687735,46.15034513191369,30.68515959880625,36.5955810546875,217752900,25.215239250146904,27.052054809517895,22.75752919391249,24.80130958557129,6871100.0
2020-04-01,9.992593701187639,10.649173231585412,9.407968832185388,9.803714752197266,29610900,230.5666186884529,274.17326726372744,226.7731182342366,270.0822448730469,2819312300,41.723099952509116,46.919382382736956,40.994899815241176,46.21815490722656,2850500,35.09060608784216,39.67548122267587,34.46383517885308,38.765377044677734,104968000,26.83438943173678,28.390630481004667,26.79999824321269,28.37343406677246,4016900,22.997309884054946,25.767337670535113,22.997309884054946,25.546648025512695,0,29.683449570906724,33.62928731792213,29.252995103751083,32.858055114746094,1060035800,68.5575233523651,70.08909701195417,68.13352282709637,69.89007568359375,860200.0,80.63971536169,80.63971536169,80.59568575063577,80.62210083007812,91958600,17.08720139073287,19.913719473233474,16.89933669657433,19.273269653320312,159514700,18.532310115708736,20.590457287792436,18.532310115708736,20.374757766723633,558199,43.35560630984914,52.08407889185305,41.921768612508046,50.013980865478516,22792600,31.865250133860325,34.071373755797175,31.547567793697016,33.73604202270508,6788400,23.039954642081874,26.064416752022062,22.214418542228415,26.004379272460938,130856800,35.764559950646344,40.07128818705652,34.86235904036935,39.21164321899414,116668700,24.78406627116548,26.060350440553023,24.36151279527949,25.732656478881836,4626600.0
2020-05-01,9.72276627505496,10.649172036230963,9.587852265058887,10.595206260681152,17181600,265.2752975146874,285.2934422714126,253.8204111234593,282.9504089355469,1910460500,45.731891665868,48.62791669662448,44.52296005271726,48.26704025268555,1582900,38.06992499973906,41.09216570711283,37.211334001346444,40.7057991027832,67451200,28.453207479194536,28.616928565553323,28.298101908071484,28.47905731201172,2481300,25.105273506639215,26.46745491027832,25.07483295272177,26.46745491027832,0,32.059918728647226,33.996965429680024,31.566689893934523,33.83554458618164,940132500,70.0764542350015,70.35377854616027,69.47847100296757,70.3364486694336,457500.0,80.65908113903141,80.65908113903141,80.6414566040039,80.6414566040039,68866900,19.017088359642873,19.93079641186563,18.658436433385088,19.640459060668945,86130600,20.212985054597784,20.976926718746917,19.952345753770967,20.88705062866211,374380,48.79522416039825,53.867418052639145,43.65133683886703,51.45677947998047,19961400,33.80729330625468,34.90729254026673,33.195193738029616,34.82745361328125,5762200,25.814427073073446,26.52374087376298,24.803280123566868,26.516193389892578,71866200,38.66691552691326,41.926748429662894,36.93060598375583,41.501182556152344,98365900,25.59467856300702,26.163832328925302,25.180748850486534,26.155208587646484,4264700.0
2020-06-01,10.550235921314583,11.260781220728889,10.541242339336883,11.07190227508545,21433400,282.29958135285665,300.69992130755764,275.9026953461431,286.70672607421875,2358674500,48.27605500356106,51.17207969768924,47.978334897254754,49.512054443359375,1496900,41.08356792234658,44.16590898427675,41.03205457120208,42.2169075012207,75788000,28.429030460605436,29.04217429931503,28.264951570975413,28.990358352661133,1851700,26.634875914107585,27.730709763789847,26.49028763278631,27.091472625732422,0,34.14941530908709,37.046016950687765,34.08663750433937,35.862266540527344,1264115100,70.21799679249627,70.85152584125193,69.83613931355731,70.77342224121094,1128900.0,80.65380859375,80.66262221105383,80.63618808196256,80.65380859375,90225600,19.855200850009922,20.863471150159835,19.579432801789707,20.294702529907227,126214000,20.878065368793834,21.42630412939006,20.653376822484603,21.075790405273438,724457,51.707705811879705,59.14572856948788,49.574874036579175,51.2596321105957,23159700,34.83633018021029,35.918590553249615,34.61455573550614,35.368587493896484,5143500,26.457347638098508,27.200488624848326,25.805202739414476,26.267770767211914,88520100,41.799081584494225,45.42490148224519,41.73098948468556,42.83746337890625,118757900,26.198327740116703,26.732988228401393,25.95686954428089,26.457035064697266,5480300.0
2020-07-01,11.13486082704677,11.737474521285877,11.035924570439201,11.638537406921387,25350700,289.0984258503864,305.5905896208928,288.63149039312225,304.9275207519531,1505145300,49.54815607848331,51.803625749388196,49.54815607848331,51.199161529541016,1303500,42.45917544127186,45.488273657156604,42.45054368414967,44.19378662109375,50717300,28.96616245664383,29.407533645629883,28.94885332943557,29.407533645629883,1750300,27.15235099369125,28.27101659807175,27.15235099369125,28.134037017822266,0,36.26879191287216,39.930849817039814,36.2417334819164,39.046905517578125,965914500,70.66960150058232,71.60815658305845,70.54793768954065,71.5994644165039,1087800.0,80.65379167019006,80.66260528564453,80.64497805473559,80.66260528564453,45398000,20.51014120974076,21.33744190448556,20.122345395948567,21.130617141723633,106893000,21.365546643375456,21.91732437153077,21.257000148935198,21.790685653686523,627539,51.78028269070079,54.28898119178507,49.66864331911121,53.16096878051758,19460500,35.377452589622905,36.35325857820373,35.324225516351525,36.20245361328125,3285100,26.257554866970032,27.568147659301758,26.22707528884777,27.568147659301758,61320300,43.16747373080884,46.38982427449269,43.116055364927774,44.710086822509766,91924100,26.533916691911653,27.492038485741716,26.421705015676043,27.3970890045166,4987500.0
2020-08-01,11.69250356342452,12.232157917146893,11.665521103065485,12.178192138671875,23916000,306.60847901795273,328.0688125407522,306.0574986459032,326.2104187011719,1045563300,51.815161101468945,54.4667589265387,51.53365442933155,54.030879974365234,881400,44.55625693689516,46.730996149646266,44.4354386404176,46.15279006958008,46697800,29.443322850443774,29.56473808271628,28.931642008497533,28.99234962463379,1863900,28.30145625932447,29.252701799267804,28.30145625932447,29.176603317260742,0,39.19121823860993,41.09440564831928,39.119057843551275,40.174381256103516,677100500,71.68483571235082,71.78925884248642,70.87557471075257,70.99739837646484,1010500.0,80.65379167019006,80.671418901099,80.65379167019006,80.66260528564453,35948700,21.16509053861979,21.923449768495548,21.16509053861979,21.44085693359375,66062100,21.926366363504517,22.270096307565378,21.926366363504517,22.14345932006836,468520,53.413636607987556,57.0413245383272,52.799997648084116,55.21845626831055,12792000,36.50707286981012,37.292748184036874,36.42671967397095,37.185611724853516,2402000,27.648102510473528,28.138126560115,27.487313916829994,28.099843978881836,73820500,45.21571897296215,47.32396012724858,45.08716979610199,46.63835144042969,74099100,27.5869904463947,28.199842089741967,27.405725023896196,28.027210235595703,5121100.0
2020-09-01,12.22316363987792,12.286123000802947,11.422676538050332,11.746469497680664,23044400,327.050898130369,335.0261630651388,298.6518825325618,312.7440185546875,1814712700,53.9582371362485,54.91172611986383,51.03421510721091,52.66876220703125,1722800,46.29948889920158,46.851802856214796,43.77092388995909,45.02225875854492,65802900,29.027470231896363,29.40117743213482,29.027470231896363,29.105688095092773,2493300,29.344020247705494,29.587538847024984,28.095983797479743,28.636293411254883,0,40.553211363001395,40.95910496675145,38.1449150487459,39.76848602294922,951238300,71.03482111009289,71.44432010597231,70.98254690543742,71.28749084472656,637500.0,80.6626162469762,80.6626162469762,80.64498901367188,80.64498901367188,42012900,21.628413480694768,21.967035243368578,20.647277823062993,21.16823387145996,91392700,22.143462643060506,22.43291939141817,21.519321155024556,21.881141662597656,1099237,55.03798354959288,57.22181394387014,50.255208131529116,52.79098129272461,16382200,37.10525345192662,37.61415582067307,36.024948765504746,36.64991760253906,3045500,28.134727996044376,28.265478460880097,27.327140549967673,28.034740447998047,102223700,46.66406674785835,47.32396302432308,43.57026863801677,44.93291091918945,113408400,28.208476971008103,28.69185474624364,26.7583469380432,27.345304489135742,4627900.0
2020-10-01,11.674514246439838,12.11523232379734,11.224802587804893,11.377704620361328,22823800,316.62120540162704,331.932348744108,302.4726881358898,306.1668701171875,1629016100,52.832207167262744,54.702857197301924,51.20673967495134,51.51548767089844,1135400,45.630863470525526,47.26363652916332,44.024140965953166,44.2673225402832,57006400,29.14972038409893,29.25422995037489,28.844896109203507,28.853607177734375,2620300,28.773275307382146,29.58754123385049,28.20252799987793,28.20252799987793,0,40.06614434714873,41.79795613901,39.48887489679408,40.327720642089844,939203200,71.17610012534138,71.55121651397768,71.10631613756877,71.1673812866211,665600.0,80.64499497644617,80.66262221105383,80.63618808196256,80.65380859375,34335700,21.281102696464384,21.828107050351004,20.195775151700257,20.430206298828125,66338700,22.011870770740117,22.702296308706988,21.484967342114704,21.584896087646484,575161,53.29814443505191,56.98389716839514,52.117978395488215,53.50694274902344,16064100,36.71241312508051,37.35523858596638,35.917811322488845,36.08744430541992,3476500,27.987543918772605,28.667341568610546,27.894845176880118,27.979820251464844,138618100,45.538017952038004,47.3219635044871,42.37517511077156,42.73713684082031,85863100,27.299594782350407,28.033455167014754,26.436230011389437,26.608901977539062,7115700.0
2020-11-01,11.35971690885516,12.68186946135559,11.35971690885516,12.53796100616455,29212000,309.5984949225548,341.6459628137764,306.82315175540344,339.470703125,1535244300,52.06625250281664,57.2746999719327,51.80218708110786,56.655513763427734,1273100,44.849216535882654,50.98949444001751,44.562614044268514,49.85176467895508,62727200,28.957940765506144,29.193584442138672,28.818300438163316,29.193584442138672,2584800,28.453652109942595,30.835571418573455,28.453652109942595,30.60727310180664,0,40.751656969415656,45.25255736447734,40.517139089924505,43.95370101928711,1003201600,71.32344317723496,71.78635446947048,71.0177410058381,71.77761840820312,674900.0,80.64498901367188,80.65380263032404,80.64498901367188,80.64498901367188,30886700,20.551767356565318,22.69637450043169,20.352067438148687,22.427213668823242,88482300,21.702996123536796,23.438146044126217,21.60306565442411,23.011171340942383,849052,54.22411620194236,64.32815899234059,53.788362792356324,62.26740264892578,13139700,36.311557789625354,38.3731894161521,36.311557789625354,38.104278564453125,3993900,28.162917062083203,29.412016638177466,28.09309152802865,29.27236557006836,101421300,43.23698707940167,50.786441195470864,43.00430137492082,49.74365234375,100404500,26.617532068441392,28.361527408270575,26.617532068441392,28.275192260742188,4172800.0
2020-12-01,12.573938222382765,13.257500185177243,12.430030621322235,13.22152328491211,42744200,342.76175460831,354.84752064230577,339.4426104885089,350.55328369140625,1344541500,57.283798787760254,58.63143821216141,57.09258045474924,58.44021987915039,1344200,50.77237080584046,52.822025748832154,50.55524639769397,52.248817443847656,83609200,29.158733296906576,29.342395782470703,28.9925629532464,29.342395782470703,2341300,30.850793565797183,31.505250909093732,30.805132738484364,30.858402252197266,0,44.72940046232782,46.90318243363962,44.512922721760354,46.605525970458984,860658600,71.59554391350503,71.93659945877286,71.42938625281113,71.88412475585938,964200.0,80.63618211983943,80.65380263032404,80.63618211983943,80.64498901367188,31507300,22.837174756608913,23.213419659718816,22.592177648584585,22.810924530029297,47228800,23.156524016144157,23.483568237636078,22.983917630169913,23.220115661621094,725747,63.37494478893383,66.18011364257714,63.147989671453196,66.13471984863281,9327800,38.31045704205237,38.87516180962003,38.19392919600975,38.722782135009766,3181400,29.38794233289889,30.0190176449717,29.216537694034717,30.003435134887695,89699600,50.55375584123181,52.91511581767386,50.183177414773276,51.9154167175293,74388400,28.326996311857926,28.637804829869186,28.145687226174424,28.335628509521484,3778600.0
2021-01-01,13.347442377003377,13.977038537516249,13.131580983300152,13.662240028381348,43154400,353.3940265557597,363.31855849962443,343.5165921373557,348.46002197265625,1402265400,59.157963402082665,60.798694842248864,58.23218607695758,58.64466094970703,1475800,53.67743804781668,55.50176751302508,52.66879205287021,52.89683532714844,76664400,29.342532663941448,29.377590256130716,28.89556006499428,28.9569091796875,2732800,31.48807701131289,32.41695079067417,31.48807701131289,31.534912109375,0,47.95311095008881,51.52544644727328,47.233178996547885,48.58191680908203,887349700,71.9848598385559,72.0374525772502,71.31865616802777,71.51150512695312,1188900.0,80.64763641357422,80.64763641357422,80.63882923063058,80.64763641357422,37019000,23.04717334466216,23.729664268349886,22.67967848866206,22.76717758178711,58881200,23.47136048382771,23.809669982551636,23.25191629762494,23.29763412475586,1234445,66.80014498808269,71.45212227691309,65.07279186752366,65.56632232666016,15912900,38.98083336469186,39.52198190421528,38.71025565439165,38.80044937133789,4689300,30.208957046101876,30.208957046101876,29.362854147707246,29.652721405029297,121678100,53.96409968921182,54.82801542558708,51.843582574241644,52.096649169921875,73063800,28.690201326486804,29.013839865915937,28.25285068633694,28.296585083007812,5165800.0
2021-02-01,13.860114199362945,15.497064482480932,13.725201034971214,15.04735279083252,60818600,351.8968623542892,371.15270926442395,348.75190295222495,358.14910888671875,1307806200,59.066313191475054,61.95362726645759,58.892155164068846,59.74460220336914,1398000,53.703756063163326,56.984045779279604,53.47571610659237,54.11598587036133,64815300,29.01734007469825,29.07003285657249,27.840486592544835,28.165437698364258,2646100,31.909588770943248,32.87749045577454,31.909588770943248,31.9564208984375,0,49.59345524155714,53.12022507718793,48.65480768406664,48.96465301513672,740350800,71.45889868563667,71.51149810695217,69.6882075496418,70.18785858154297,1244700.0,80.64763164531355,80.6564455507765,80.63001055742768,80.63882446289062,22015300,23.00342705772055,24.42965625106739,22.907177878245154,23.598417282104492,53836600,23.489643127961415,24.1936933999627,23.315916796954713,23.544504165649414,1153795,66.16037034702333,76.71642071111296,65.76737435752715,73.27999114990234,10647800,38.87260026236043,39.80157660860252,38.737314849983115,38.863582611083984,3363200,29.59789087979667,30.326478715692904,29.01815618602173,29.27668571472168,143900900,52.812218832112315,55.42141282243866,52.54169899997969,53.440521240234375,58166000,28.331578579807804,29.01384462254401,27.57933648990992,27.90297508239746,5039000.0
2021-03-01,15.110311811210726,15.739908851475306,14.651607405762839,14.939422607421875,73914000,363.0738075592707,374.8721280777465,350.1643989997231,373.1866455078125,2401715800,60.43205399121138,61.83446516076962,58.97464150596264,61.348663330078125,1480700,54.90533940205504,56.13325570901076,53.63357300403998,54.99304962158203,84634500,28.181749211538087,28.322569808327277,27.504049040293904,27.803293228149414,2751700,32.44037628173828,32.67454586337677,31.71444849431952,32.44037628173828,0,49.957978923566,50.422748644737325,46.9506587256343,48.6092414855957,1209235600,70.23288908690965,70.39963181584967,69.54837617187941,69.89063262939453,817600.0,80.63880352719809,80.63880352719809,80.62998962402344,80.62998962402344,24587200,24.090883339654713,25.209955493953753,23.764853822324866,24.84868049621582,77029600,23.681660895305665,23.846244031098475,23.14219366186834,23.64508628845215,1162524,74.55037097555045,80.3904693795481,73.81921338681379,77.22822570800781,19660800,39.00789478109988,39.48590950056632,38.502820222796814,39.27846908569336,4832200,29.487560223980232,30.203315734863285,29.220134923187132,30.20331573486328,101480100,54.051371295777955,55.883919018598846,53.143827371176386,54.97637176513672,86313300,27.92046668681944,28.331575713761076,27.308175084824295,27.955453872680664,4858700.0
2021-04-01,15.128301444005878,16.324534507703344,14.813502908187806,16.108673095703125,56258200,376.36442312533273,397.4499070847413,376.156590209205,394.21905517578125,1462106600,61.641971205469744,64.070987082833,61.614474047259826,63.31019973754883,1272200,55.620161240843935,57.68635646197055,55.53223946717926,56.657657623291016,61861800,27.908005913354458,28.1461593431027,27.687493852263167,27.81098175048828,2299600,32.75259529653298,33.62683260564153,32.75259529653298,33.40827178955078,0,49.3200647570028,50.43186336003734,48.354078998246464,49.192481994628906,741549300,70.06680159870935,70.39187882799763,69.84715645263188,70.05801391601562,648600.0,80.63880352719809,80.63880352719809,80.62117572084878,80.62998962402344,25681800,25.05134572054964,25.844388328715215,24.972041291665377,25.421432495117188,36782000,23.862337853483503,24.40424532321277,23.862337853483503,24.055221557617188,916309,77.47940330951646,83.24514050259076,77.45186109436364,82.4463882446289,14505500,39.31453525041338,40.216451632904594,39.31453525041338,40.02705001831055,3495700,30.22237699178051,30.82255874019325,30.21447815905868,30.561954498291016,74402300,55.642519963993514,58.91148465934275,55.60746323565887,57.851043701171875,78216800,28.092794462845983,29.335140023092972,28.092794462845983,29.116416931152344,2899000.0
2021-05-01,16.261576047355256,17.062062375781146,16.135657312235885,16.729276657104492,87034900,396.2311888985452,399.43370077892996,381.6546339325615,396.8074645996094,1547235900,63.65599637958712,64.54661216730538,62.223662873514165,64.36297607421875,1336300,56.982966420838736,58.609549350110875,55.77842073231906,58.398529052734375,61954400,27.845305104974987,28.01326138563983,27.686188806035045,27.977901458740234,2495700,33.50193724652403,33.767330169677734,32.79942866944215,33.767330169677734,0,49.156033366798304,50.12202269199166,47.151155240214536,50.0035514831543,715349100,70.00621181395275,70.31407212990085,69.66317398086714,70.15574645996094,554100.0,80.62118530273438,80.62999920695657,80.61237812155126,80.62118530273438,26742000,25.562418131656415,26.478822450643797,25.324504841665394,26.205663681030273,60101700,24.183814097287225,24.294031143188477,23.55924156857437,24.294031143188477,764931,83.14415245205544,86.54116827548549,81.97815424808694,85.85258483886719,11547300,40.22101260749797,40.51037213745252,39.633252571406764,40.41994857788086,3300200,30.666756508023326,30.801536560058594,30.032491212884292,30.801536560058594,80240100,58.43824063798631,60.6117114282114,57.27262925981565,60.42766189575195,115948000,29.12516529911637,29.57135890105161,28.44274703960762,29.28264617919922,2668500.0
2021-06-01,17.05306639132096,17.394848235005167,16.504419298323594,17.313899993896484,72680300,399.197573386423,405.0640889380475,391.7628693163498,404.3839111328125,1282152400,64.73943155159338,65.26278221262734,63.802904891847525,64.86797332763672,1293300,59.17225878738404,59.35689652301643,57.23794624208989,57.747901916503906,62587500,27.985274677157012,28.348489564526375,27.958697359897673,28.277618408203125,2092900,33.84539715477337,34.19665302025417,33.65025533813158,34.14201354980469,0,51.16091097448637,51.19736418610806,49.07401154013424,50.25871658325195,669951300,70.13549674142361,70.72546100375392,70.01222082744513,70.61099243164062,718500.0,80.61237530528146,80.62118248615688,80.60356140136719,80.60356140136719,19359400,26.69123433233227,27.223462670653493,26.62914133637779,27.08153533935547,44672500,24.275662431087774,24.698168356945853,24.192999210473236,24.688982009887695,799451,86.68807022026134,87.01859085990013,79.91241111693328,83.04316711425781,13390300,40.51942080575027,40.89920393504255,40.32048481453734,40.7364387512207,2561100,30.878435472408345,31.33217866345005,30.782908352547885,31.31625747680664,65951200,61.128778243136296,61.7072043004946,58.72744889831859,58.94654846191406,87180100,29.37013766987285,30.035057764403795,29.142667113817307,29.982563018798828,1877500.0
2021-07-01,17.610709216626464,17.63769253485281,16.351516863133444,17.538755416870117,60592700,406.47461866301137,418.72941359397316,399.9349389936882,415.6112365722656,1422104700,64.9781453877969,65.51986314085812,63.38973335958587,65.06078338623047,1232000,58.249934077748804,58.40058646826565,56.14963745973677,57.549835205078125,53222400,28.293569378310067,28.746337702089296,28.275813359344493,28.56878089904785,1428100,34.212260247459696,34.54790138875944,33.782945924905796,34.40740203857422,0,50.5062443297671,50.57031503781799,45.609391691067565,47.229469299316406,748211600,70.58410307823408,71.61549150926862,70.53121343321891,71.50971221923828,508500.0,80.60357861526924,80.61239252106583,80.59476470947266,80.59476470947266,19782500,27.28555420632989,27.41861086081241,26.460600579868245,27.312166213989258,52099700,24.83242450268468,25.33110514970493,24.82318821979599,25.118703842163086,707097,83.79183373993808,84.29893943604456,79.15414850485095,83.15565490722656,18108900,40.71834632120468,41.08004743382465,40.41994583531504,40.99866485595703,2253800,31.370577643608556,31.50644874572754,31.010914360207913,31.50644874572754,72221000,59.81083840595438,61.13996814830892,57.69309222396042,60.705787658691406,97378100,29.99057139379917,30.997261544252915,29.97306670083652,30.83094024658203,1941600.0
2021-08-01,17.502777765799536,17.574733281507882,16.09068336478759,17.250940322875977,60182100,417.3456385559576,429.4108940587458,413.3270587163956,427.979736328125,1254001400,65.7929931961053,66.78076485258472,64.85138192406595,66.73461151123047,1100100,58.02838131924457,58.53351506920505,56.27370227344149,58.391719818115234,50695200,28.75290397246083,28.824076156484857,28.405948059535014,28.51270294189453,1413400,34.469842745897864,34.930377450382295,34.227865874854466,34.92257308959961,0,47.6413548490092,48.318678250919966,44.95037463990838,47.970863342285156,792588000,71.59799286146306,71.80979998790232,71.15673811423423,71.25381469726562,520300.0,80.59477429502847,80.60358820187335,80.5859603881836,80.5859603881836,20429900,27.365391838625094,27.791173861096237,27.214593827511475,27.4807071685791,40927100,25.22028508773987,25.635851384666424,25.211048805635052,25.580442428588867,684976,83.58901826394403,88.69692231502476,82.13224795092569,87.40612030029297,9362900,41.26112922940571,41.58802254268257,40.91607825550709,41.53354263305664,2366500,31.55805061326819,31.80678995190627,31.229067248963933,31.61421775817871,93888000,61.11338096249208,62.37162204599008,60.44881615300052,61.804527282714844,76283800,31.023513371693365,31.4699597234439,30.77840766598863,31.38241958618164,2609300.0
2021-09-01,17.098036711455343,18.312258479205727,17.05306451827125,18.150362014770508,53466300,428.9275002852754,430.33968384132913,406.389283279319,406.7304992675781,1745559600,66.92846969706243,67.23311131843786,64.36211019281357,64.4451904296875,1197200,58.78164146375125,59.49059733276774,55.91035227713735,56.061004638671875,65003300,28.633832169461318,28.740810333215034,28.054380718460987,28.081125259399414,1552300,35.016240877930414,35.12551979643229,33.87661361694336,33.87661361694336,0,48.26375752340466,49.04176444011264,45.371410325727716,46.1128044128418,823629600,71.4468898265214,71.4468898265214,70.50156835113974,70.54573822021484,789200.0,80.59476470947266,80.60357861526924,80.57714362091974,80.59476470947266,31234700,27.786223792725707,28.143372848566184,26.902277537866606,27.12549591064453,51524600,25.60814348791761,25.783604873506675,24.832419927237034,24.86935806274414,847564,87.47987342430609,88.83522254364907,82.32586640241622,85.4238052368164,9258100,41.53353890025211,41.70606437169579,40.543780219064686,40.62550354003906,3822500,31.687462782171597,31.83244887645004,31.026971940525648,31.260560989379883,112988200,62.203260678948546,62.646303865437645,58.00321316391659,58.13612747192383,111872000,31.408688568802706,31.504981066295986,29.92053937871415,29.96430778503418,3208800.0
2021-10-01,18.2133240315471,19.652401828994364,18.141370227450437,19.20269012451172,82142000,409.7830468974967,436.95737906912046,405.390248779027,436.6626281738281,1508665200,64.53751266242651,67.05771184144493,63.605127849931065,66.9100112915039,1220900,56.449193890464834,58.694690547249415,55.25516184234117,57.990745544433594,54932400,28.219755087649286,28.246555088456763,27.79096529788465,27.80883026123047,1956400,34.07956009397641,35.04746462594232,33.79855545638543,34.96940612792969,0,46.10364911091946,48.16307362351171,44.9503729201681,46.60706329345703,774051100,70.66959113442206,70.7491906873741,70.02392107464688,70.36886596679688,1045200.0,80.59477429502847,80.59477429502847,80.56833929753492,80.5859603881836,18012100,27.134425277032634,28.884456529708185,26.991565652447736,28.607667922973633,39604200,24.9747345727281,25.4566211549788,24.743058061505796,25.37321662902832,649959,86.09587615365444,93.8578618096294,85.82694867591722,92.41118621826172,11892600,40.63459293145928,41.31561962863457,40.26229847555869,41.28837966918945,2905400,31.34117526522471,31.874848427983153,30.888363542004534,31.83441925048828,92917600,58.72254850515212,61.904207060086456,57.77785646346964,61.414039611816406,113929000,30.067807473906853,31.34728778946807,29.91006295905285,31.303470611572266,3526100.0
2021-11-01,19.346597309785743,19.445534431573627,17.27792248507869,17.520767211914062,77322500,437.66094543387646,450.24977913697495,432.90686160767046,433.1540832519531,1335351500,67.14887446462785,68.24982252510507,65.59458779134593,65.807373046875,1509000,58.25806066475471,59.00656179874909,55.041305982040136,55.522483825683594,62778400,27.7960158610566,28.154097955451828,27.563264890146456,28.02876853942871,1861500,35.12551702941027,35.523604912254385,34.43081283569336,34.43081283569336,0,46.57960320958517,47.72372788457633,44.254741032021215,44.70323944091797,791628300,70.27652646802451,71.13538722063231,70.09943655360318,70.84320068359375,572800.0,80.57712750266631,80.58593468366088,80.56831359863281,80.56831359863281,21169800,28.67016834506305,29.67911634372863,28.116586031234892,28.152301788330078,63588300,25.4010160865696,25.93850679929224,25.382482528686523,25.382482528686523,746084,93.00471075771375,93.90424891847326,87.40346902875915,87.4683837890625,12351700,41.33912478851274,41.930982400664334,40.974902047584465,41.08416748046875,4113300,31.819125213299213,32.02205330382225,31.064232468838572,31.177871704101562,100293700,61.672498854339075,62.58154820548021,57.85807354431795,58.4106330871582,103627200,31.23336548747252,32.03961573147938,31.189548302513185,31.54009246826172,2717100.0
2021-12-01,17.763612851380557,18.96884039220902,17.268930648054063,18.690019607543945,77665900,438.9350278570534,455.44119156058133,426.8406384779113,451.5998840332031,1927433900,66.35325463658073,67.75951122592139,65.28005306015507,67.37094116210938,2931500,56.29771692867594,57.375909166924764,54.47102689710622,56.645233154296875,89807000,28.05268370332358,28.644777297588206,28.034741058381066,28.519182205200195,2410200,34.23567675515822,35.3128602898665,29.989389419555664,29.989389419555664,0,45.408020657307304,46.149411212043944,43.156384135025476,44.7123908996582,961311700,70.78955908340744,71.1795863634565,69.42447036608912,69.54856872558594,890600.0,80.57712750266631,80.57712750266631,80.55949969459931,80.56831359863281,25722900,28.681204857439056,29.52556104036028,28.03446191001587,29.21117401123047,75769200,25.58635523112977,26.123845908256076,25.31761164597784,25.620681762695312,875914,89.01705490000937,90.7697602148703,84.8903163703478,89.55492401123047,16657900,41.12969755052516,41.62139724574268,40.91116666830787,41.40286636352539,4301200,31.319336086292687,32.117591857910156,31.148281943928342,32.117591857910156,99654500,59.16816368714946,61.137761349156925,57.902631455367136,60.81692123413086,168384200,31.636491768829938,31.925691232905944,30.146687288681427,30.269376754760742,5514700.0
2022-01-01,18.63605111290851,20.237025286491505,18.60007507113308,20.165071487426758,84865200,454.46501106117694,457.9763312882151,401.47114716146655,429.2848205566406,2485167800,68.03089527922116,68.38522030222093,62.68801227233862,65.28019714355469,3509200,57.80445983319314,58.64574565481585,54.00510506631742,55.87764358520508,105628500,28.201208647605142,28.354036428715,27.4640382409877,27.51797866821289,2645300,35.27751084664099,35.27751084664099,33.13975627611439,33.92879867553711,0,45.59060282108569,47.27191652773616,43.34265365347423,45.3676643371582,977508900,70.37396305768397,70.37396305768397,69.25905865498582,69.31300354003906,1021100.0,80.56831359863281,80.56831359863281,80.55069251360474,80.56831359863281,74430900,29.615385069196524,29.8040172657562,27.53143789705151,29.13930892944336,102190000,25.90928518312877,25.90928518312877,24.108105937835795,24.8193416595459,1279500,90.69385365537835,95.57908808562742,84.30762044251652,89.51915740966797,24587500,41.655128158460144,41.673454635542235,39.7125670281934,40.43644714355469,5024100,32.30136637553362,32.30136637553362,30.038629402260188,30.866661071777344,143284400,61.92425252344419,62.47353031432327,56.86370266441886,59.249908447265625,188234400,31.525298762082596,31.589617071737518,29.20064051893653,30.00921630859375,6035500.0
2022-02-01,20.10211245396712,22.242739297523865,20.066134696093837,21.469236373901367,105203100,430.0195754764509,437.11850763095384,391.8151407706232,416.6136779785156,2297975100,65.36411526699732,66.21264002531763,60.89772184635927,63.58315658569336,1589900,56.17617298357604,57.42453338011079,52.27731349308424,54.28554153442383,98843900,27.567371773141268,27.693496452041224,27.0088164325617,27.315120697021484,2010800,34.0847785159713,34.24075024406357,32.64431849792935,33.18563461303711,0,45.53486737407856,46.54737271725128,41.80996093307694,43.407676696777344,922703100,69.31300504622298,69.39392923528732,67.76652781004174,68.41388702392578,878100.0,80.55071258544922,80.56833367486816,80.54189867921944,80.55071258544922,90521300,29.211175918295833,30.073497620116072,27.86379697424102,28.932716369628906,75684200,24.902467168408904,25.105678346510345,23.83099613367224,24.44062614440918,647600,89.63103635224826,94.5162708227594,83.99996140878893,88.33514404296875,25839400,40.44560933815474,40.72966449474272,38.59467706567349,39.6759147644043,3471600,30.85026571835719,30.907653683391313,28.792486535300885,29.841873168945312,128847500,59.77215633943399,60.67261067526716,54.20735170414885,56.11631393432617,165319400,30.073541162431578,30.321627627264945,28.401257737334735,29.283342361450195,3793000.0
2022-03-01,22.017883621331023,25.552617729551145,21.82900553763141,23.43897247314453,206419300,415.0965324468492,440.8873989072845,396.08970930935516,430.935546875,2380929500,63.58315519945272,65.35478743985314,60.31028523922472,64.28248596191406,2059200,54.05939085670776,55.19919925489886,49.889149464069575,54.04130172729492,121594400,27.50031910110372,27.69894365638325,26.128012915088863,26.4981746673584,2201100,32.91956644755716,33.662731655436204,31.70847903476619,33.259037017822266,0,43.19402491694268,43.52843083809623,37.89927276681367,41.940006256103516,1608867700,68.68822657623794,69.09333130891413,66.20356544253262,66.73470306396484,1645000.0,80.55949969459931,80.56831359863281,80.54187860957124,80.56831359863281,90882500,29.084192012937944,30.63920751224586,28.776807032787517,30.268535614013672,81024600,24.459102113771582,24.49605024422631,23.701683057287973,24.29283905029297,655000,87.28166169865851,90.75912608316358,80.88610268392482,87.06723022460938,21939400,39.57512707775596,39.70341243963249,38.191511023993925,39.37354278564453,5842600,29.889790365622325,30.02135465993954,28.623485209096728,29.947349548339844,98872200,55.864188443308926,57.68310319923811,49.62403955150523,56.08029556274414,245184900,29.320092949007147,29.47629708519489,27.91427149620231,28.777978897094727,4216500.0
2022-04-01,23.474951701556932,25.858423431247356,23.331044091006763,24.761127471923828,99188500,433.87266382112085,438.1988416781414,393.5778503526472,394.333984375,1856757400,64.5529006759474,64.82330233546932,59.582987890752776,59.6575813293457,2100300,54.702352170415686,55.1916568047731,49.99053706268825,50.615760803222656,83861800,26.467534620710335,26.548973326846717,25.481222936088127,25.53551483154297,1973400,33.37830864353745,33.56180746152366,31.13962936401367,31.139629364013672,0,42.738861544094085,43.454117883015726,38.224392130236296,39.366943359375,970797100,66.35783748622231,66.68228218115323,64.3571043686386,64.3661117553711,1452900.0,80.57890319824219,80.59653525213047,80.57009389595628,80.57890319824219,76053100,30.37702531341108,30.738657963078765,28.568870687034014,28.749685287475586,57532800,24.453829730844642,24.537288270666956,23.248292922973633,23.248292922973633,651300,88.19238201435667,88.32346683581989,78.46397378046973,78.585693359375,25687200,39.355215281223295,39.45600917236537,37.11027219037608,37.137760162353516,4283100,29.87479563139664,29.924299326784496,27.787438592175167,28.01020050048828,83799400,56.59277247701427,57.01692608147122,52.251979917253394,52.69417953491211,144017200,28.64927229296957,28.879423895800272,26.283312340899343,26.292518615722656,3715900.0
2022-05-01,24.51828167145251,26.55997316633401,24.131529341570275,25.903392791748047,88200900,394.4010107342377,411.2367721610991,364.22297504619087,395.22412109375,2418478100,59.643694282354716,61.41963661402696,56.68066928442743,60.148433685302734,3550200,50.46171869442872,51.73934515185106,47.33561383194198,51.38595962524414,127364300,25.595140560984028,25.740258161405478,25.177927892256925,25.540721893310547,1965800,31.139630281706186,31.754350815083612,30.02029410890603,31.240554809570312,0,39.255478799289676,40.100781239806835,36.180809037155065,39.608463287353516,1164468200,64.25574534876453,64.9415269013273,63.69629107110542,64.41816711425781,2241500.0,80.59655263429077,80.63181002501301,80.5789205765998,80.60536193847656,123245200,28.668317814032637,29.40062237000093,27.185630173707757,28.577911376953125,100546100,23.248293272975555,23.563587383723057,22.48787868896742,23.19265365600586,447900,78.83849035466098,82.51824453973383,73.96960764555278,81.34783935546875,23314800,37.21698563564048,37.823634285243386,36.316201013611824,37.45596694946289,6056800,28.0075473700635,28.9930276541737,27.013783960382494,28.777713775634766,95207000,52.549783375204896,54.30956559192337,49.22875949785784,53.96663284301758,154029200,26.172841521700626,26.78964791030894,25.362706866495778,26.08998680114746,2818400.0
2022-06-01,26.137240591345527,27.55832933529446,23.906671221314205,23.960636138916016,96228100,397.3681243126033,399.540779483736,346.64068758207503,361.0740661621094,1958611900,60.42885551895157,60.718612630124895,54.51215394036947,55.979644775390625,3869300,51.62154456097946,51.91150205004241,45.8405106417258,46.76475143432617,113226500,25.556888330532836,25.59325439823683,24.347686665938927,24.97501564025879,2629600,31.057053836049842,31.424051457429968,28.8275532610194,29.378047943115234,0,39.85926357314414,40.156512518021344,36.46876314481194,37.24904251098633,998490300,64.49945278224364,64.49945278224364,61.680591995661004,63.38817596435547,2003400.0,80.59652780109154,80.64059448242188,80.57008644736183,80.64059448242188,127557600,28.901412460366785,29.192795521459036,26.133288142532752,26.415563583374023,113891800,23.211199098090837,23.211199098090837,21.606907968057957,21.755281448364258,697200,81.19803229865657,81.57256339137608,70.08386194769938,72.27486419677734,18315400,37.58464573351115,37.60302944910852,35.038558977807575,35.8106575012207,4566100,28.874035352585672,28.915592050016212,26.530200521801614,27.328102111816406,81782600,54.01175996230303,54.40884111274513,46.72897136538811,47.66752243041992,128524800,26.20045681200562,26.237281910158437,23.991001844438898,24.847166061401367,2445200.0
2022-07-01,24.284430162259774,24.338395082276467,21.748056619794863,23.483943939208984,88607000,361.9704847551941,397.02748525038425,356.664363255097,396.02777099609375,1437748400,55.8207434542979,58.970707318544825,54.213045113383195,58.858543395996094,3303200,46.72906642304336,49.0297737121582,44.93250054956691,49.0297737121582,88970500,25.035409660444877,26.065261876103726,24.9442737730179,25.955896377563477,2361400,29.552371247634408,30.983657836914062,29.18537535934774,30.983657836914062,0,37.11592542384645,37.724845383722894,35.64515325929543,37.4344367980957,759305900,63.685167784876676,65.232284982645,63.25993541012008,65.16895294189453,753900.0,80.61504499282623,80.65913334734641,80.58859467088949,80.65031433105469,138228900,26.497518369520122,27.49914310946458,25.47768186015833,27.435401916503906,172935100,21.988269314532207,23.08160871210288,21.820062979155882,23.072263717651367,244500,72.45645916279958,78.32112622604282,70.17837035259605,78.07637786865234,12139700,35.87499831768317,37.14344662784033,35.18562476964877,37.079105377197266,3321800,27.276476687907213,29.02924776774508,27.276476687907213,29.020902633666992,54951200,47.96222428754717,51.110610218590885,45.79886234527812,51.05537414550781,115408900,25.176137977150653,26.257095164455354,24.80658034093319,26.13698959350586,1720800.0
2022-08-01,22.890324273249124,24.320407495103172,22.13480854413703,23.133167266845703,83810500,393.29785657805087,415.0030318326254,379.7345495319771,379.8691101074219,1443394400,59.251857904824604,61.0242331614867,57.03639602661133,57.03639602661133,3114500,48.855614823994244,50.04721450328945,46.82073040128163,46.82989501953125,93490900,26.144632101787924,26.16290096020296,25.212852369785626,25.231122970581055,2074400,31.002008116381866,31.625902002413525,29.87349510192871,29.87349510192871,0,37.050345776464916,38.59606330477837,36.666258888779666,36.937931060791016,739274000,65.25383426324602,65.48940961865401,63.02494812011719,63.02494812011719,897200.0,80.60885374216627,80.76765441894531,80.60885374216627,80.76765441894531,138793300,27.27149623504006,28.40970556477012,26.770683087897073,26.779788970947266,83929100,23.05357531540844,23.53950436607841,22.605026245117188,22.605026245117188,359600,77.47389569130215,83.41387229567023,76.47604966066716,76.56077575683594,7403500,37.32342599772048,37.77678597084485,36.06512451171875,36.06512451171875,5396300,29.01305624145086,29.666732146310213,27.755991374181466,27.898460388183594,94704600,50.93569936418259,51.94833608431088,47.234966886606536,47.244171142578125,86948400,26.12774979021126,26.395678409063127,24.83429545195336,24.880491256713867,1988200.0
2022-09-01,22.80038292565126,23.259089053292012,21.064495535416818,21.505212783813477,69641700,377.66780480145997,395.777860527273,343.2067785538245,343.3413391113281,1998908600,56.659295955478214,58.54479670070288,52.275508880615234,52.275508880615234,2330600,46.23408805580891,47.929828956947325,41.56851466829861,41.953495025634766,150530800,25.20903941148786,25.447119900169344,24.851917805192382,25.062528610229492,3205800,29.73586964799949,30.405637353437232,27.634817123413086,27.634817123413086,0,36.58194723172518,37.1346579838472,32.52561529721564,32.67550277709961,950778600,62.69224929015853,63.09150742023591,60.215051695952205,60.7685661315918,957500.0,80.74741672577383,80.89755249023438,80.73858322845726,80.89755249023438,133691600,26.7711887328358,28.046443551534498,25.70694697408496,25.945484161376953,105770900,22.436820401873817,22.894714477539534,21.58644543529811,21.71727180480957,365000,76.26896311438747,80.58980806354266,69.86772117986794,70.07482147216797,13566500,35.89859003389034,36.499985362698546,33.752076643145365,33.87235641479492,3732400,27.73596638706323,28.19065515046547,26.380323649619495,26.666608810424805,84306700,46.406441290166875,49.370710245833145,41.601012190456316,42.484771728515625,130068500,24.640280283981543,24.9821222171626,22.866401772927453,22.931074142456055,2402300.0
2022-10-01,21.990901680616012,23.60086859141155,21.829005202493956,22.593515396118164,50215400,348.5160421716796,375.9664616322666,335.9973381157941,372.7716369628906,2024732000,52.78459173034174,55.056619846117954,50.908517020721526,54.754940032958984,3743100,42.59660428356983,44.67066534258069,40.9465726415747,43.6290283203125,139053600,25.260223182159304,25.29693771184145,24.057791259636172,24.86553192138672,5270800,28.130263184050865,28.81838117142975,27.44214519667198,28.65323257446289,0,32.90033204401052,34.43667959846395,31.373354467152197,32.029109954833984,847975700,61.26382770319927,61.636441928724906,59.309854763169625,60.473148345947266,850100.0,80.88784302250075,81.02936682278096,80.86130899700477,81.01167297363281,133207400,26.184020306914864,27.514321577477798,25.11060388175612,27.39505386352539,103513600,21.893382993973606,22.5317838221064,21.405193914734966,22.428512573242188,423000,71.26507041930091,79.57285189552701,69.11470477912535,79.08026123046875,17313600,34.1221652218268,34.74206184755761,33.03965438019255,34.418235778808594,6415600,26.872697711979477,27.304080479707125,25.197912430213073,25.80692481994629,77241000,43.14016236319366,47.05106822785434,41.596141951917716,46.26519012451172,139177400,23.272443000069856,23.691178410745312,22.276780997670823,22.918842315673828,1962400.0
2022-11-01,23.025237162249823,24.005608710931174,21.936934061152634,22.926300048828125,56471900,376.5649311653292,393.4945983886719,355.95780737159475,393.4945983886719,1745985300,55.46568902391711,58.994377253492196,53.45064596213316,58.97545623779297,6503900,44.587692136059744,49.473256318853885,43.02984346659466,49.316551208496094,100183300,25.11255626664325,25.683086040915118,24.357981855413133,25.563459396362305,5242800,28.717454325968415,30.524911880493164,28.13026091737833,30.524911880493164,0,32.88159942292097,37.17213481072218,32.11342555784212,37.022247314453125,1018370100,60.854839653370455,62.43879318237305,60.090174827363896,62.43879318237305,957100.0,80.98955370875443,81.21990966796875,80.97182985978853,81.21990966796875,125073900,27.77121009085511,28.725357118064824,26.936330785835274,28.679485321044922,65329400,22.494230351478848,23.545714401321423,22.052983555835844,23.52693748474121,381100,79.72443080854633,83.930419921875,76.90148569089953,83.930419921875,11483500,34.7997008097906,36.482059478759766,33.88881159733142,36.482059478759766,7773400,26.021915095198874,27.237970534108683,25.435145974641536,27.084901809692383,98743200,47.199004013983,52.66317856225876,45.00778774031151,52.506004333496094,101007700,23.095642829141386,24.016862869262695,22.472190667664957,24.016862869262695,1316700.0
2022-12-01,23.115179490663902,23.1871332860261,21.352308931019355,22.17078399658203,66127700,394.54662063526087,396.2067735020464,361.7296686521489,369.1231384277344,1735973600,59.240352504390586,59.79850992395506,56.07115585984936,56.52524948120117,9136200,49.69449425265349,50.23835919932073,47.16874767412952,47.675743103027344,93585800,25.746041419741847,26.179600067360294,25.10953900388323,25.18333625793457,4581100,30.644187619705267,30.66253435185785,28.5706568915728,28.781681060791016,0,37.12529447663038,37.200236435620255,35.19548989564531,35.504634857177734,847004900,62.530536183607865,63.28743365714166,61.10793906798691,61.14441680908203,1623700.0,81.191666498383,81.34262826795835,81.10286585598895,81.22718811035156,142210000,29.085689796189317,29.168897571013225,27.060971977873276,27.356821060180664,61800500,23.60204455797211,23.883692948970225,22.700774004375134,22.757102966308594,475400,84.04410562475026,84.14830876708538,76.1341851550718,78.36980438232422,10451200,36.537827877421535,37.04904071777735,35.22726237418708,35.32950210571289,13076500,27.253765431450173,27.621480372199525,25.868414891488236,26.107858657836914,103346200,53.19017460961744,54.24417718004821,50.77706160524577,51.257835388183594,87122200,24.016861930244747,24.556566632896207,22.63037919024076,22.7513484954834,1577600.0
2023-01-01,22.042243591127832,22.820416843372712,21.19168036336323,22.503719329833984,34999900,372.69931418171063,395.76698330704437,366.3578808482066,394.13800048828125,1575450100,57.33106048655046,60.9202022981927,56.72176385793008,60.66315460205078,7056600,48.74402216347089,52.91488061730625,48.38945133860074,52.448341369628906,65739600,25.365415046852505,26.253157480367996,25.272941435747786,25.929502487182617,4237700,29.56623940611731,31.268909893184112,29.56623940611731,31.240686416625977,0,36.464259328342166,40.44926704617341,36.24551225165653,39.336509704589844,801886700,61.95448719247502,63.74190456451496,61.798663106792056,63.191932678222656,1127500.0,81.70887758329242,81.94110166015977,81.69994379126317,81.93217468261719,139453300,27.57870933986463,29.381542205810547,27.38455903054108,29.381542205810547,42618700,23.18148473574309,24.03062302138699,22.92674271018211,23.974014282226562,620100,79.51224747757274,85.14261693462979,78.60566571175136,85.13307189941406,8471200,35.81434175219206,37.46313376752826,35.68318857285634,37.416290283203125,8225100,26.42157659893119,28.897794300191613,26.258216255811647,28.88919448852539,77534000,52.42866572754154,57.06622762561254,52.000297369431216,56.56336212158203,83280600,23.19405101099574,24.15031385931752,22.9596729670833,24.131563186645508,736500.0
2023-02-01,22.33179624153527,22.349893735133033,21.101194290838965,21.499330520629883,28385600,392.90650272044985,405.60875017803625,381.6878279110508,384.228271484375,1603094700,60.66315192064656,61.83414087626518,58.53061018304245,58.83525848388672,1543700,52.50431806599558,53.138811615266505,49.845042689354116,50.208946228027344,53553400,26.085077344402407,26.214855053702166,25.176642219627055,25.41765594482422,3367100,31.513489502082788,31.729850342672293,30.328207595268506,30.384647369384766,0,39.51721051911239,39.97372660353897,36.28355401407389,36.35963821411133,664354800,63.127779778219924,63.83357586613829,61.53285195471544,61.725341796875,796700.0,81.6552963996564,81.91432189941406,81.63743562685734,81.91432189941406,145839100,29.34455579021138,29.46474557041314,28.059460801804537,28.36455535888672,46359900,24.01175669333948,24.313672394074985,23.511707689271592,23.681535720825195,549600,84.48415127712713,86.71721636113375,82.31789416162108,83.36762237548828,5565100,37.46313285123501,37.94090564622324,36.22653708315011,36.37643051147461,2981500,28.760223566111335,29.1471330504722,27.590898582205966,28.115375518798828,89507300,56.5819847389271,57.541161708386916,55.092006270429636,55.59487533569336,62194700,24.065941646697393,24.703450318900693,22.98780282195963,23.081554412841797,675900.0
2023-03-01,21.616961350641084,22.150825344831517,20.232535845259132,21.481233596801758,33927000,383.4040920765635,397.26021028599035,369.09224338578906,396.9596252441406,2515995800,58.968537298808144,60.53938293457031,57.178729571688976,60.53938293457031,2100700,50.824778986958556,51.61789416262036,48.0535351417159,51.515254974365234,62126100,25.408027083530524,26.467468751626274,25.194280391294786,25.97492218017578,4432700,30.33761355196745,31.184246063232422,30.03658945651552,31.184246063232422,0,37.25364797553826,37.738698803673486,35.094708486143674,37.52946090698242,818248800,61.656496003560335,63.91558038097151,61.28916367252113,63.346221923828125,737900.0,82.00030777405155,82.34096472515822,81.99134113757675,82.31407165527344,228427800,28.631193120424392,29.19057857487964,27.1301776478249,28.454055786132812,81274900,23.643791667561743,24.01175294500748,23.426790016477877,23.945707321166992,1202900,82.9572682000306,84.36008983919008,69.90244880156109,74.33039855957031,17914200,36.32022097499312,37.341346740722656,36.12349120809765,37.341346740722656,3798500,28.133551797639715,28.245945293634982,25.617611945292694,26.992300033569336,111612900,56.15361682103196,56.963792397713206,52.37279509492687,56.7589225769043,94872600,22.978424143616287,23.95343589782715,22.75342143110609,23.95343589782715,1242900.0
2023-04-01,21.870320857394873,22.250359599624257,21.001660135496845,21.318359375,22804400,397.9490243676954,404.84998335831295,393.01419634252693,404.8402404785156,1395683000,60.46322657231944,61.23436966555708,59.98721312427767,61.0915641784668,1895200,51.71882025000949,52.96269234009087,51.43824869791666,52.6072998046875,41882400,25.983195079963764,26.29994984816887,25.759603792456442,26.197471618652344,2434100,31.28772146744236,31.485271453857422,31.03373529210521,31.485271453857422,0,37.510437941699536,38.052550997581136,36.26453064361632,37.215606689453125,513404400,63.292756824712505,63.94592248468333,62.86037787631476,63.60553741455078,867900.0,82.23795718289995,82.51663629325117,82.22896554296909,82.50764465332031,134371500,28.584583833695724,29.526215808849223,28.565937233418385,29.470277786254883,33546300,24.00773148462616,24.405492782592773,24.00773148462616,24.405492782592773,420800,74.72441810988967,77.87272902816903,73.1118677221022,76.38496398925781,11886700,37.29450261132051,37.51933558414902,37.04156283664668,37.5005989074707,2788400,27.045692463060636,27.4109398186419,26.81958679925321,27.280494689941406,62301100,57.008911308975044,59.51397243423151,56.87804674035945,59.327030181884766,50302500,24.06738573662948,24.473706250588336,23.935096007363764,24.388662338256836,599600.0
2023-05-01,21.164534690421334,21.309311193601335,19.952030181884766,19.952030181884766,19244500,404.3924672625934,411.3128815165022,392.97520953076804,406.7090148925781,1780705600,61.27756435258613,61.468516764676465,60.15092763877096,60.5805778503418,1583300,52.58859787441063,53.01880785258712,50.409488329187226,50.76487731933594,50675600,26.21642302497478,26.412556794020254,25.40387367415406,25.76811981201172,3217500,31.3911978860492,31.447641249630287,31.005510539470773,31.184246063232422,0,37.06343604877161,37.615058289323585,36.05529409650217,36.32159423828125,590097400,63.48417215155721,63.97272351504133,62.42410402418846,63.299808502197266,1214600.0,82.53637389562748,82.84326436061042,82.50929613536555,82.83423614501953,146814900,29.51688797734976,29.647410602778265,27.605656198272076,27.670917510986328,62741700,24.405497143480783,24.42443859113887,23.894088894847663,23.988794326782227,566200,76.61532733985645,77.0664586041007,70.9042152676488,73.37103271484375,9515700,37.55981708667438,37.66336243421568,36.985593766589936,37.230342864990234,2540000,27.303141299936872,27.34688331695095,25.52725712384868,26.64702606201172,89264000,59.45789616385818,59.60745211767646,55.877895393646305,56.28917694091797,59940500,24.22802397890904,24.35086598634104,23.576023055692605,23.982341766357422,507900.0
2023-06-01,20.051563953295428,21.354554160888227,20.051563953295428,20.540185928344727,20799500,406.9426560037818,432.4538225707664,405.6773291844918,431.4610290527344,1749755000,60.62830864916238,63.817258709960875,60.58057055189104,63.33987045288086,1510500,50.98933377850359,54.23462081021071,50.98933377850359,52.44831085205078,49336900,25.851594307342754,25.9452241489648,25.383437955733505,25.786052703857422,2378600,31.43823185388152,32.38834205948992,31.43823185388152,32.294273376464844,0,36.378661725946024,39.079718061962495,36.35963976810684,37.62457275390625,635683800,63.32113513825945,63.431968137149056,62.75774639178989,63.19183349609375,788000.0,82.86409913445628,83.20842678160507,82.85504297444655,83.1993637084961,139963000,27.903828204712486,28.938000083218054,27.75340339982496,28.8909912109375,54833600,23.998262451689996,24.424435946064612,23.770970523475423,24.263437271118164,431800,73.65897201382076,78.61180724862561,73.31342502892355,77.97830200195312,9635300,37.286827212751916,38.26583084417922,37.286827212751916,38.0399055480957,2238400,26.71391879053879,27.320852171181805,26.590771501266467,27.20650291442871,66091100,56.45741925958549,59.52331763004083,56.14895814598266,57.67256164550781,59504800,24.0484889265717,24.67214309341723,23.972894536721103,24.313068389892578,663400.0
2023-07-01,20.63067018629273,22.340845393080983,20.404456689838327,22.331796646118164,20730300,432.712003091108,448.85125469508944,426.98704344149115,447.2392883300781,1374632400,63.368531263470544,64.74340473775105,61.59264604500553,64.65747833251953,1554500,53.215472178715935,55.22913015946644,51.53269234254421,55.0778694152832,37966700,25.75921717747922,25.777990755954058,25.214744010318665,25.458818435668945,2851800,32.331895985368,33.056236267089844,31.880359885429048,33.056236267089844,0,38.35066414901272,40.25813451213387,37.20043465957262,40.210208892822266,612365800,63.108081544377185,63.50603569236915,62.339936341842694,63.080318450927734,698700.0,83.20955755810624,83.52798330126342,83.20955755810624,83.51889038085938,109308900,28.98500499772384,29.57730239858568,28.261084557511047,29.511491775512695,27430100,24.400364298361676,24.82023811340332,24.095002185641118,24.82023811340332,631700,78.49758704125198,83.94116669247592,77.17529628230213,83.13041687011719,18649100,38.10579682166029,38.482337756587725,37.19268738858559,38.3693733215332,2257000,27.275082904534788,27.681908880634822,26.735594670525828,27.611156463623047,60918000,58.53016640309413,60.70852065806206,56.40888821561864,60.39461135864258,53386000,24.53653601247819,25.11733752112881,23.803391129826426,24.822175979614258,673100.0
2023-08-01,22.187019081714883,22.313698081371054,21.616960131518262,22.25035858154297,22758800,445.7543398096542,446.7117644940198,423.03043303657756,439.9707946777344,1754764700,64.8010282261559,65.00304955152816,61.626390622745674,63.61775207519531,1488900,54.557912984096006,54.69026568968322,51.097820168904114,52.65769958496094,45294900,25.37502557787511,25.58209296630543,25.01736649955648,25.431499481201172,2762300,32.868095990789506,32.868095990789506,31.673405132324103,32.38833999633789,0,39.88430998358816,39.92265194203848,36.62531664511915,37.545501708984375,641196200,62.906372016584854,63.03620916017295,61.91404123310804,62.971290588378906,939700.0,83.5215460060605,83.91435241699219,83.51240902827921,83.91435241699219,151286000,29.370469026752783,29.445681424274103,27.903826378484553,28.853384017944336,42688600,24.78206682307685,24.78206682307685,24.095002072676756,24.715269088745117,422300,82.86981335918496,83.2076226769142,78.43001587149439,80.59200286865234,7571300,38.43854527849288,38.56183795289465,37.24356615212245,38.12557601928711,1909000,27.548468238383066,27.646252954189904,26.597295188184592,27.335121154785156,66780600,59.77629569327404,60.014107180973454,56.418398648147175,57.94990158081055,64271400,24.688878088137457,24.75552729412983,23.53679298894684,24.412757873535156,409300.0
2023-09-01,22.47657397126295,23.19140774885869,22.395136971478717,22.585155487060547,18051800,442.7258253267961,443.2143018501853,412.5575104720031,417.6278991699219,1588673200,64.00256585309624,64.00256585309624,60.46236645142843,61.07805633544922,1428700,53.21546796742876,53.27218848804593,50.06734924492421,50.596763610839844,45004800,25.528267558471857,25.547142865365892,24.53733734716344,24.79214859008789,4119900,32.40715711799217,32.40715711799217,31.165431818761142,31.25950050354004,0,38.06310446286765,38.178130330011754,36.021444683676904,36.3760986328125,549397600,62.97726665069989,62.97726665069989,61.35078770789896,61.65748977661133,493800.0,83.91826193204639,84.24854098651241,83.90908556955742,84.23936462402344,161819200,29.28937846828313,29.696965582692606,27.791733927293123,28.151927947998047,46331900,24.82024211824157,24.85841147843953,23.541536699824054,23.79918670654297,519500,80.99739062495742,81.99151854786305,77.33938071883337,77.52276611328125,7386300,38.15402404792457,38.20144319072578,36.6745229147254,36.92110824584961,1958300,27.375003141279265,27.50008590960245,26.669186373612945,26.937217712402344,61714500,58.34942712533734,58.39698869742618,54.097356537975564,55.10567855834961,58238900,24.384195638053257,24.42228012136106,22.537051888229684,22.73699951171875,662500.0
2023-10-01,22.594202881655164,22.983290362691626,21.43599091117116,22.17797088623047,35494800,418.25784250649986,429.5520588346629,401.18909126865907,410.0028991699219,1999149700,60.98185144774371,61.89575858343261,58.47100319042426,59.31757354736328,2531900,50.609696127507064,51.45556652494883,48.42373814664073,49.15555953979492,63227500,24.831434460967703,25.049087609173142,24.433980022741153,24.81250762939453,3542500,31.080766469892687,31.579336924862407,30.290577370200836,30.544567108154297,0,36.30900248057423,36.97038477049865,34.871212032181006,35.177940368652344,692255300,61.43074086634156,61.88716849130823,60.648305691975565,61.12335968017578,882900.0,84.27145283257146,84.6216284982547,84.26224286385067,84.61241149902344,270208000,28.09505375801758,28.559512941366584,27.004996343387823,27.260923385620117,59621700,23.92188517496496,24.200045673198765,23.499846601297893,23.691682815551758,504800,77.85492732203888,79.83625868148829,73.53288681371974,75.74732208251953,23561300,36.978019564498695,37.0918262498009,35.773554323348336,36.03910446166992,3716300,26.8483127717675,26.902188505824757,25.276923208221323,25.663036346435547,108374800,54.94440633894579,56.301060282059424,52.603706777440266,53.63552474975586,69374900,22.81138030819975,23.23363423397391,22.005256514736814,22.177997589111328,1126700.0
2023-11-01,22.39513686722253,22.548962118779748,21.318360106321993,21.635059356689453,28365700,410.98330442265194,449.33651146960074,410.44406697947676,447.4541320800781,1499960600,59.65545235360847,64.45376383808889,59.636142815859756,64.20274353027344,3712300,49.260106549039364,53.35640080838509,49.18407146158716,53.2043342590332,49262200,24.976281251821373,25.972676548233746,24.976281251821373,25.925228118896484,4859000,30.817367804144833,32.726993560791016,30.817367804144833,32.726993560791016,0,35.168358928000636,38.264401105444406,35.13002062190303,37.919334411621094,603634500,61.16573616221521,63.742316918033794,61.16573616221521,63.51826858520508,1315500.0,84.62536801018808,85.00480878255075,84.61611129062562,84.99555206298828,229526700,27.355713020041986,29.44103998002746,27.308318116084827,29.166156768798828,48138700,23.739640776833127,25.092080771699912,23.739640776833127,25.034530639648438,508000,75.8735843166039,84.48851389609929,75.67933106965698,84.41082000732422,17080400,36.240537060886126,38.53894992369845,36.240537060886126,38.42450714111328,4922000,25.782760997893288,27.7236898265591,25.728596014723788,27.678552627563477,99705000,53.67374542978798,59.224555913283304,53.45400643349212,58.87105941772461,45476000,22.197189121423218,24.433222447664413,22.197189121423218,24.222095489501953,1100500.0
2023-12-01,21.671252611976477,21.89746609758846,19.91583548038337,19.942981719970703,36896600,446.83646345770893,468.1895535321901,445.4050892246722,465.99346923828125,1643108100,64.20273753270806,67.18598901930386,64.1254993889285,66.6646499633789,4549400,53.04276473749454,55.29525161580948,52.89069818928662,55.086158752441406,67545600,25.947778191192146,27.070564611077344,25.900201418817513,26.851715087890625,5579100,32.9903906026884,34.15686166275648,32.85869300962222,33.36667251586914,0,37.66053048391629,38.76283445055413,37.18126693585879,38.54237365722656,619157000,63.56768006331694,65.84163091359255,63.427311316618244,64.7654800415039,1136800.0,85.0123856711434,85.1797148769955,84.78928242744867,84.95661163330078,160903300,29.28072407576442,30.723738331166683,29.271167484758664,30.599504470825195,37796300,24.986570134382593,25.878605394683582,24.986570134382593,25.62921905517578,592900,84.31369477822837,90.18000981075977,84.21657185388267,89.60697937011719,8818700,38.319603301522896,39.87413276485863,38.319603301522896,39.58802032470703,5927800,27.7472008738094,28.600961407077893,27.556468077550928,28.3284854888916,106552500,58.842400585322856,62.0238436238256,58.8328483002217,61.603477478027344,47952500,24.212500547226153,25.709588727558884,24.212500547226153,25.488862991333008,395900.0
2024-01-01,21.017918782527936,21.46409980135154,20.524274356107334,21.19828987121582,19306800,464.78198326842806,483.9378909114449,459.14151001842924,475.33447265625,1700630800,66.97218271694118,68.04389207228905,65.32565020518523,67.34241485595703,3815000,55.42212476770414,55.72118000080954,53.44448661311319,54.959068298339844,67781800,26.71130912626098,26.825786965981482,26.053065641886043,26.4537353515625,8156800,34.01209063346006,34.43675784280836,33.61637691876957,34.19546890258789,0,38.90015169130584,39.0173491916452,36.60501131200826,37.49376678466797,595799400,65.60790350725235,65.74115559497125,64.8179038002802,65.56031036376953,1253300.0,85.74930008917538,86.11518820886091,85.74930008917538,86.10580444335938,156412100,30.48482798711767,31.077323885610394,30.10257345070304,30.75240707397461,46696700,25.76749988472709,26.096488024746375,25.54494962694138,25.970699310302734,743000,89.63926869439048,93.6058650110483,87.9490644899832,91.8179702758789,17986800,39.88215808258475,40.209930385792674,39.28445694526603,40.03640365600586,6206500,28.57785019493851,29.616544343739587,28.375627377660372,29.469472885131836,97692200,61.36693460556956,62.11754410587082,59.086245121106245,61.289947509765625,51923800,25.47575377605532,26.1334424716493,25.079206505729474,25.862628936767578,404300.0
2024-02-01,21.188795845424846,21.264741278858263,20.600219188986358,20.875520706176758,24952000,477.05713572883695,502.15867058742856,476.2400885557413,500.14068603515625,1393465400,67.53725515072884,69.74887291110112,67.39111130521698,69.5735092163086,1713200,55.15200680080366,56.96564743426675,54.48636380322403,56.56047439575195,56443500,26.620951398392965,26.72617313428913,26.037451698584253,26.35311508178711,4015400,34.49466616278988,34.996543884277344,34.24372362026936,34.996543884277344,0,37.71839251050708,39.71076841371115,37.55236304806054,39.05641174316406,608816900,65.6745427936782,65.81731499122098,64.43719343056834,64.81791687011719,1183200.0,85.76806046246259,86.11518820886091,85.76806046246259,86.10580444335938,136273300,30.81930177267359,31.34490153892814,29.94011541663682,31.096437454223633,47486000,26.077135900582654,26.60932159423828,25.883612823486327,26.60932159423828,767900,91.76912193226815,96.13628988422533,90.40132772044738,95.6771011352539,10541700,40.05567545776211,40.52805448464109,39.66042103833428,40.470211029052734,1983800,29.395942243305857,29.625741670010683,29.009879136312534,29.579782485961914,85495500,61.463161318675574,63.118343404176855,60.1062950351295,62.762290954589844,46928000,26.056066463759258,26.491300311474554,25.62083077127775,26.433269500732422,316700.0
2024-03-01,20.94197289890522,21.834333106782047,20.875520870463262,21.80585289001465,25547100,501.0266591553337,516.4123986143775,497.02025000688906,514.896484375,1473246900,69.63196559225338,71.6974395608334,69.48582174294056,71.57078552246094,1662000,56.907763177610526,58.37410673640316,56.695527595133356,58.1715202331543,78781400,26.3963274685568,26.703261211068256,26.233268689163918,26.492244720458984,3299900,35.237834399666966,35.79762649536133,35.07375969134225,35.79762649536133,0,39.339641299731774,40.42372836966877,39.02711216388486,40.120967864990234,575599800,64.72079812088589,65.57941870180069,64.67310142553782,65.45539855957031,1478200.0,86.16799565193647,86.51665856529848,86.16799565193647,86.50724029541016,121886400,31.455294679971928,32.59176918992824,31.407139727649174,32.505088806152344,33616600,26.60932047026498,27.151182479444547,26.60932047026498,27.09312629699707,584300,95.73571407454841,100.23966049701579,95.19837143095651,100.03449249267578,6878900,40.38345250009532,41.289648358190355,40.38345250009532,41.2414436340332,1941400,29.641388998031605,30.186709365919796,29.382594086429155,29.78927230834961,88940300,62.945142034902055,65.22582802972349,62.59870741813781,64.80240631103516,43581400,26.37523960697817,27.178006255091237,26.37523960697817,27.0039119720459,363300.0
2024-04-01,21.891290764756235,22.869089769155906,21.805851928901802,22.157100677490234,31761600,517.246761439028,517.7898372374034,487.6533793282199,495.6713562011719,1592974000,71.56103664822555,71.61949864461936,68.04387672023365,69.04739379882812,2087100,58.53519974291011,58.77728079751779,55.85294121459335,57.034297943115234,64442800,26.391492020606186,26.43958073927374,25.79518200300657,25.920215606689453,5685300,35.67215278369236,35.67215278369236,34.4078012086391,34.73595428466797,0,40.29676304713886,40.89252288848423,38.65598691406019,40.0330696105957,621876100,65.3092516216176,65.3092516216176,63.95142567953595,64.20004272460938,1038200.0,86.48365523714143,86.84314125696012,86.48365523714143,86.83367919921875,165486700,32.53398401377934,32.73624071038493,31.49382298746751,31.802019119262695,46342900,27.201919195347784,27.201919195347784,26.463053392891908,26.68665885925293,788800,100.49598843586948,100.53522259144414,93.83614206085825,95.78800201416016,7070700,41.07756274995687,41.19324600702838,39.62186674866399,39.920719146728516,2599700,29.854562555477298,29.938188920124517,28.395748067892892,28.767419815063477,123043300,65.17128530650403,65.4712620995346,62.142540709138416,63.49725341796875,48116700,27.0827907016623,27.141223088065004,25.33959870505489,25.59280014038086,274100.0
2024-05-01,22.04318162527137,22.73618571725073,21.758386712888868,22.090648651123047,20403100,495.07888869412517,526.3706255775546,493.27187042792434,520.7422485351562,1153264400,69.20226117264367,72.7488376443793,69.02639744529772,71.99653625488281,1336300,57.01492940706846,60.37501183840642,56.869679300855914,59.3292236328125,73139700,26.04141616450045,26.581533910593176,26.031770974794814,26.388635635375977,2586800,34.72630194145848,36.174035503851684,34.72630194145848,35.845882415771484,0,40.101431010136174,42.84582749006173,40.023296869819,40.814388275146484,597843700,64.35668805692079,65.40150554189371,64.2608350532913,64.8359603881836,1543500.0,86.87637258681576,87.25645222677595,86.86686860222731,87.2469482421875,139772400,31.782756003554034,32.99627779804426,31.657550178459854,32.38951873779297,56484500,26.65749119640223,27.59079415306447,26.62832478364098,27.386634826660156,723900,95.72914513887962,101.07468087019912,95.66048723877441,99.07378387451172,6242100,40.10961364413259,41.55352262054487,40.08054286700921,41.20465850830078,2172600,28.841981940298695,29.710322909426097,28.832644729987663,29.64496421813965,80809400,63.390814463859606,68.0355344962854,63.23598677148339,67.59041595458984,54017700,25.53436907816517,27.219132490686086,25.53436907816517,26.771160125732422,280600.0
2024-06-01,22.07166205771967,22.2994983520014,21.473592011565373,22.052675247192383,16563300,522.3715078541735,543.3643303339435,516.03214844926,537.3804321289062,888923200,72.23101302429481,73.5597594248609,71.78158519087734,73.06147766113281,1195600,59.6197181077105,59.92958154273626,58.07040093258169,58.38994598388672,50440500,26.500537111420375,27.129199127956365,26.471523105029057,26.73265838623047,2727900,35.96170043076531,36.473235464886095,35.952050493567654,36.29950714111328,0,41.39061802186944,42.07427690491847,40.4432619814026,41.5957145690918,539128300,64.89959027245384,65.83167023890437,64.88036804756763,65.34160614013672,915900.0,87.2642651864135,87.5887069289583,87.24518380400107,87.57916259765625,117206200,32.58881611740517,32.705273023666,31.433939148149406,32.064754486083984,55128500,27.45468979040391,27.83384391037651,27.3769145387606,27.435245513916016,764400,99.14244102833862,99.7015146344584,95.95473893588469,97.96543884277344,4448900,41.22404236266093,41.931459650066046,41.22404236266093,41.679500579833984,2401400,29.723878618896382,29.883432190755915,29.376614330681377,29.611251831054688,55657500,67.67749731339632,68.39355681709934,64.34877629738848,64.61003875732422,39113500,27.063313753698345,28.183241766206205,26.78089613918898,27.62814712524414,229700.0
2024-07-01,22.19507370266525,22.688719934477433,20.837549281204748,21.435619354248047,24179200,540.5109396629882,559.8576790326406,532.4076911464912,545.642333984375,1038465500,73.24711219928298,75.15229617861459,72.36779364956722,74.00918579101562,1563600,59.1700604370603,61.590742149095476,58.64297924842723,60.399925231933594,49534500,26.622262560110325,27.31085205078125,26.544674985811717,27.31085205078125,2415300,36.28020501755996,37.45769621812159,36.28020501755996,37.1005859375,0,42.148440133271166,43.8988874248741,41.08636846104077,42.23694610595703,555322900,65.18065650811627,66.77982330322266,65.00725217131472,66.77982330322266,1502900.0,87.62212509408154,87.98634338378906,87.61254579036493,87.98634338378906,138514400,32.03563421132962,34.14158372119329,31.94829061502933,33.996009826660156,47287300,27.603016444161298,28.54335960342704,27.58342549460265,28.484588623046875,945600,98.74510328773485,106.35225152527923,98.1932919189152,105.32745361328125,6438200,41.66012035297944,42.42567915768102,41.233729239955345,42.24155807495117,2367100,29.537640185845945,30.226318579994157,29.348962628043733,29.914997100830078,78130900,66.22503843651981,68.54354633420809,65.39980045998551,67.25657653808594,44575200,27.7564370473249,29.001604423551758,27.579956396199446,28.530990600585938,356600.0
2024-08-01,21.41663137939148,21.445111594915662,20.419847374909736,20.989439010620117,18561500,547.3857891856185,558.9066812293946,505.48263013142275,558.3915405273438,1244599000,74.37738540221825,76.33597794768461,70.0960367941022,76.1391372680664,1489300,59.824038525314506,62.02022199196961,55.548800334324994,61.854286193847656,64810500,27.43624538535068,27.796097712449154,27.3389897042735,27.42652130126953,3515600,36.762780412142305,37.824450199378,35.84588176946961,37.81480026245117,0,42.07960210832994,43.20067524910517,38.73604734517071,42.64997100830078,569378300,67.0437696288951,67.91296433587037,66.87959045320044,67.4783706665039,1704900.0,87.98833893937076,88.39261571174325,87.98833893937076,88.38298797607422,192025600,33.850441876641916,34.5588938926321,31.91917943144268,34.26774978637695,46859300,28.49438506770952,28.700084440189517,27.42670256826689,28.611927032470703,905900,105.72161176089583,109.2886965002169,97.03054478810697,109.22956848144531,7235200,42.527102197957774,43.48430338790477,41.6675731540642,43.337791442871094,2252100,30.004931522880405,30.886871978359256,29.28420600882007,30.687725067138672,81072600,66.76536575412105,69.8599950483318,63.307245293650034,69.68315887451172,42214200,28.63883609734201,29.482020530598803,27.15836380042096,29.246713638305664,721700.0
2024-09-01,21.226769558307556,21.464099265137715,19.84076312886481,21.14133071899414,17870100,553.1115563623314,569.3181133871112,534.3789959001133,568.3770141601562,1045061400,75.74544258223321,78.00914776893237,73.74748055249798,77.6646728515625,1356600,61.67859123243326,63.95285928665896,59.42384525584132,63.1915168762207,59851200,27.599415006330744,28.10654252662082,27.599415006330744,27.921245574951172,3023900,37.39013556333559,38.54831952374837,37.013721726246715,38.53866958618164,0,42.56146417565421,46.17053678094509,40.87002216912266,45.0986328125,678472100,67.73726529007,68.64740244816183,67.61139824380088,68.36661529541016,1078500.0,88.72339674553582,88.77173978532966,88.40435776167821,88.76206970214844,156932000,34.37963259576648,35.70944833856565,33.73428127705877,35.582332611083984,43185000,28.58254377815604,29.13107733139946,28.171143146149493,29.082101821899414,752200,108.18506568986896,109.77153094480256,103.1793244819774,108.30331420898438,5045100,43.24011496498434,44.25592157637111,42.82011807231392,44.06057357788086,1571400,30.987296608917443,32.01671336698903,30.577440273045973,31.673574447631836,69089000,69.52597302476994,70.8129504118362,66.64747744976445,69.85017395019531,28541500,29.148670534361827,29.982050334396604,28.668252030824853,29.81537437438965,2051000.0
2024-10-01,21.055891658141825,22.403924451181116,20.913494197678354,21.445112228393555,20671200,569.762713021766,582.4019957367881,561.6842800924251,565.0328979492188,976068800,77.67451555719776,77.72372948157413,75.60765838623047,75.60765838623047,1857200,63.589515233253415,63.59931245566414,60.188009357797974,60.62912368774414,65456300,28.01689231927126,28.095124405758714,27.40081487133255,27.64529037475586,4479500,38.42284899977817,38.529013032033646,37.69898223876953,37.69898223876953,0,45.33464828235921,46.652401810051444,43.45635817025875,43.71204376220703,666154600,68.6596947728457,68.70822679994288,67.06769171885777,67.21330261230469,1020300.0,88.80670053161246,89.1368408203125,88.79698856216366,89.1368408203125,140940000,35.6018895210516,36.95126183008401,35.31832509922033,35.856117248535156,43229000,29.234866248185845,29.65813040052544,28.93956345001053,29.195491790771484,868800,108.76289598375,115.30927014905673,107.15848703538433,112.14007568359375,4461000,44.04104220355194,44.08011255181006,42.74198106862047,42.82012176513672,2149400,31.795604149109174,32.169222347824046,31.33577058272818,31.460309982299805,80960000,69.86115318225889,69.88084571815283,65.5970016346377,66.15833282470703,29615900,29.968586914754486,30.04739969124185,28.934168988477197,28.95387077331543,296200.0
2024-11-01,21.521057248434726,21.76788035348726,20.676164096637823,21.01791763305664,13915600,567.6958485504899,599.5226352519451,564.2876139750559,598.7277221679688,901843000,76.1126198086996,78.39392208756905,75.99410776169344,78.36429595947266,2190700,60.85458528572184,61.95247620888551,59.099917757329656,60.491886138916016,83120300,27.742538266680015,28.13479716963547,27.24240746399757,28.124990463256836,3640700,37.71828566431051,38.770301818847656,37.71828566431051,38.770301818847656,0,44.036563111648924,45.14780394927247,42.08943543903636,42.54179763793945,496497200,67.38810770852224,68.1374018127556,66.87235875798588,68.1179428100586,1198600.0,89.18652199446561,89.4984990252196,89.17677062028353,89.47899627685547,150196500,36.03212046832897,37.98773088680068,35.80722571780842,37.91928482055664,43162400,29.313615337580462,30.37670135498047,29.185650219503298,30.37670135498047,846600,112.47681208405383,125.62898194571768,110.9912505926438,124.98523712158203,11146700,43.1777682992941,44.06195241689858,43.030402405858176,43.973533630371094,2635300,31.569164735129746,32.06980455382858,31.107036519254343,31.723207473754883,86342000,66.50300752588859,66.95601097812566,63.272890726725265,64.99627685546875,50232300,29.09179518625214,30.471019744873047,28.875058636824452,30.471019744873047,669000.0
2024-12-01,20.951466826323426,21.350180817587756,19.726846445735713,20.296436309814453,18875400,599.1449937755923,605.2063344408898,577.2249351621912,582.3621826171875,1059516700,78.35441589112943,79.20373336781716,75.01640577354253,75.65833282470703,3588400,60.49188924975051,61.92306902989864,57.1393993204119,57.76676559448242,79637400,28.22406915255426,28.401082640100316,27.722526248542675,27.919208526611328,3170800,38.847518634161176,39.079157632334315,36.56010055541992,36.56010055541992,0,42.64013960041756,44.35125008868284,41.096204978241026,41.12570571899414,525277800,68.28276908439769,68.46813689734243,66.32180330413964,66.52667999267578,5197000.0,89.52689073327204,89.72263911736864,89.35071420065623,89.48773956298828,155048200,38.314538360668564,38.51173179307848,36.21443526363395,36.94404983520508,75207800,30.25857909726875,30.632628949650815,29.559699343968,29.618759155273438,813600,125.2031185514322,125.29225616849689,114.79428998575102,116.9334945678711,9536100,43.93423934297921,44.346857848667305,42.50971611338251,42.676727294921875,5598000,31.757609570014523,31.767287935042766,30.141667738875466,30.42228126525879,93632600,64.86825555426536,66.59164165547294,61.657831341987304,62.50475311279297,44243700,30.36265161654987,30.79612283845033,28.855356990672924,28.93416976928711,342600.0
2025-01-01,21.549999237060547,22.690000534057617,21.459999084472656,21.969999313354492,16751100,587.6223022981136,608.9481635131235,573.6243724499419,600.0150146484375,995606200,76.55188252304482,79.13452793280908,75.00629085087523,78.2370834350586,3316600,58.893601357420735,61.60547994911512,57.40805301366579,60.738075256347656,78148200,28.026920924531,28.253739325855104,27.405635329389337,28.243877410888672,3886600,37.84000015258789,38.84000015258789,37.470001220703125,38.66999816894531,0,41.869998931884766,43.34000015258789,40.61000061035156,42.720001220703125,488684500,67.54644050010549,67.88284095235832,66.6460890148041,67.72453308105469,3479400.0,90.21214489818979,90.51795390717005,90.20228567534718,90.50808715820312,157312600,37.170820917986006,38.99485170282625,36.549662923101515,38.49201202392578,57074000,30.118995619507746,31.01450550249883,29.512038056467357,30.82545280456543,1539600,118.17019777248346,126.75389580130431,114.21691693784824,125.3498306274414,11038600,43.25552936364829,44.11069675798892,42.53957456033825,43.832271575927734,4882900,30.911106829102025,31.56629140916145,30.148351875412576,31.1066837310791,90012000,63.253197797992335,68.07362757416753,62.32696171677154,67.22706604003906,43592500,29.37238683116721,29.987618190205644,28.37015314738468,29.590694427490234,578700.0
