Month Number,ConsolidatedCIFSC,total_net_assets,total_gross_sales,total_redemptions,normalized_value,Ticker,Close,CloseNormalized,PercentMonthlyChange
1,Money Market,26807321430.0,1884895860.0,1729899001.44,1.0,BIL,76.78650665283203,1.0,
2,Money Market,26831402730.0,1917091940.0,1668301210.0,1.000898310562765,BIL,76.78650665283203,1.0,0.0
4,Money Market,25586715610.0,1507052880.0,2018058010.0,0.9544674456496044,BIL,76.82012176513672,1.0004377736892847,0.0004377736892846096
5,Money Market,25767682650.0,1961289780.0,1627424100.0,0.9612181029456922,BIL,76.82012176513672,1.0004377736892847,0.0
6,Money Market,25389232880.0,1678538450.0,1937029610.0,0.9471006995718334,BIL,76.80330657958984,1.0002187874861108,-0.00021889037872504697
8,Money Market,25410880210.0,1542346510.72,1362687270.0,0.9479082151625472,BIL,76.8369140625,1.000656461816864,0.0
9,Money Market,25404806310.0,1609004730.0,1484593080.0,0.9476816390006632,BIL,76.85371398925781,1.0008752493029751,0.0002186439547031685
10,Money Market,25526059690.0,1711370190.0,1495449910.0,0.952204783184114,BIL,76.87053680419922,1.0010943348646801,0.00021889397490611385
11,Money Market,25523034130.0,1867508490.0,1811298420.0,0.9520919199870987,BIL,76.8369140625,1.000656461816864,-0.00043739439188334166
12,Money Market,25739809770.0,2289476250.0,1837650870.0,0.9601783541564376,BIL,76.80330657958984,1.0002187874861108,-0.00043738720275543014
13,Money Market,25400437090.0,1833782170.0,1889117280.0,0.947518652929436,BIL,76.88739013671875,1.0013138178605108,0.0010947908478624161
14,Money Market,25394466380.0,1890692190.0,1592478850.0,0.947295926089099,BIL,76.9041748046875,1.001532406629559,0.000218301960034071
15,Money Market,25945616730.0,2774331230.0,1855742300.0,0.9678556210007736,BIL,76.89240264892578,1.001379096415631,-0.00015307563980260287
16,Money Market,25777061090.0,1885463870.0,1852747440.0,0.9615679491630582,BIL,76.94622039794922,1.0020799714960245,0.0006999098372456613
17,Money Market,25614964810.0,2083212070.0,1888508500.0,0.9555212323949068,BIL,76.9529800415039,1.0021680031548321,8.784893552572284e-05
18,Money Market,25426364080.0,1800422790.0,1680834070.0,0.9484858137130188,BIL,77.01529693603516,1.002979563639189,0.0008098048249416713
19,Money Market,25641393110.0,2027890360.0,1393178030.0,0.9565070936667618,BIL,77.04395294189453,1.0033527542830731,0.0003720820018804208
20,Money Market,25783883480.0,1852271770.0,1495819580.0,0.9618224464285836,BIL,77.11980438232422,1.0043405768021079,0.0009845216598231088
21,Money Market,25626956810.0,1828532380.0,1702244710.0,0.9559685728735636,BIL,77.17377471923828,1.005043439053129,0.0006998246085597236
22,Money Market,25493767110.0,1876168100.0,1855700850.0,0.9510001652559736,BIL,77.22949981689453,1.0057691537663689,0.0007220729821624049
23,Money Market,25648732490.0,2160318010.0,1808695880.0,0.9567808763353944,BIL,77.26667785644531,1.0062533278898107,0.00048139687087094506
24,Money Market,25850444320.0,2564307040.0,1982874200.0,0.9643053815541168,BIL,77.25823974609375,1.0061434373540983,-0.00010920762462752399
25,Money Market,25627417500.0,2481678790.0,2327946110.0,0.9559857581041434,BIL,77.48493194580078,1.0090956773971562,0.0029342138838788783
26,Money Market,26461666490.0,2910084530.0,2067638930.0,0.9871059501076008,BIL,77.47647094726562,1.0089854887858496,-0.00010919540512824553
27,Money Market,26375890710.0,2430125500.0,2279784220.0,0.9839062354242828,BIL,77.58324432373047,1.0103760114325901,0.0013781393906999078
28,Money Market,26485823660.0,2087757590.0,1800733300.0,0.98800709086734,BIL,77.64179992675781,1.011138588160974,0.0007547454806479817
29,Money Market,26759379170.0,2433876870.0,2071097260.0,0.9982115982708236,BIL,77.7564468383789,1.012631648812104,0.0014766132641083043
30,Money Market,27245468010.0,2608870650.0,2054200720.0,1.0163442879268674,BIL,77.85592651367188,1.01392718470284,0.001279375271606003
31,Money Market,27101750450.0,2157123570.0,2199164110.0,1.0109831569994348,BIL,77.96321868896484,1.0153244637297145,0.0013780861663001047
32,Money Market,27485746160.0,2309268200.0,1830314380.0,1.025307441915505,BIL,78.0799789428711,1.0168450466940386,0.0014976325486517736
33,Money Market,27439288050.0,2093203090.0,2051408280.0,1.0235744037930163,BIL,78.1867446899414,1.0182354699822476,0.0013673895474335357
34,Money Market,28197995990.0,2852325160.0,2274782170.0,1.051876669723656,BIL,78.31327056884766,1.019883231866745,0.0016182522933778996
36,Money Market,30296148180.0,3503298570.0,2693999120.0,1.1301445487237551,BIL,78.45547485351562,1.0217351755332398,4.862247188672987e-07
38,Money Market,29808664090.0,2571384070.0,2269671590.0,1.111959811719242,BIL,78.85690307617188,1.0269630240206205,-0.00010883174969432789
39,Money Market,30522598380.0,2790627790.0,2186101420.0,1.1385918753464956,BIL,79.00260925292969,1.0288605732530212,0.0018477288743772695
40,Money Market,30698488360.0,2865886080.0,2536702490.0,1.145153141844504,BIL,79.14949035644531,1.0307734236992552,0.0018591930684894202
41,Money Market,31296193380.0,2631928440.0,1992098590.0,1.1674494768797197,BIL,79.31916809082031,1.0329831574372692,0.0021437628165496174
42,Money Market,31158055920.0,2183019960.0,2094684450.0,1.1622965017732472,BIL,79.46146392822266,1.0348362934061406,0.0017939653280202744
43,Money Market,31255105210.0,2456566430.0,2163147190.0,1.1659167549288418,BIL,79.6143798828125,1.0368277364507006,0.0019244039441303567
44,Money Market,32662175650.0,2901579040.0,1958344480.0,1.2184050441327514,BIL,79.75804138183594,1.0386986575966901,0.0018044667211488483
45,Money Market,33565316280.0,2788994130.0,1999586980.0,1.2520951176583106,BIL,79.87578582763672,1.0402320578115627,0.001476270527219796
46,Money Market,34132715060.0,3471220513.11,2629402710.0,1.2732609316871983,BIL,80.0312728881836,1.0422569846811998,0.0019466107148216258
48,Money Market,35875611950.0,3678630140.0,2458508670.0,1.3382766362420566,BIL,80.1240005493164,1.0434645882716593,9.789557836717223e-05
50,Money Market,37598484080.0,4042073342.75,2997318510.0,1.4025453523276532,BIL,80.42410278320312,1.0473728561037088,0.0
53,Money Market,43834356410.0,4020196960.0,2657278980.0,1.6351636072429487,BIL,80.64147186279297,1.0502036800214138,0.00024017485638007282
54,Money Market,43535841580.0,3454642260.0,3447792510.0,1.624028036284116,BIL,80.65380859375,1.0503643427666642,0.00015298246264678204
55,Money Market,44013141960.0,3501986290.0,2791895980.0,1.641832887889538,BIL,80.66261291503906,1.050479002511883,0.00010916187893134115
56,Money Market,43954597870.0,2372475750.0,2543120120.0,1.6396490035297049,BIL,80.66261291503906,1.050479002511883,0.0
57,Money Market,43942447300.0,2827616870.0,3064922340.0,1.6391957478759562,BIL,80.64501953125,1.050249881738508,-0.0002181107597840079
58,Money Market,43889986010.0,2833480490.0,2782258230.0,1.6372387716768613,BIL,80.65380859375,1.0503643427666642,0.00010898456657443343
60,Money Market,41914610260.0,4044357230.0,3917753500.0,1.5635508519360488,BIL,80.64501953125,1.050249881738508,0.0
62,Money Market,38561448720.0,2702245262.33,3091438810.0,1.4384670553786096,BIL,80.63884735107422,1.0501695006866172,-0.00010898103020562506
63,Money Market,36895172140.0,3040537012.67,3973007610.0,1.3763095367935834,BIL,80.62999725341797,1.05005424479021,-0.00010974980356204341
65,Money Market,34267736190.0,2405840251.6,2595548120.0,1.2782976575813751,BIL,80.62117767333984,1.0499393863279283,-0.00010938336076591061
66,Money Market,33461453320.0,2686684050.0,3029626640.0,1.248220692521461,BIL,80.60356903076172,1.0497100668374906,-0.00021841212304627374
68,Money Market,33368255210.0,2415264390.0,2115008040.0,1.2447441008655822,BIL,80.58594512939453,1.0494805486299899,-0.00010924187182255484
69,Money Market,33469001300.0,2686336670.0,2157925080.0,1.248502256646385,BIL,80.5947494506836,1.049595208375209,0.00010925380691292575
73,Money Market,33565678210.0,3414083700.0,2736865360.0,1.2521086188207056,BIL,80.56834411621094,1.0492513284980836,0.0
74,Money Market,33950358780.0,2991749960.0,2256164850.0,1.2664584512351258,BIL,80.55071258544922,1.0490217109320517,-0.0002188394332181783
76,Money Market,34764730950.0,2821937310.0,2478725760.0,1.2968371734109505,BIL,80.57888793945312,1.0493886419884584,0.00013086806434769467
78,Money Market,37451123690.0,4184872940.0,2319580430.0,1.3970483320309857,BIL,80.6406021118164,1.0501923531488357,0.00043738329504375913
79,Money Market,39041660650.0,3611956780.0,2225185780.0,1.4563805172384208,BIL,80.65029907226562,1.050318637842227,0.00012024910771093855
81,Money Market,42535048010.0,4628162960.0,1933969210.0,1.5866951915008989,BIL,80.89755249023438,1.0535386491273688,0.0016085770624977862
83,Money Market,46863280270.0,4864680060.0,3138376140.0,1.7481522871418045,BIL,81.21990966796875,1.0577367457954698,0.002569792027381983
84,Money Market,50571330570.0,6940640970.0,3325323000.0,1.8864745850141436,BIL,81.22716522216797,1.0578312357588175,8.93322121248329e-05
86,Money Market,55107052130.0,5779968680.0,2783288240.0,2.055671704235614,BIL,81.91431427001953,1.0667800612465859,-0.0002182695120046835
87,Money Market,57833326030.0,6571387680.0,3233447140.0,2.157370559420341,BIL,82.31407165527344,1.0719861502155932,0.004880189608084367
88,Money Market,60078722130.0,4614218660.0,2512902910.0,2.2411311136354737,BIL,82.50763702392578,1.074506975515375,0.0023515465188380462
89,Money Market,62427900150.0,5074793120.0,2832455980.0,2.3287630699327204,BIL,82.83423614501953,1.0787603155269265,0.003958410795343005
90,Money Market,64735281350.0,5276256180.0,2875652200.0,2.4148358693366108,BIL,83.19935607910156,1.0835153167634435,0.0044078384865263755
92,Money Market,67114836280.0,5410246310.0,2974511990.0,2.5036009828603007,BIL,83.91435241699219,1.0928268008907691,0.004734909297890041
93,Money Market,72496773790.0,5688898680.0,2916405110.0,2.7043647004907045,BIL,84.23934936523438,1.0970592756107296,0.003872960213375578
95,Money Market,76240418930.0,6204861180.0,4222137510.0,2.844014801295274,BIL,84.99556732177734,1.1069075938831312,0.004528273713316993
96,Money Market,76403314300.0,4776559360.0,4722726200.0,2.850091326711115,BIL,84.95660400390625,1.1064001698633452,-0.00045841588095513154
97,Money Market,75250674016.66002,5961503486.34,4750235355.49,2.8070941072257667,BIL,86.10578918457031,1.1213661480118209,0.013526731607718497
98,Money Market,77522222388.26,5114479043.690001,5330475871.179999,2.891830225958536,BIL,86.10578918457031,1.1213661480118209,0.0
99,Money Market,77486191605.61002,5085264198.119999,5166776582.790002,2.890486160952113,BIL,86.50724029541016,1.1265942945747958,0.004662301044350472
101,Money Market,77323748627.15999,5665170611.320001,4838835539.290001,2.8844265112077627,BIL,87.24696350097656,1.1362277997023418,0.004759493154834914
102,Money Market,81177724038.88,9270263904.829998,5553889356.309999,3.0281922888436825,BIL,87.57914733886719,1.1405538701588673,0.0038073971237624427
103,Money Market,81841163072.55,5813028363.370001,5195409094.66,3.0529407157017108,BIL,87.98633575439453,1.145856734337444,0.004649376340144335
104,Money Market,81336147691.25998,5023736920.7300005,5350510175.009999,3.0341020046947667,BIL,88.38299560546875,1.1510224837427088,0.004508198320492138
105,Money Market,82059460929.93,5343715044.530001,4741600870.670001,3.061083933514427,BIL,88.7620620727539,1.1559591123745983,0.004288907212166288
34,Global Fixed Income,186460554210.0,3123274510.0,4007899910.0,1.4127257525377412,BNDW,61.26804733276367,0.9953190222516708,-0.00468097774832917
35,Global Fixed Income,187492672980.0,3032504580.0,3846507160.0,1.420545641158336,BNDW,61.58750915527344,1.000508781721239,0.0052141668686563536
36,Global Fixed Income,186310914600.0,4146052590.0,4401686280.0,1.4115920021231168,BNDW,61.766273498535156,1.0034128656458063,0.0029026071311151905
37,Global Fixed Income,190553460250.0,4156495520.0,3293967060.0,1.4437358167838936,BNDW,63.26714324951172,1.0277949747238977,0.024299179244028007
38,Global Fixed Income,193543613720.0,4783846720.0,3715459398.07,1.466390832634332,BNDW,63.208526611328125,1.0268427286911865,-0.0009264941511966583
40,Global Fixed Income,201803392070.0,4420401160.0,3290814620.0,1.5289713694923142,BNDW,64.41067504882812,1.0463720145017044,-0.0001562101221553681
41,Global Fixed Income,203177404680.0,4566342850.0,3014306320.0,1.5393816302934935,BNDW,65.42476654052734,1.0628462550876623,0.015744152517117097
42,Global Fixed Income,206259253750.0,4377039000.0,2859280520.0,1.5627313814785089,BNDW,66.3673095703125,1.0781581680288508,0.014406517281208767
45,Global Fixed Income,215124401700.0,4452260580.0,2699867410.0,1.6298985250177105,BNDW,68.0747299194336,1.1058957576280386,-0.005848128488579448
46,Global Fixed Income,217982794710.0,4830642650.0,2794999700.0,1.6515552525395698,BNDW,68.01277923583984,1.1048893489614222,-0.0009100393592022855
48,Global Fixed Income,223626632070.01,4759044230.0,2990083440.0,1.6943160091800389,BNDW,66.85757446289062,1.0861226779939697,-0.014854488740166004
49,Global Fixed Income,230121604630.01,6305497350.0,3308259329.99,1.743525425275649,BNDW,69.14096069335938,1.1232170175277472,0.03415299236941577
51,Global Fixed Income,212458101770.01,5770263960.0,9475245180.0,1.609697198302548,BNDW,68.65362548828125,1.1153001012729706,-0.01710648866472438
52,Global Fixed Income,221650058210.01,4964286710.0,3284625400.0,1.6793404192723198,BNDW,69.89007568359375,1.1353866301087479,0.018009976698514698
53,Global Fixed Income,226656440690.01,3825344500.0,2908350220.0,1.7172714738404846,BNDW,70.33644104003906,1.1426379780704543,0.006386677251089226
54,Global Fixed Income,232059324720.01,5132718330.0,2731919580.0,1.7582066380605776,BNDW,70.77342224121094,1.14973687742872,0.006212728348355345
56,Global Fixed Income,243556369140.01,4207629880.0,2454097970.0,1.8453144491416908,BNDW,70.99738311767578,1.153375193488883,-0.0084090195888301
57,Global Fixed Income,244463625170.01,4530968180.0,3563252470.0,1.8521883102816863,BNDW,71.28751373291016,1.1580884581162334,0.004086497311506443
59,Global Fixed Income,253633256840.01,5140944860.0,3469337540.0,1.9216623867499196,BNDW,71.77764892578125,1.1660508610681342,0.0085748869565814
60,Global Fixed Income,258353620400.01,5692652520.0,3175134810.0,1.9574264076754515,BNDW,71.88409423828125,1.1677800992105765,0.0014829868920625338
61,Global Fixed Income,262299434610.0,9508738950.0,1089443520.0,1.9873220248626884,BNDW,71.51152038574219,1.1617275178281206,-0.005182980414332765
64,Global Fixed Income,270163331360.0,5939192110.0,3633718320.0,2.0469031491444003,BNDW,70.0580062866211,1.1381147164586114,0.0023943561573672957
65,Global Fixed Income,274420944230.0,6518742660.0,3330440130.0,2.0791611211925307,BNDW,70.15574645996094,1.1397025368315206,0.001395132098677908
66,Global Fixed Income,280402443790.0,6218408190.0,3704881540.0,2.124480188825936,BNDW,70.61101531982422,1.1470985250535646,0.006489402263335774
67,Global Fixed Income,284587750580.0,5948845940.0,3977171280.0,2.156190331003487,BNDW,71.50970458984375,1.1616980196430646,0.01272732400106449
68,Global Fixed Income,288973320210.0,5267398290.0,2638205410.0,2.1894177724969333,BNDW,71.25376892089844,1.1575402628536173,-0.003579034068358633
69,Global Fixed Income,288978901610.0,5875631960.0,2820558510.0,2.1894600601944503,BNDW,70.54578399658203,1.146038821346721,-0.009936104925233747
70,Global Fixed Income,290663103020.0,5074417890.0,3676997390.0,2.202220478688582,BNDW,70.36888122558594,1.1431649792589338,-0.0025076306615950963
74,Global Fixed Income,285374822520.0,5074546197.09,4796021530.0,2.162153612639374,BNDW,68.41390991210938,1.111405845077763,-0.012971500036213562
79,Global Fixed Income,262399693170.0,2939804214.87,4569464251.0,1.988081637801867,BNDW,65.1689682006836,1.0586907292533874,0.028093568760536005
80,Global Fixed Income,257545045520.0,3169708575.64,3979597900.0,1.9513002081654,BNDW,63.02496337890625,1.0238606852775427,-0.032899167824401034
81,Global Fixed Income,248655677340.0,2699575064.51,5104393730.0,1.8839495590971156,BNDW,60.76856994628906,0.9872048523770766,-0.035801582605478784
82,Global Fixed Income,246804566820.0,3234415212.01,5453328950.0,1.8699245471396144,BNDW,60.473140716552734,0.9824055100626613,-0.004861546519811908
83,Global Fixed Income,253265698680.0,4535357594.47,5679058020.0,1.9188775678352616,BNDW,62.438777923583984,1.0143379150955474,0.03250430164102945
84,Global Fixed Income,249193311920.0,5257296375.110001,6275268090.0,1.888022968724362,BNDW,61.1444206237793,0.9933106668287828,-0.020730022957668924
85,Global Fixed Income,257183714020.0,5948141256.5,5199590080.0,1.948562565786207,BNDW,63.19193649291992,1.026573216912177,0.03348655279177407
87,Global Fixed Income,257596110520.0,3754575280.0,4799313550.0,1.9516871041545216,BNDW,63.346214294433594,1.0290795091353275,0.02625987729623054
88,Global Fixed Income,259394918590.0,3093729753.64,3004006730.0,1.9653158445341077,BNDW,63.60554885864258,1.0332924820652893,0.004093923640070987
89,Global Fixed Income,256234113470.0,3257481070.0,3635797320.0,1.941367879718192,BNDW,63.29978942871094,1.0283253223451354,-0.004807118803599393
90,Global Fixed Income,256733443970.0,3263641420.0,3719538600.0,1.945151076970642,BNDW,63.191837310791016,1.0265716056667749,-0.0017054103796269177
92,Global Fixed Income,257163000930.0,3382101970.0,3670988250.0,1.9484056322418355,BNDW,62.971282958984375,1.0229886296890804,-0.0017284580439215329
93,Global Fixed Income,249976490450.0,2472119150.0,3988833310.0,1.8939567517856288,BNDW,61.65750503540039,1.001645887178366,-0.02086312779175388
94,Global Fixed Income,245005605130.0,2959793360.0,6140626250.0,1.856294642852032,BNDW,61.123355865478516,0.9929684630937424,-0.008663165491616885
96,Global Fixed Income,258084088800.0,4396640440.0,4433213160.0,1.955384290863828,BNDW,64.7654800415039,1.0521359350732553,0.019635353810461696
97,Global Fixed Income,266011656625.63995,5863955221.399999,4226613989.68,2.015447821564578,BNDW,65.56031799316406,1.0650483317846786,0.012272555551982279
98,Global Fixed Income,268139208227.22003,5148114380.46,4007392928.959999,2.0315673002936823,BNDW,64.81790161132812,1.0529875402393047,-0.011324172983928309
102,Global Fixed Income,275893899808.33,5623583787.450002,4431802244.549998,2.0903210273006465,BNDW,65.34161376953125,1.0614954117308333,0.007798964931192906
103,Global Fixed Income,283587402070.7699,5103536582.509997,3257149948.369999,2.1486111510182635,BNDW,66.7798080444336,1.0848593376566766,0.022010388050332678
105,Global Fixed Income,292321245562.3398,5275407311.29,3604233400.6599984,2.214783461142788,BNDW,68.36661529541016,1.110637528904813,0.013163283142590118
1,Commodity,1254002580.0,10481360.0,29935090.0,1.0,DBC,11.1683349609375,1.0,
2,Commodity,1370361760.0,53427250.0,6393680.0,1.0927902237649303,DBC,11.142118453979492,0.9976526038080248,-0.002347396191975167
3,Commodity,1404503170.0,56693940.0,7568620.0,1.1200161725345097,DBC,11.614020347595215,1.0399061622181416,0.04235297762852084
6,Commodity,1628241500.0,63565970.0,12521490.0,1.2984355263447704,DBC,13.414237022399902,1.2010955141762578,0.043507835815691336
7,Commodity,1759453230.0,72756440.0,19191870.0,1.403069864497408,DBC,12.479172706604004,1.1173709196806243,-0.06970685803705955
8,Commodity,1711544110.0,54001050.0,16436600.0,1.3648649032285085,DBC,12.575301170349121,1.1259781529057502,0.007703111897333211
9,Commodity,1721891670.0,24243040.0,42195890.0,1.3731165289947012,DBC,13.117114067077637,1.1744914629581051,0.04308548076812967
10,Commodity,1667761260.0,25657300.0,18628900.0,1.3299504216331035,DBC,13.073418617248535,1.1705790221169294,-0.003331178611823757
11,Commodity,1517937440.0,16129140.0,37421880.0,1.210473936983447,DBC,13.291892051696777,1.1901408847591566,0.016711270467542227
12,Commodity,1441371720.0,5985510.0,111156650.0,1.1494168696207945,DBC,13.842443466186523,1.239436631745199,0.041420093719423894
13,Commodity,1403477620.0,35080710.0,116643120.0,1.1191983512506012,DBC,13.7637939453125,1.2323944431692735,-0.005681765727715897
14,Commodity,1457432160.0,13205410.0,9700230.0,1.1622242116918131,DBC,13.737578392028809,1.2300471323682112,-0.0019046749310439634
15,Commodity,1422966330.0,8590960.0,32977300.0,1.1347395553205322,DBC,13.291892051696777,1.1901408847591566,-0.032442860569271766
16,Commodity,1440755750.0,7952820.0,12175340.0,1.1489256664846734,DBC,12.93359661102295,1.1580595188324534,-0.02695593970221041
17,Commodity,1422143770.0,11322860.0,14352180.0,1.134083607706772,DBC,12.750080108642578,1.1416276600977144,-0.014189131445770083
19,Commodity,1341565730.0,5142430.0,10626190.0,1.06982692970217,DBC,13.143330574035645,1.1768388591500802,0.04083047538433061
21,Commodity,1365573950.0,16763260.0,24863190.0,1.0889722013171617,DBC,13.457930564880371,1.205007784235608,0.01986743719375964
22,Commodity,1366557570.0,15687790.0,23318600.0,1.0897565856682687,DBC,13.991005897521973,1.2527387427451881,0.03961049806815823
23,Commodity,1330479690.0,2451380.0,40419690.0,1.0609864056260554,DBC,14.122089385986328,1.2644758090959767,0.009369125381297453
24,Commodity,1331047270.0,21427770.0,21038500.0,1.0614390203248223,DBC,14.515339851379395,1.2996870081483425,0.02784647899079989
25,Commodity,1328067570.0,7065960.0,26577000.0,1.0590628689137147,DBC,14.943547248840332,1.3380282111081965,0.029500335634252813
26,Commodity,1312003490.0,25099240.0,31074850.0,1.0462526241373442,DBC,14.50660228729248,1.2989046566055678,-0.029239708234720503
27,Commodity,1311093310.0,8047510.0,17341680.0,1.045526804259047,DBC,14.838680267333984,1.328638540949383,0.02289150646477695
28,Commodity,1309618160.0,19483800.0,12460210.0,1.0443504510174133,DBC,15.345539093017578,1.374022103266988,0.034157945083525904
29,Commodity,1297640970.0,5471050.0,15117040.0,1.0347992824703758,DBC,15.756266593933105,1.4107981761867288,0.02676527024732639
30,Commodity,1267371510.0,12582450.0,17206580.0,1.0106610067740052,DBC,15.450404167175293,1.383411602643976,-0.01941211294784665
31,Commodity,1216883400.0,13439580.0,18167530.0,0.9703994388911066,DBC,15.074631690979004,1.3497653628498978,-0.024321206884323814
32,Commodity,1160432590.0,4683870.0,25567590.0,0.925382936612459,DBC,15.188237190246582,1.3599374699423987,0.007536203974758613
33,Commodity,1125211870.0,7214120.0,22352980.0,0.8972962958337773,DBC,15.703832626342773,1.4061032984118655,0.03394702292556314
34,Commodity,1161069250.0,32058580.0,15167650.0,0.9258906389171864,DBC,14.82120132446289,1.3270734963001825,-0.056204833742260575
35,Commodity,1141583780.0,17060060.0,40963740.0,0.9103520185739968,DBC,13.36180305480957,1.1964006364013946,-0.09846693514948308
36,Commodity,1219277720.0,19814060.0,26143360.0,0.9723087810552988,DBC,12.662690162658691,1.133802863806276,-0.05232174799188002
37,Commodity,1248539190.0,41564590.0,38090720.0,0.9956432386287436,DBC,13.73896312713623,1.2301711199735492,0.08499560130211399
38,Commodity,1247061970.0,20312240.0,22767790.0,0.9944652346728028,DBC,14.128470420837402,1.265047159693303,0.028350559652630884
39,Commodity,1271534170.0,61388040.0,23542570.0,1.0139805055265516,DBC,14.07535457611084,1.2602912274158113,-0.0037594901036296534
40,Commodity,1235451870.0,8395890.0,27635490.0,0.985206800770697,DBC,14.243551254272461,1.2753513665278553,0.011949729383520475
41,Commodity,1237194940.0,6550680.0,16329020.0,0.9865968058853596,DBC,13.393718719482422,1.1992583286880676,-0.059664371589572884
43,Commodity,1399158540.0,32092750.0,5314820.0,1.1157541159125846,DBC,13.765521049499512,1.2325490861122952,-0.01144303943805467
45,Commodity,1523592700.0,57725050.0,64386850.0,1.2149837044194918,DBC,13.314046859741211,1.1921246010536555,0.014160541246321151
46,Commodity,1535890060.0,18036380.0,36433760.0,1.2247901914204993,DBC,13.570767402648926,1.2151110662524183,0.019281931753145774
47,Commodity,1518094920.0,49792770.0,15520770.0,1.2105995188622338,DBC,13.55306339263916,1.2135258693478046,-0.0013045695563472643
48,Commodity,1590547450.0,51888290.0,38569540.0,1.268376537151941,DBC,14.119617462158203,1.2642544758500835,0.041802657680089186
49,Commodity,1695472790.0,58541710.0,17772180.0,1.3520488849392958,DBC,13.113592147827148,1.1741761143172553,-0.0712501820270478
50,Commodity,1722175910.0,60841970.0,32822520.0,1.373343195195021,DBC,12.241150856018066,1.0960587141084916,-0.0665295429333328
51,Commodity,1801383300.0,125484980.0,41424480.0,1.4365068531198717,DBC,10.118513107299805,0.9060001461892426,-0.1734018127613155
52,Commodity,2119154680.0,206248510.0,16537110.0,1.689912535905628,DBC,9.80371379852295,0.8778133744029467,-0.031111222117185342
53,Commodity,2349794060.0,155299280.0,12608820.0,1.8738351080585496,DBC,10.595207214355469,0.9486827939360155,0.08073403937513637
54,Commodity,2474405690.0,92578120.0,25265560.0,1.9732062194002824,DBC,11.071901321411133,0.9913654416827885,0.04499148505654427
55,Commodity,2935329110.0,172508740.0,21273050.0,2.340767999057865,DBC,11.638537406921387,1.0421013918035653,0.05117784823591935
57,Commodity,3283175680.0,130896840.0,29475120.0,2.618157037603543,DBC,11.746469497680664,1.0517655083560131,-0.035450394952637715
59,Commodity,3125875690.0,27261933.0,67593000.0,2.4927187071656585,DBC,12.53796100616455,1.1226347571072564,0.10197622223382657
60,Commodity,3232354670.0,33453460.0,129286090.0,2.577629999772409,DBC,13.221522331237793,1.1838400600878776,0.05451933729393121
62,Commodity,2691321860.0,65694360.0,67123170.0,2.1461852654242546,DBC,15.047351837158203,1.347322755790187,0.10138248236742174
63,Commodity,2847337580.0,406090210.0,145308310.0,2.270599459213234,DBC,14.939421653747559,1.3376588100195648,-0.007172702850219783
64,Commodity,2886455990.0,26450240.0,93470280.0,2.3017942993386824,DBC,16.108673095703125,1.4423522532270934,0.0782661785078045
65,Commodity,3070998250.0,21462260.0,41170520.0,2.4489568833263484,DBC,16.72927474975586,1.4979202189286378,0.03852593260572626
66,Commodity,3000079140.0,134284230.0,28630220.0,2.3924026854872977,DBC,17.31389808654785,1.5502667270551203,0.03494612561136423
67,Commodity,3138722780.0,63718980.0,9845840.0,2.5029635744449585,DBC,17.538753509521484,1.5704000256855866,0.012986990096027868
68,Commodity,3056099080.0,8407870.0,28726110.0,2.4370755919816367,DBC,17.250938415527344,1.5446293897760435,-0.01641023655631461
69,Commodity,2845490190.0,11537530.0,56592010.0,2.269126264477064,DBC,18.150362014770508,1.6251627550797345,0.052137662171097006
70,Commodity,2800400350.0,12696350.0,24596130.0,2.233169528247701,DBC,19.20269012451172,1.7193870162092446,0.057978353758720694
71,Commodity,2846059700.0,27824740.0,35224380.0,2.2695804182476245,DBC,17.52076530456543,1.5687893822889682,-0.08758797903005044
72,Commodity,2823328520.0,32436420.0,88009390.0,2.2514535177431614,DBC,18.690017700195312,1.6734829108874096,0.06673523532246664
74,Commodity,2696758780.0,27727720.0,101242410.0,2.150520918385989,DBC,21.469236373901367,1.9223309874741779,0.06467434824531186
76,Commodity,2685246000.0,36995640.0,15169150.0,2.141340091979715,DBC,24.761127471923828,2.217083169382781,0.05640840272730262
78,Commodity,2483933180.0,19136090.0,57745710.0,1.9808038831945625,DBC,23.960636138916016,2.145408086587752,-0.07500001656746193
79,Commodity,2391264230.0,15945190.0,51889460.0,1.9069053510240783,DBC,23.483945846557617,2.1027257804046298,-0.0198947260663157
80,Commodity,2283073050.0,23676000.0,64697150.0,1.820628670476898,DBC,23.133167266845703,2.0713174656523594,-0.014936952333473924
81,Commodity,2252321470.0,4929430.0,54719100.0,1.796105929861803,DBC,21.505212783813477,1.9255522742674143,-0.07037317736276431
83,Commodity,2326673970.0,74533450.0,49599630.0,1.855398072625975,DBC,22.926300048828125,2.052794810418511,0.014729210876459594
84,Commodity,2397649070.0,70231180.0,79415760.0,1.911996919495971,DBC,22.17078399658203,1.9851467630695916,-0.032954120404819175
85,Commodity,2487937340.0,57472750.0,56122740.0,1.9839969866728664,DBC,22.503719329833984,2.0149574138439847,0.01501684980121949
86,Commodity,2333873740.0,22302731.0,49740140.0,1.8611395041946408,DBC,21.499330520629883,1.9250255831174652,-0.04463212478270414
87,Commodity,2494354080.0,23084220.0,83591130.0,1.9891139936889124,DBC,21.481233596801758,1.9234052051567914,-0.000841743598051108
92,Commodity,2344263620.0,8407330.0,35949000.0,1.8694248778977791,DBC,22.25035858154297,1.9922717808309014,-0.0036467314236157226
93,Commodity,2244868210.0,14911840.0,60611310.0,1.7901623535734672,DBC,22.585153579711914,2.0222489438851907,0.015046723716473637
94,Commodity,2357529850.0,21342690.0,52365830.0,1.8800039869136476,DBC,22.17797088623047,1.9857902689882065,-0.018028776826526195
96,Commodity,2366927160.0,18904130.0,26151830.0,1.8874978391192785,DBC,19.942981719970703,1.7856718830267457,-0.07820990230010559
97,Commodity,2237202083.85,10549524.4,54595121.86,1.784049027913483,DBC,21.19828987121582,1.8980707460296642,0.06294485793907459
99,Commodity,2448830779.63,27348074.200000003,56363173.65,1.9528115959936856,DBC,21.80585289001465,1.952471247171853,0.04456569955462807
100,Commodity,2608047301.91,51626114.83,20201636.09,2.0797782584386706,DBC,22.157100677490234,1.9839215742532053,0.0161079591450619
101,Commodity,2666404545.5700006,31315521.54,54739046.77,2.126315039614991,DBC,22.090648651123047,1.9779715354515746,-0.002999130045687666
102,Commodity,2648545975.240001,23360132.26,21456206.74,2.112073784760476,DBC,22.052675247192383,1.9745714400870031,-0.0017189809376074417
103,Commodity,2800567226.1200004,82082879.72,33422709.96,2.2333026030297325,DBC,21.435619354248047,1.9193209577991277,-0.027980999403820445
104,Commodity,3426966403.1599994,594838803.84,12615752.45,2.732822450142008,DBC,20.989439010620117,1.8793704776972597,-0.02081490328104315
105,Commodity,3698784886.77,154433157.98999998,12683913.92,2.949583155379154,DBC,21.14133071899414,1.8929706883737198,0.007236577799776837
1,Miscellaneous,14208528880.0,553686810.0,272890260.0,1.0,AOM,26.698328018188477,1.0,
2,Miscellaneous,10714828720.0,481506490.0,182206180.0,0.7541124637528273,AOM,26.730194091796875,1.0011935606449471,0.0011935606449471063
3,Miscellaneous,11275840420.0,518696520.0,196635020.0,0.7935966147679041,AOM,27.72611427307129,1.0384962779010964,0.037258247278498
5,Miscellaneous,12110146450.0,557331850.0,140833760.0,0.8523152926159939,AOM,27.925289154052734,1.0459564784367164,0.0040103099527965674
6,Miscellaneous,12524723350.0,562498350.0,175246860.0,0.8814933238887149,AOM,28.12447738647461,1.0534171790576008,0.007132897758839044
8,Miscellaneous,13786254890.0,653897640.0,178585720.0,0.9702802455084288,AOM,28.844507217407227,1.0803862772888493,0.007899400065474547
9,Miscellaneous,14141646700.0,500961500.0,185999220.0,0.9952928145788448,AOM,28.94879150390625,1.0842923004086482,0.003615394976693845
10,Miscellaneous,14401693040.0,477311300.0,161313280.0,1.0135949443908931,AOM,28.371253967285156,1.0626603264428014,-0.019950315941277302
11,Miscellaneous,14662663340.0,546129460.0,247908631.0,1.031962102750781,AOM,28.247737884521484,1.058033966219812,-0.004353564453164391
12,Miscellaneous,14830237800.0,568441000.0,418304650.0,1.043756037324534,AOM,28.368526458740234,1.0625581661673316,0.004276044145996441
13,Miscellaneous,15063015960.0,591228890.0,319694070.0,1.0601390254555334,AOM,28.83114242553711,1.079885691939047,0.01630736680911901
14,Miscellaneous,15524668940.0,566971460.0,344650090.0,1.092630283621593,AOM,29.341793060302734,1.0990123816110646,0.017711772472578734
15,Miscellaneous,15877627460.0,695682040.0,426050170.0,1.1174715971017544,AOM,29.463375091552734,1.1035663009114483,0.004143646947551118
17,Miscellaneous,16722378040.0,564762380.0,281825600.0,1.1769253651261888,AOM,30.2579345703125,1.1333269465300977,0.01883956422806417
19,Miscellaneous,16730486520.0,540008410.0,280577130.0,1.1774960420814515,AOM,30.526418685913086,1.1433831611146843,0.006707954061116649
20,Miscellaneous,17060034750.0,510182020.0,284497380.0,1.2006897331935464,AOM,30.916112899780273,1.1579793640529996,0.012765801906760136
21,Miscellaneous,17158277090.0,385059040.0,340301430.0,1.2076040549245095,AOM,31.104522705078125,1.165036352983898,0.006094226848912517
22,Miscellaneous,17704238140.0,529897880.0,456844740.0,1.2460289372336484,AOM,31.260175704956055,1.1708664184386295,0.005004191877617777
23,Miscellaneous,18024075720.0,478542890.0,356111270.0,1.2685391902444445,AOM,31.66548728942871,1.1860475782549496,0.01296574876283876
24,Miscellaneous,18085964280.0,528170600.0,300503950.0,1.2728949233764728,AOM,31.295289993286133,1.1721816426843634,-0.011690876339874477
25,Miscellaneous,18455905560.0,844730720.0,540695540.0,1.2989314879725955,AOM,32.43856430053711,1.215003586682958,0.036531832984971424
26,Miscellaneous,18558464050.0,637014480.0,385837880.0,1.3061495814758832,AOM,31.68438148498535,1.1867552703450224,-0.02324957444368986
27,Miscellaneous,18810017380.0,661853750.0,386098670.0,1.3238539710101218,AOM,31.65085220336914,1.1854994133642642,-0.0010582274308273889
28,Miscellaneous,18904415530.0,687584100.0,596847040.0,1.3304977376377054,AOM,31.39946174621582,1.17608345079979,-0.007942612588692336
29,Miscellaneous,19193233500.0,496497090.0,394300760.0,1.350824822337272,AOM,31.706714630126953,1.1875917701110896,0.009785291429339935
30,Miscellaneous,19468473550.0,525509430.0,387661520.0,1.3701962894556892,AOM,31.588890075683594,1.1831785890922975,-0.0037160757845092324
31,Miscellaneous,19771025290.0,815993180.0,612053820.0,1.3914899605004003,AOM,31.790882110595703,1.1907443076187347,0.00639440114635741
32,Miscellaneous,19984394020.0,492566320.0,391959970.0,1.406506907842524,AOM,32.20008087158203,1.2060710636877874,0.012871576182214357
34,Miscellaneous,19240679811.79,559687230.0,557908110.0,1.3541641062413776,AOM,30.81742286682129,1.1542828766590418,-0.04117153738066129
36,Miscellaneous,18810817629.99,435761020.0,617054080.0,1.3239102928149165,AOM,30.423294067382812,1.139520573972148,-0.028851579040233884
37,Miscellaneous,19413798270.0,477904720.0,425679780.0,1.366348228867449,AOM,31.78125,1.190383531820747,0.04463540107161074
38,Miscellaneous,19777684069.0,825301840.0,786860290.0,1.3919586071179524,AOM,32.1505012512207,1.204214032778303,0.01161852511215585
39,Miscellaneous,20098085805.46,479717840.0,514119690.0,1.4145085656087992,AOM,32.68290328979492,1.2241554327870046,0.016559680809144595
40,Miscellaneous,20398864042.15,382765910.0,401404070.0,1.435677417024049,AOM,32.99205017089844,1.2357346927651165,0.009458978547969
41,Miscellaneous,20181199102.53,524822750.0,477411470.0,1.4203581013187905,AOM,32.6608772277832,1.2233304349820215,-0.010037961915060215
42,Miscellaneous,20449994396.11,344452960.0,408589250.0,1.4392759847851329,AOM,33.697181701660156,1.262145767281893,0.03172922964222815
43,Miscellaneous,20554216090.21,659459840.0,572076810.0,1.4466111350304691,AOM,33.54174041748047,1.256323631750642,-0.004612886785485369
44,Miscellaneous,20783607233.39,824906780.0,710538910.0,1.4627557440267525,AOM,34.017921447753906,1.2741592441511278,0.014196670308296615
45,Miscellaneous,21167737523.26,595832160.0,284182400.0,1.4897909348698175,AOM,34.226985931396484,1.2819898649862658,0.006145715985724401
47,Miscellaneous,21664177400.0,516221710.0,483177350.0,1.5247305039788186,AOM,34.895103454589844,1.30701456026824,0.015385052557243423
48,Miscellaneous,21749542300.0,464443100.0,310214470.0,1.530738508095287,AOM,35.140289306640625,1.3161981260662086,0.007026368394919641
49,Miscellaneous,22362715760.0,591796560.0,376963800.0,1.5738938174998451,AOM,35.4832878112793,1.3290453165121796,0.009760833260238806
50,Miscellaneous,22059959571.16,628280680.0,330026040.0,1.5525857572919963,AOM,34.618492126464844,1.2966539366390541,-0.02437191529189567
51,Miscellaneous,20179898600.0,1127159840.0,1340688130.0,1.4202665716086436,AOM,32.42119216918945,1.2143529043130425,-0.06347185629138416
52,Miscellaneous,21507859286.18,475039600.0,336868090.0,1.5137287940100943,AOM,33.73604965209961,1.263601586927714,0.04055549456813908
53,Miscellaneous,22236812476.29,560926130.0,316755250.0,1.5650327112746103,AOM,34.82744598388672,1.3044804139105717,0.03235104118715882
54,Miscellaneous,22719842710.0,1058446000.0,871009930.0,1.599028506179874,AOM,35.36857986450195,1.324748869682281,0.015537570020655422
56,Miscellaneous,24071691080.27,481795760.0,252125630.0,1.6941719500710195,AOM,37.185604095458984,1.3928064735037324,0.027157012413574513
58,Miscellaneous,24003907760.64,812091050.0,678884970.0,1.6894013422056682,AOM,36.08744812011719,1.3516744604955144,-0.015346984742736316
59,Miscellaneous,25304279850.0,674444110.0,411572420.0,1.7809218719059956,AOM,38.104286193847656,1.4272161975045317,0.05588752263716228
60,Miscellaneous,25882784000.0,726377960.0,348998590.0,1.821637146153304,AOM,38.7227783203125,1.4503821472989715,0.016231563119130307
61,Miscellaneous,4558941420.0,240449490.0,166943690.0,0.3208594963280956,AOM,38.800445556640625,1.4532912147235388,0.0020057247877635813
64,Miscellaneous,4524844940.0,210399000.0,217651140.0,0.3184597770969234,AOM,40.02705001831055,1.4992343337396168,0.019058401140413732
65,Miscellaneous,4508115190.0,165447230.0,200638430.0,0.3172823328913133,AOM,40.41994857788086,1.5139505571414211,0.009815826032410067
66,Miscellaneous,4576610600.0,216136580.0,207788370.0,0.3221030578642143,AOM,40.73644256591797,1.525805006896533,0.007830143262733031
67,Miscellaneous,4580590010.0,114239110.0,144858490.0,0.3223831297867622,AOM,40.99867248535156,1.5356269672550598,0.006437231700074559
68,Miscellaneous,4619349560.0,127984060.0,133160150.0,0.3251110371111129,AOM,41.53353500366211,1.5556605258339404,0.013045849679685317
71,Miscellaneous,4332393440.0,164861660.0,271957610.0,0.3049149899042891,AOM,41.084171295166016,1.5388293704076546,-0.004945904287346581
72,Miscellaneous,4339973000.0,122315140.0,200194780.0,0.3054484413308241,AOM,41.40287399291992,1.5507665485536712,0.0077573110934674
73,Miscellaneous,4179766780.0,185941570.0,226537890.0,0.2941730854264203,AOM,40.43645095825195,1.5145686625283896,-0.023341931162393012
74,Miscellaneous,4132116480.0,162891460.0,166069150.0,0.2908194447784379,AOM,39.67592239379883,1.4860826628082946,-0.018807994926120546
76,Miscellaneous,3835252520.0,153745710.0,224790620.0,0.2699260811862459,AOM,37.13776779174805,1.3910147394416463,-0.05678368863244993
78,Miscellaneous,3543844630.0,155287350.0,218614650.0,0.249416717235824,AOM,35.81066131591797,1.3413072643171375,-0.04392629854231491
79,Miscellaneous,3680617480.0,97222200.0,106046470.0,0.2590428263956909,AOM,37.079105377197266,1.388817507670772,0.035420849955526204
83,Miscellaneous,3584433900.0,177726160.0,201281410.0,0.2522734007350661,AOM,36.482059478759766,1.3664548376926837,0.059963322934183
84,Miscellaneous,3584403900.0,297849540.0,212469260.0,0.2522712893271748,AOM,35.32950210571289,1.3232851915537314,-0.03159244268317434
85,Miscellaneous,3757728570.0,122395650.0,111409730.0,0.2644699251932688,AOM,37.416290283203125,1.401446946704413,0.059066447391365705
87,Miscellaneous,3740656930.0,125460880.0,128799620.0,0.2632684186795276,AOM,37.341346740722656,1.3986398966738114,0.026525971118290092
88,Miscellaneous,3799748390.0,126304690.0,137332480.0,0.2674272911778041,AOM,37.50060272216797,1.404604913709216,0.004264869784989187
89,Miscellaneous,3725251170.0,236518280.0,210423830.0,0.2621841572383812,AOM,37.2303466796875,1.39448233066595,-0.007206711968944184
90,Miscellaneous,3773626160.0,174896720.0,153075040.0,0.2655888017591867,AOM,38.0399055480957,1.4248047863589313,0.02174459656186576
91,Miscellaneous,3705128360.0,165192790.0,193730990.0,0.2607679085774572,AOM,38.3693733215332,1.4371451761096696,0.00866110913500923
92,Miscellaneous,3684489070.0,205172080.0,251160030.0,0.2593153099182778,AOM,38.12557601928711,1.428013619179213,-0.006353955802277144
93,Miscellaneous,3515744560.0,141192160.0,199520440.0,0.2474390269177536,AOM,36.92110824584961,1.3828996415317383,-0.03159212002011928
94,Miscellaneous,3433509860.0,145064350.0,223989340.0,0.2416513271006561,AOM,36.039100646972656,1.3498635803118717,-0.023888979523687556
95,Miscellaneous,3586061370.0,62965300.0,115009300.0,0.2523879425017574,AOM,38.42451095581055,1.4392103853707057,0.06618950711907592
96,Miscellaneous,3688011980.0,139751580.0,143380200.0,0.2595632532507475,AOM,39.5880241394043,1.4827903871895873,0.030280494263982397
97,Miscellaneous,3665240089.26,176423305.16,184882284.4,0.2579605615905255,AOM,40.03640365600586,1.4995846791878016,0.01132614032523194
98,Miscellaneous,3703949855.76,143469478.87,155433269.92000002,0.260684965139051,AOM,40.47021484375,1.5158333067216532,0.010835418472434764
99,Miscellaneous,3761210991.6,188060847.23999995,179463270.56,0.2647150189414965,AOM,41.2414436340332,1.5447200890608992,0.01905670116308531
100,Miscellaneous,3709956355.56,213532044.08,212204038.56,0.2611077041749307,AOM,39.92071533203125,1.4952515118113352,-0.0320242985119964
101,Miscellaneous,3763965832.94,198785428.93,223582641.97000003,0.2649089053996419,AOM,41.20465850830078,1.543342282716346,0.03216232889592867
102,Miscellaneous,3756108537.92,187462997.92,203749355.23,0.2643559069093436,AOM,41.679500579833984,1.5611277437088737,0.011523989974035217
103,Miscellaneous,3844947734.31,173512542.78999996,203637812.41,0.2706084329196225,AOM,42.241554260253906,1.5821797616493611,0.013485134720924734
104,Miscellaneous,3858831607.47,170460869.21,181932038.35,0.2715855835646512,AOM,43.337791442871094,1.6232399052609898,0.025951629901285696
105,Miscellaneous,3959141745.12,245773006.51999995,198937073.41,0.2786454374381368,AOM,44.06057357788086,1.650312092497485,0.016677871920689688
1,Target Date,5942428170.0,128348130.0,38317260.0,1.0,VTHRX,18.477554321289062,1.0,
3,Target Date,6111334250.0,104607080.0,54056050.0,1.0284237478633251,VTHRX,19.447141647338867,1.052473791130068,0.0572290277869516
4,Target Date,6124349280.0,91484440.0,32810390.0,1.0306139350439971,VTHRX,19.647981643676758,1.0633431947776324,0.010327481538417931
5,Target Date,6342874420.0,89917880.0,39840310.0,1.0673876466898884,VTHRX,19.751869201660156,1.0689655599552417,0.005287441726455002
6,Target Date,6288491320.0,75144340.0,99561230.0,1.058235983692168,VTHRX,19.821123123168945,1.0727135625482578,0.0035061958340109013
7,Target Date,6541082510.0,116685770.0,37690760.0,1.100742377168692,VTHRX,20.45827865600586,1.1071962393007115,0.03214527899744197
8,Target Date,6596467350.0,68991730.0,34911080.0,1.1100626143538224,VTHRX,20.52060890197754,1.1105695345370765,0.003046700410123783
9,Target Date,6657743490.0,69836100.0,35688710.0,1.12037424762006,VTHRX,20.617568969726562,1.1158169859077003,0.004725009292471802
11,Target Date,6683397460.0,77113910.0,37345390.0,1.124691333038023,VTHRX,20.402875900268555,1.1041978578713318,0.0071795434796343115
12,Target Date,6769794170.0,92494290.0,36717660.0,1.1392302904352989,VTHRX,20.222810745239258,1.0944527827440553,-0.008825479109390003
13,Target Date,6816798660.0,136939360.0,74352060.0,1.147140270775877,VTHRX,21.107759475708008,1.1423459570831045,0.0437599274214184
14,Target Date,7043047320.0,127059230.0,52700770.0,1.1852137070089312,VTHRX,21.582809448242188,1.168055526881898,0.022505940200848593
15,Target Date,7145908730.0,107555710.0,62391300.0,1.202523366807478,VTHRX,21.760066986083984,1.1776486545631717,0.008212903805080558
16,Target Date,7386474620.0,87222740.0,38585140.0,1.243006126231392,VTHRX,22.03658676147461,1.192613826391785,0.012707671146760033
17,Target Date,7474336140.0,91468400.0,50493500.0,1.2577915838737013,VTHRX,22.36273956298828,1.210265123519235,0.014800513575172515
18,Target Date,7270432040.0,90739870.0,46124830.0,1.2234783209840634,VTHRX,22.476184844970703,1.2164047500092903,0.0050729599413741255
21,Target Date,7383723000.0,67877000.0,37835000.0,1.2425430798265753,VTHRX,23.34828758239746,1.2636027028477759,0.014479413311768415
22,Target Date,7657862000.0,84334000.0,56961000.0,1.2886755684587434,VTHRX,23.70989227294922,1.283172646156514,0.015487418050494448
23,Target Date,7781721000.0,88869000.0,46679000.0,1.309518731633234,VTHRX,24.064407348632812,1.3023589015190615,0.014952201030793482
25,Target Date,7958666000.0,117185000.0,59525000.0,1.3392952800302844,VTHRX,25.19429588317871,1.3635081485946925,0.056603470223675
26,Target Date,8026194110.0,132352120.0,60608080.0,1.350659003422165,VTHRX,24.398380279541016,1.32043342183171,-0.03159110329291236
28,Target Date,8144177320.0,100879850.0,50288490.0,1.3705133805597185,VTHRX,24.2536678314209,1.3126016251770312,0.002392405600132056
29,Target Date,8306980180.0,137750510.0,54717050.0,1.39791007015235,VTHRX,24.441789627075195,1.3227827234102292,0.007756426655212247
30,Target Date,8415401540.0,90452040.0,49312440.0,1.4161553659974655,VTHRX,24.383909225463867,1.3196502524887588,-0.0023680918007416107
31,Target Date,8504705110.0,86203730.0,42850540.0,1.4311834938006496,VTHRX,24.897634506225586,1.3474529190012758,0.021068208383307165
32,Target Date,8568025660.0,87729470.0,52103120.0,1.441839163198501,VTHRX,25.12917137145996,1.3599836284884945,0.00929955274170644
33,Target Date,8517937840.0,74177000.0,46010410.0,1.4334103158372715,VTHRX,25.13640785217285,1.3603752647725538,0.0002879713224889436
34,Target Date,8235616700.0,84839960.0,67898190.0,1.385900925412448,VTHRX,23.732704162597656,1.2844072191552878,-0.05584344818998693
35,Target Date,8397142390.0,79281200.0,49587900.0,1.4130826910777787,VTHRX,24.058305740356445,1.3020286842094397,0.01371953130701101
36,Target Date,8269521160.0,105949800.0,58264830.0,1.3916064146552405,VTHRX,22.300058364868164,1.2068728348521196,-0.07308275962836905
38,Target Date,8825547660.0,123648750.0,55338500.0,1.485175320175557,VTHRX,24.745664596557617,1.3392283505856997,0.01928972766181641
39,Target Date,9068279490.0,100498690.0,58761170.0,1.5260225669669307,VTHRX,25.09503173828125,1.358136001222186,0.01411831718483057
40,Target Date,9282416400.0,92601590.0,60344170.0,1.562057821222263,VTHRX,25.697132110595703,1.3907215026281128,0.023992811748310257
43,Target Date,9327569170.0,94740410.0,50875740.0,1.5696561915699183,VTHRX,26.016767501831055,1.4080200793595086,0.0025780576314768967
44,Target Date,9406550390.0,103043700.0,59083520.0,1.5829472600928385,VTHRX,25.845800399780273,1.3987673882794016,-0.006571419836793661
45,Target Date,9470960560.0,91486470.0,56523160.0,1.593786292245582,VTHRX,26.1803035736084,1.4168706051885098,0.012942264068206947
48,Target Date,9906055930.0,141394900.0,51177640.0,1.667004740589065,VTHRX,27.094608306884766,1.4663525180747268,-0.0013697145181443588
49,Target Date,10116358190.0,139643620.0,68396890.0,1.702394694658968,VTHRX,27.669830322265625,1.4974833704255768,0.021230128476693828
50,Target Date,9928923070.0,148005690.0,69180880.0,1.6708528544148982,VTHRX,26.37613296508789,1.427468836322046,-0.046754799075753986
52,Target Date,9795384870.0,82000840.0,44439340.0,1.6483808621282838,VTHRX,25.546648025512695,1.3825773466177242,0.08046345585006165
54,Target Date,10158774650.0,87499560.0,51887080.0,1.709532594989701,VTHRX,27.09147071838379,1.466182712674812,0.02357679506921308
55,Target Date,10459472240.0,95383340.0,46481760.0,1.7601343997398289,VTHRX,28.134037017822266,1.5226061051492843,0.03848319311549999
56,Target Date,10582345640.0,91771490.0,45730310.0,1.7808117047883474,VTHRX,29.176599502563477,1.5790292911734225,0.03705698133832594
57,Target Date,10561782890.0,89034640.0,48642570.0,1.7773513768867315,VTHRX,28.636295318603516,1.5497881819570667,-0.018518408353670187
58,Target Date,10697303320.0,313055430.0,51617630.0,1.8001569415688874,VTHRX,28.20252799987793,1.526312817675452,-0.015147466315022593
59,Target Date,11354724120.0,120530800.0,60631720.0,1.9107886195955484,VTHRX,30.60727882385254,1.6564572503292883,0.08526720810223176
60,Target Date,11652988100.0,156340200.0,59429000.0,1.9609808931018176,VTHRX,30.8584041595459,1.6700480822828452,0.008204758650339573
61,Target Date,11807950350.0,256814090.0,58074820.0,1.987058154040758,VTHRX,31.534915924072266,1.7066607071336848,0.021923096250493938
62,Target Date,12011266180.0,247651100.0,71461560.0,2.0212724220442704,VTHRX,31.9564151763916,1.729472127140374,0.013366113083484815
63,Target Date,12147138040.0,176912800.0,91234070.0,2.0441371258510306,VTHRX,32.440372467041016,1.7556637584696249,0.015144292248617002
64,Target Date,12350198780.0,154614520.0,59723250.0,2.0783084669578766,VTHRX,33.40827178955078,1.8080461953267903,0.02983625799898378
65,Target Date,12537157010.0,125495340.0,65839050.0,2.109770055495681,VTHRX,33.767333984375,1.8274785394877555,0.010747703355805547
66,Target Date,16083051890.0,3358383230.0,62872220.0,2.706478131480721,VTHRX,34.142005920410156,1.8477556784164433,0.011095691955086725
67,Target Date,16297013980.0,161805500.0,76107400.0,2.742483966785584,VTHRX,34.40740203857422,1.8621188410704037,0.007773301861136642
68,Target Date,16694605170.0,145997770.0,69046220.0,2.809391160044935,VTHRX,34.92257308959961,1.8899997522595988,0.014972680891391659
69,Target Date,16327200690.0,131962880.0,76326020.0,2.747563827936013,VTHRX,33.87661361694336,1.8333927222128172,-0.029950813474501688
70,Target Date,16662041140.0,175723040.0,68613450.0,2.803911240209404,VTHRX,34.96940994262695,1.8925345494634356,0.03225813353248014
71,Target Date,16730487490.0,163986080.0,76884700.0,2.8154294862936475,VTHRX,34.430816650390625,1.8633860332219878,-0.015401841012472862
72,Target Date,17258916780.0,238594270.0,83737520.0,2.904354295291381,VTHRX,29.9893856048584,1.623017044539595,-0.12899580891822493
73,Target Date,16825275720.0,215490510.0,107284280.0,2.831380580238465,VTHRX,33.928802490234375,1.836217169235597,0.131360373209439
74,Target Date,16646604900.0,327087980.0,79927050.0,2.8013136084739583,VTHRX,33.185630798339844,1.7959969280190264,-0.02190385859060119
75,Target Date,16634768270.0,217898820.0,84281730.0,2.7993217240689003,VTHRX,33.259037017822266,1.7999696518008663,0.002211988071840241
76,Target Date,15971635350.0,124145440.0,105734500.0,2.6877288026184085,VTHRX,31.139631271362305,1.6852680138239144,-0.0637242066065909
78,Target Date,15234819790.0,144379650.0,64581700.0,2.563736464987847,VTHRX,29.378049850463867,1.5899317268744657,-0.0596181206391312
79,Target Date,15810081820.0,117511830.0,67745310.0,2.6605423519995197,VTHRX,30.98365592956543,1.6768266725573828,0.054653255994669456
80,Target Date,15552974900.0,140311190.0,73083960.0,2.617276045256766,VTHRX,29.87349510192871,1.61674508338529,-0.03583053046291331
81,Target Date,15080655930.0,135430350.0,80139630.0,2.537793558218138,VTHRX,27.634817123413086,1.4955884660327265,-0.0749386026267509
82,Target Date,15458805510.0,125925270.0,57385140.0,2.601429090559794,VTHRX,28.65323257446289,1.5507048214411059,0.03685262133278136
83,Target Date,16403624340.0,129435390.0,66900450.0,2.760424505055481,VTHRX,30.52491569519043,1.6519997811626457,0.06532188352094245
84,Target Date,16095674570.0,176925520.0,73813490.0,2.7086022934628087,VTHRX,28.781681060791016,1.5576564170957392,-0.057108581455446304
85,Target Date,16872329540.0,161270570.0,87707860.0,2.8392988618994117,VTHRX,31.240686416625977,1.690737089628348,0.08543647435468384
86,Target Date,16737747210.0,191547050.0,77415500.0,2.816651161977781,VTHRX,30.384647369384766,1.6444084991473602,-0.02740141608366312
87,Target Date,17003960590.0,155955760.0,108504360.0,2.8614499163563303,VTHRX,31.184246063232422,1.6876825537080544,0.026315878678036694
90,Target Date,17292219380.0,160062720.0,75696560.0,2.909958502704123,VTHRX,32.294273376464844,1.7477569171184488,0.03559577201198371
91,Target Date,17559277340.0,164691670.0,99058110.0,2.9548993841687445,VTHRX,33.05624008178711,1.788994339131835,0.023594483654726398
92,Target Date,17417091140.0,133021550.0,118427510.0,2.930972094526807,VTHRX,32.388343811035156,1.7528479823608833,-0.02020484692449768
94,Target Date,16844075580.0,144835260.0,90436140.0,2.834544246581949,VTHRX,30.54456901550293,1.6530634132846662,-0.022870854508892285
95,Target Date,17766558450.0,136143670.0,115977200.0,2.9897809349540694,VTHRX,32.72699737548828,1.771175817233648,0.0714506188932526
96,Target Date,18363196520.0,228034510.0,94040280.0,3.0901840114291192,VTHRX,33.36667251586914,1.8057948544318694,0.019545793738473555
97,Target Date,18483731910.0,205859930.0,150218050.0,3.1104678729334982,VTHRX,34.19546890258789,1.8506490798508604,0.024839048194709126
99,Target Date,19551454500.0,185654360.0,103401590.0,3.2901457015003346,VTHRX,35.79762649536133,1.9373573944316216,0.022890334935155732
101,Target Date,19884728370.0,187764810.0,105246250.0,3.3462294875328715,VTHRX,35.845882415771484,1.9399689911597966,0.031953293178803625
102,Target Date,20139121930.0,196293180.0,87727310.0,3.389039186316324,VTHRX,36.29950714111328,1.9645190326563138,0.012654862839761225
104,Target Date,20756573250.0,165141050.0,130685950.0,3.4929447451781312,VTHRX,37.81480026245117,2.0465262666760258,0.01925075593561633
105,Target Date,21209625330.0,158473400.0,141425670.0,3.5691849734213954,VTHRX,38.53866958618164,2.0857018692013263,0.019142487034349003
1,Balanced - Global,289360962900.0,4851892990.0,3371539350.0,1.0,AOA,34.324764251708984,1.0,
3,Balanced - Global,298403018250.0,5047097830.0,2873872100.0,1.0312483593480606,AOA,36.185550689697266,1.0542111935377863,0.0616213986353336
4,Balanced - Global,298803637590.0,4436649150.0,3207079830.0,1.0326328561923652,AOA,36.40917205810547,1.0607260632909579,0.006179852569491847
5,Balanced - Global,307983952250.0,4247053430.0,2991401780.0,1.0643590246706356,AOA,36.64875030517578,1.0677058125272074,0.006580161907773379
6,Balanced - Global,307635060590.0,4075945340.0,3084293730.0,1.0631532930594902,AOA,36.63277816772461,1.0672404885024291,-0.0004358167009289859
7,Balanced - Global,317562891840.0,3776188000.0,2767743900.0,1.0974627975292792,AOA,37.599117279052734,1.0953933143817798,0.02637908342369513
8,Balanced - Global,320186787150.0,3841653100.0,2982604850.0,1.1065306941926822,AOA,38.030765533447266,1.1079687322704268,0.011480276283906582
9,Balanced - Global,322632584780.0,3936881110.0,2892439070.0,1.114983104654301,AOA,38.256378173828125,1.114541614715486,0.005932371784166105
11,Balanced - Global,324802321280.0,4556045630.0,3238497160.5,1.122481477891156,AOA,37.81930923461914,1.1018082733878112,0.007892977010239246
12,Balanced - Global,329283215740.0,4283998650.98,3183569320.0,1.1379669615413766,AOA,38.15872573852539,1.1116966589690567,0.008974688083291433
13,Balanced - Global,330544160650.0,5430175720.0,3869589030.0,1.1423246499363926,AOA,39.233070373535156,1.1429960621384834,0.028154625559865004
14,Balanced - Global,341410004500.0,6846922510.0,3676917130.0,1.1798758238787987,AOA,40.18580627441406,1.170752579092026,0.024284000507938285
15,Balanced - Global,347096180130.0,5882697490.0,3938596520.0,1.1995266280958314,AOA,40.66624069213867,1.1847493079319242,0.011955326078165504
16,Balanced - Global,355670099580.0,4179476680.0,3143651730.0,1.229157160715268,AOA,41.1955451965332,1.2001697927024257,0.013015820872197142
17,Balanced - Global,359931123850.0,5398497980.0,3455515940.0,1.2438827969147597,AOA,42.051631927490234,1.2251105825263326,0.02078105112756403
18,Balanced - Global,355616840090.0,5169119500.0,3211239180.0,1.2289731017134378,AOA,42.28020477294922,1.2317697060612482,0.005435528539132876
19,Balanced - Global,353564057970.0,4303742470.0,2879932090.0,1.22187891008708,AOA,42.8516731262207,1.2484185706850754,0.013516215362256442
20,Balanced - Global,356759304460.0,4078161390.0,3021957180.0,1.2329213342550709,AOA,43.388031005859375,1.2640445448565358,0.012516614650233515
22,Balanced - Global,374536902270.0,4514294740.0,3399794440.0,1.2943587777575785,AOA,44.70432662963867,1.3023928234966071,0.01418451193883065
24,Balanced - Global,380198774560.0,4828000542.97,3451016000.0,1.3139255922762203,AOA,44.4559326171875,1.2951562402930152,-0.024443296300674076
25,Balanced - Global,386307334570.0,6889301990.0,4659032630.0,1.3350361109473623,AOA,48.08913040161133,1.4010039529759344,0.0817258253405568
26,Balanced - Global,389710770950.0,7970513770.0,4043546330.0,1.3467980167203129,AOA,46.28138732910156,1.3483380975237804,-0.03759151095918327
27,Balanced - Global,391503447540.0,6204149330.0,4249479190.0,1.352993311939245,AOA,45.83588790893555,1.3353591469066954,-0.009625887335617688
28,Balanced - Global,393919481050.0,4903532290.0,3799547620.0,1.361342860841026,AOA,45.8101921081543,1.3346105386834075,-0.0005606044074525432
30,Balanced - Global,405614269090.0,5043193110.0,4269065570.0,1.4017587756997334,AOA,45.87992858886719,1.336642205389157,-0.005401380562307235
32,Balanced - Global,415110649140.0,4970092830.0,3743843580.0,1.43457723177213,AOA,47.375022888183594,1.3801995125377986,0.016221057745361755
33,Balanced - Global,413018921630.0,4425576960.0,3524352780.0,1.4273484491159052,AOA,47.3663444519043,1.3799466794457587,-0.00018318590156209664
34,Balanced - Global,397937967260.0,4591650810.0,4289320850.0,1.3752303118977491,AOA,44.244998931884766,1.2890110069636347,-0.06589796101299183
35,Balanced - Global,404325948730.0,4468010880.0,4133640750.0,1.3973064807284687,AOA,45.0508918762207,1.3124894768644384,0.01821432848436974
36,Balanced - Global,392728529130.0,3844622450.0,4660279200.0,1.3572270606029284,AOA,42.224334716796875,1.2301420166256374,-0.06274142512405564
37,Balanced - Global,406234790820.0,4949765520.0,4890557740.0,1.403903231274463,AOA,45.29903793334961,1.3197188362654007,0.07281827498704473
38,Balanced - Global,416813363070.0,6579412880.0,4471888710.0,1.4404616258276903,AOA,46.21010208129883,1.3462613098354517,0.020112218482204985
39,Balanced - Global,425584882450.0,5326477220.0,4690431240.0,1.4707750423027086,AOA,46.8846435546875,1.3659130536447364,0.01459727295563924
40,Balanced - Global,434621927140.0,4831726130.0,4819930650.0,1.502006085355061,AOA,48.08479690551758,1.4008777031330522,0.025598005228091095
41,Balanced - Global,426007564050.0,5086743060.0,4786741030.0,1.4722357839167943,AOA,46.03859329223633,1.3412646611241947,-0.04255406583710567
43,Balanced - Global,436910737130.0,4604410170.0,4041126690.0,1.5099159636159754,AOA,47.92829895019531,1.3963183723194552,-0.011242176537758412
44,Balanced - Global,436988315750.0,4045226400.0,4148205070.0,1.510184066884718,AOA,47.918453216552734,1.3960315317873433,-0.0002054263109318634
46,Balanced - Global,442279343040.0,4454582430.0,4247660340.0,1.528469281438101,AOA,49.60508728027344,1.4451690597642972,0.01747990145441281
47,Balanced - Global,452418782270.0,4708297470.0,4034037170.0,1.5635100800599389,AOA,50.71461486816406,1.4774934649591671,0.022367213701725574
48,Balanced - Global,454066159130.0,5127077240.0,4230847910.0,1.569203235223268,AOA,51.65871810913086,1.5049984824457707,0.018615999419911884
50,Balanced - Global,448444783840.0,8222430670.0,5347932500.0,1.549776373929809,AOA,48.4117546081543,1.410403120416011,-0.06151972732209855
51,Balanced - Global,403416136520.0,4946169760.0,7990010920.0,1.3941622687349715,AOA,42.667076110839844,1.2430406163303949,-0.1186628855700851
52,Balanced - Global,428905410600.0,3354756980.0,3494968490.0,1.4822504262547158,AOA,46.21816635131836,1.346496250124055,0.0832278788275426
54,Balanced - Global,445092988250.0,3924836847.71,3639257951.33,1.5381929331076332,AOA,49.512062072753906,1.4424589112884807,0.02579428917458322
56,Balanced - Global,463839618690.0,4322961110.8,3809269250.46,1.6029792479308895,AOA,54.030879974365234,1.5741078242562179,0.05530806387428696
57,Balanced - Global,461995999630.0,4311839230.0,4351389380.0,1.5966079010791128,AOA,52.66876220703125,1.5344245868901762,-0.02520998673314661
58,Balanced - Global,454332240400.0,4643846690.0,4402646860.83,1.5701227831378632,AOA,51.51548767089844,1.5008256806405758,-0.02189674653069502
59,Balanced - Global,483021434580.0,5784580500.0,4319377950.0,1.6692695163131834,AOA,56.65550994873047,1.6505724419042345,0.0997762519626826
60,Balanced - Global,493457423630.0,6403730170.0,4678270590.0,1.7053351588428791,AOA,58.440223693847656,1.702567372795226,0.03150115049237465
61,Balanced - Global,493730888710.0,7990744436.86,5117533440.0,1.7062802244013406,AOA,58.64466094970703,1.7085233424957083,0.003498228496358362
62,Balanced - Global,505029159000.0,10467559960.0,5048772210.0,1.7453258170644552,AOA,59.74459457397461,1.740568242096521,0.01875590388715638
64,Balanced - Global,529142424690.0,7241698090.0,4655429750.0,1.828658639323321,AOA,63.310203552246094,1.8444468573180066,0.031973770723400595
65,Balanced - Global,535003117390.0,6529771840.0,4082005170.0,1.8489125555436143,AOA,64.36297607421875,1.8751177896586486,0.016628796985368503
66,Balanced - Global,549913748740.0,7080323300.0,4279390310.0,1.9004420749389208,AOA,64.86796569824219,1.8898298972297383,0.007845964478726401
67,Balanced - Global,560302698200.0,6436264880.0,3732640640.0,1.936345153764347,AOA,65.06077575683594,1.8954471261545998,0.002972346311747754
68,Balanced - Global,573308577450.0,6416293590.0,4421373620.0,1.981292057174033,AOA,66.73461151123047,1.9442117947804358,0.025727264006972148
69,Balanced - Global,561189231270.0,6481975770.0,4038706770.0,1.9394089155832013,AOA,64.4451904296875,1.8775129803398098,-0.034306352126702536
70,Balanced - Global,573299847510.0,5935844650.0,4162074310.0,1.9812618874513703,AOA,66.9100112915039,1.9493218016252667,0.03824677753890157
71,Balanced - Global,576458068670.0,7601129920.0,5053543320.0,1.9921763561079164,AOA,65.80738067626953,1.9171983292789279,-0.016479306966943896
72,Balanced - Global,590371365550.0,6548463990.0,5199768480.0,2.040259196103193,AOA,67.37092590332031,1.9627498504950693,0.023759420462917822
73,Balanced - Global,573847870100.0,7816820690.0,5440092080.0,1.9831557938874969,AOA,65.28020477294922,1.9018398580756168,-0.03103298792970952
74,Balanced - Global,567069292300.0,8799209410.0,5157726610.0,1.9597297666443447,AOA,63.583152770996094,1.8523988192527898,-0.025996425836218404
75,Balanced - Global,567169721420.0,6278597610.0,5666806810.0,1.960076838754534,AOA,64.28247833251953,1.87277260991877,0.010998598387251408
76,Balanced - Global,554760091850.0,4560996640.0,5259839470.0,1.917190509356022,AOA,59.65757751464844,1.7380331319151934,-0.07194652318704126
78,Balanced - Global,507029176330.0,4067912520.0,5690234550.0,1.7522376593183504,AOA,55.97964096069336,1.6308820229670247,-0.06930847603990778
79,Balanced - Global,528953427750.0,3122695640.0,4027718960.0,1.828005486465016,AOA,58.85853576660156,1.7147542612378197,0.05142753251900359
80,Balanced - Global,517978182410.0,3349623640.0,4144291840.0,1.7900762328780595,AOA,57.03639221191406,1.6616688695560173,-0.03095801706507027
81,Balanced - Global,500654128460.0,2664139270.0,4609782200.0,1.7302061876018178,AOA,52.27550506591797,1.5229676359194584,-0.08347104298440557
82,Balanced - Global,508751614060.0,2584267890.0,4783766200.0,1.758190216680399,AOA,54.754947662353516,1.595202439289218,0.04743029442391878
83,Balanced - Global,533186325960.0,3170126960.0,5221806940.0,1.8426339220617796,AOA,58.975467681884766,1.7181608954225651,0.07708015804447653
85,Balanced - Global,533846061440.0,4018348250.0,5790386330.0,1.8449138960893328,AOA,60.663150787353516,1.7673289856414143,0.07320447665655155
86,Balanced - Global,526985430600.0,5508574670.0,5160866942.0,1.8212043024688176,AOA,58.83525848388672,1.7140761128740276,-0.03013183917654107
87,Balanced - Global,531096030570.0,3914664830.0,5793742190.0,1.8354100886564333,AOA,60.53938293457031,1.763723196774939,0.02896434033939537
90,Balanced - Global,531116809260.0,3568620740.0,5497497280.0,1.835481897547971,AOA,63.33987808227539,1.845311379789645,0.04554767085909972
91,Balanced - Global,536062531760.0,3085972490.0,5112117010.0,1.852573776322611,AOA,64.657470703125,1.8836974444742411,0.020801944379149596
92,Balanced - Global,531565441720.0,3258411820.0,5326990760.0,1.837032322510287,AOA,63.61775207519531,1.8534068175581968,-0.016080409836994075
93,Balanced - Global,512229399590.0,3043978270.0,5781380560.0,1.770209065025198,AOA,61.07804870605469,1.7794164078785681,-0.039921300050632574
94,Balanced - Global,504722642770.0,2933011920.0,5936785820.0,1.7442665303281657,AOA,59.317569732666016,1.7281275203430617,-0.028823431833279164
95,Balanced - Global,528324513830.0,3617855380.0,6344572450.0,1.825832028394871,AOA,64.2027359008789,1.8704494349930556,0.08235614153158138
96,Balanced - Global,540073676340.0,4075726300.0,6011641050.0,1.8664358555049585,AOA,66.6646499633789,1.9421735710846073,0.03834593694419645
97,Balanced - Global,545572994429.57,5544466154.7,7112791187.750001,1.885440900395794,AOA,67.3424072265625,1.961919002057228,0.010166666495000096
99,Balanced - Global,572222792957.0598,5084230371.799999,5861945875.419999,1.977539704119708,AOA,71.5707778930664,2.0851061748953743,0.028707089845414167
100,Balanced - Global,560277618962.68,5260825694.179999,6371695924.09,1.9362584826492504,AOA,69.04740142822266,2.0115914248350557,-0.03525707752700293
101,Balanced - Global,572855218656.0802,5360312687.55,6500999793.209999,1.9797252985160017,AOA,71.99653625488281,2.0975099996877096,0.04271174245023387
102,Balanced - Global,575738837090.9199,6018982455.18,7567453626.51,1.989690770036209,AOA,73.06147766113281,2.1285354540343326,0.014791564450821418
104,Balanced - Global,593789207574.2999,4887474459.109999,4797954990.26,2.052070886215246,AOA,76.1391372680664,2.218198403628527,0.028779449541587045
105,Balanced - Global,605238261535.02,4844188545.21,4989170330.669999,2.091637570836339,AOA,77.66468048095703,2.2626427937400972,0.020036255566169316
3,Global Equity,120355865230.0,2507340130.0,1640199210.0,1.0200884195809703,VXUS,34.12818908691406,1.053224043998901,0.07980803037294262
5,Global Equity,124540953830.0,1716697480.0,1196413980.0,1.0555595651510012,VXUS,34.634429931640625,1.0688470537156622,-0.00980595738740468
6,Global Equity,120616385330.0,2015298900.0,1603490040.0,1.022296484277861,VXUS,33.90272521972656,1.0462660432280395,-0.021126512356584408
7,Global Equity,125432719310.0,1552504920.0,1777432536.4,1.0631178144925824,VXUS,35.869049072265625,1.1069484179801408,0.05799899093052678
8,Global Equity,126539786270.0,1517940600.0,1482830740.0,1.072500873502117,VXUS,36.03108596801758,1.1119490101353904,0.0045174572491591914
9,Global Equity,127580193450.0,1602191470.0,1349916611.41,1.0813189507427965,VXUS,36.4245719909668,1.1240923131185108,0.010920737257225342
10,Global Equity,126887653880.0,1651849400.0,1552705960.0,1.0754492609349204,VXUS,35.93818664550781,1.1090820604742375,-0.013353220611064606
11,Global Equity,127859769990.0,1855984150.0,1387957160.0,1.083688530241855,VXUS,35.21646499633789,1.0868091355310339,-0.020082305662468235
12,Global Equity,129586839990.0,2339252330.0,2275458760.0,1.098326488295989,VXUS,35.60447692871094,1.0987835035671762,0.01101791257053755
13,Global Equity,129571216470.0,2084486760.0,1986420460.0,1.0981940695576529,VXUS,37.37266159057617,1.1533511395868852,0.04966186318101463
14,Global Equity,135243588120.0,2797132570.0,1861885530.0,1.1462708344138297,VXUS,37.87357711791992,1.168809805620036,0.01340326072655366
16,Global Equity,144564933430.0,2214468030.0,1224942290.0,1.2252748479488198,VXUS,39.809688568115234,1.228559800734461,0.023826832600085314
17,Global Equity,149092398650.0,2921637710.0,1530442890.0,1.2636478415054848,VXUS,40.98748779296875,1.2649076555667185,0.02958574325037172
18,Global Equity,146135835130.0,2902597310.0,1455786450.0,1.238589185637372,VXUS,40.80689239501953,1.259334332737568,-0.004406110441835843
22,Global Equity,160576158940.0,2894829510.0,1546452230.0,1.360979623905009,VXUS,44.557861328125,1.3750923255973293,0.02581131921700381
25,Global Equity,171678584820.0,4718642160.0,2031361930.0,1.4550793675926232,VXUS,48.38633728027344,1.493242248946776,0.06737983592518051
26,Global Equity,173478257500.0,4045424900.0,1859291090.0,1.47033267707111,VXUS,45.848602294921875,1.4149256556736125,-0.05244734625503816
28,Global Equity,176495608340.0,2733345300.0,1743379680.0,1.4959065420739908,VXUS,45.88575744628906,1.4160722942684316,0.007181837851162498
30,Global Equity,182020860870.0,3059713220.0,1924059880.0,1.542736383813258,VXUS,43.69686508178711,1.3485212717940798,-0.03185417353729732
31,Global Equity,185447504200.0,2863626220.0,2040019040.0,1.5717792490885605,VXUS,45.30263137817383,1.3980765431883664,0.036747860364381234
32,Global Equity,187307287790.0,2574445360.0,1762071980.0,1.587542034719824,VXUS,44.21659851074219,1.3645606737808489,-0.023972842953993972
33,Global Equity,186601363550.0,2389043770.0,1934671780.0,1.58155890177529,VXUS,44.09412384033203,1.360781004507208,-0.0027698799666917317
34,Global Equity,176552235580.0,3054666710.0,2227451030.0,1.49638649202613,VXUS,40.52019119262695,1.2504864973298861,-0.08105235655994761
36,Global Equity,171763722340.0,2523048450.0,3043328260.0,1.455800959332734,VXUS,38.747737884521484,1.1957871273689447,-0.05954985179153321
37,Global Equity,178746974300.0,3100112850.0,2506105150.0,1.5149882240480763,VXUS,42.16608428955078,1.301280114861637,0.08822054116338027
38,Global Equity,184950857040.0,3167092070.0,2727839720.56,1.5675698653949148,VXUS,42.85446548461914,1.3225241259117484,0.01632547120907188
39,Global Equity,188652761410.0,2831074060.0,2833558170.0,1.5989457337085755,VXUS,43.04523849487305,1.328411538245106,0.004451648342746835
40,Global Equity,195035738570.0,3064616610.0,3088705415.0,1.6530453080909535,VXUS,44.382415771484375,1.3696779311155098,0.03106446434884068
41,Global Equity,186621196170.0,2763915040.0,2613287350.0,1.5817269951702675,VXUS,41.97774887084961,1.2954679286126827,-0.05418062218640563
42,Global Equity,192265411990.0,3522542680.0,2755757630.0,1.6295651224156238,VXUS,43.8914909362793,1.3545275860761816,0.045589440046382226
43,Global Equity,193827355670.0,3769310100.0,2208787880.0,1.6428035354913877,VXUS,43.51611328125,1.3429431222521584,-0.008552401548041782
44,Global Equity,191186563610.0,2378076930.0,2415221360.0,1.6204212328609386,VXUS,42.573402404785156,1.3138502876132188,-0.0216634898059941
45,Global Equity,193821313110.0,2489394850.0,2404288081.0,1.642752321157389,VXUS,43.48245620727539,1.3419044372088227,0.021352622791267883
46,Global Equity,197301673440.0,2940987420.0,2579216719.0,1.6722504703486842,VXUS,45.23151397705078,1.3958818015740735,0.040224447336596
47,Global Equity,204778667580.11,3106783330.0,2221269310.0,1.735622497304125,VXUS,45.68019485473633,1.409728463266479,0.009919651991158093
49,Global Equity,207868707120.0,3826500980.0,2533652880.0,1.761812442801716,VXUS,46.062034606933594,1.4215123527352276,-0.022965266512103573
50,Global Equity,196503087140.0,4195138780.0,2897047600.0,1.665481970657296,VXUS,43.02262496948242,1.3277136662132696,-0.06598513642282006
51,Global Equity,178046358790.0,5161883790.0,3995063450.0,1.50905008578648,VXUS,35.92496871948242,1.1086741443827541,-0.16497496968245515
52,Global Equity,192931695980.0,3866738460.0,2758727500.0,1.6352122803754985,VXUS,38.765377044677734,1.1963314863897294,0.07906501874432906
53,Global Equity,202469272570.0,3860491950.0,2518345880.0,1.7160489841932405,VXUS,40.705787658691406,1.2562141572430006,0.05005524934730589
54,Global Equity,206987790440.0,4120120220.0,2382801435.13,1.754346143571791,VXUS,42.216922760009766,1.3028490319615502,0.03712334751974036
55,Global Equity,212355816550.0,3561873620.0,2498663020.0,1.799843396741422,VXUS,44.19377899169922,1.3638564446151191,0.0468261564900709
56,Global Equity,218616052320.0,3181574461.76,2484414440.0,1.852902663945558,VXUS,46.15277862548828,1.424312787939905,0.0443274976361948
58,Global Equity,214920928200.0,4437701073.84,2780228800.0,1.8215842623327816,VXUS,44.267330169677734,1.3661262945891137,-0.016767980115089277
60,Global Equity,248595252680.0,5981448020.0,3280059330.0,2.106994436349774,VXUS,52.24882507324219,1.6124418057368188,0.04808368192384313
61,Global Equity,251536685130.0,6874245000.0,3343540770.0,2.131924847289787,VXUS,52.89684295654297,1.6324401717179589,0.012402535031024954
62,Global Equity,263284694780.0,8066515090.0,3341374240.0,2.231496302109949,VXUS,54.11597442626953,1.6700635736934266,0.023047338963652925
63,Global Equity,271594279100.0,8232799770.0,3638939330.0,2.301925032111308,VXUS,54.99305725097656,1.697131072563858,0.01620746616882997
64,Global Equity,279939234250.0,5878994520.0,3154543800.0,2.3726535511923683,VXUS,56.65765380859375,1.7485018943081756,0.030269212893917218
66,Global Equity,294318207620.0,5299139060.0,2585841080.0,2.494524007544204,VXUS,57.747894287109375,1.7821476140616976,-0.011141222287304518
67,Global Equity,301080945550.0,4597249330.0,3062401530.0,2.551842283092062,VXUS,57.54983139038086,1.77603522982334,-0.003429785608178058
68,Global Equity,312486175990.0,4435769600.0,2735297380.0,2.648508477732956,VXUS,58.3917236328125,1.8020167183203417,0.01462892630772083
70,Global Equity,311688077500.0,4804040900.0,2705416880.0,2.64174411252501,VXUS,57.99074935913086,1.7896423217477315,0.0344220174946222
73,Global Equity,304538445650.0,7075799270.0,4002946730.0,2.58114667807082,VXUS,55.87765121459961,1.7244303713719895,-0.013550556171151508
75,Global Equity,298249884440.0,5108758730.0,4860242440.0,2.527847335708997,VXUS,54.041297912597656,1.6677589949324225,-0.004499099020724807
76,Global Equity,302103285490.0,3914657540.0,4293447330.0,2.560507229596133,VXUS,50.61576461791992,1.562044214101677,-0.0633873246386113
77,Global Equity,279820856770.0,3664404290.0,4242853900.0,2.371650230778723,VXUS,51.38595962524414,1.5858130668297232,0.01521650444556438
78,Global Equity,260004246610.0,3212446550.0,4703305480.0,2.2036925288342744,VXUS,46.76475143432617,1.4431987732144282,-0.08993133970096628
79,Global Equity,274494472840.0,2675911230.0,2596901530.0,2.3265059201557885,VXUS,49.0297737121582,1.5130992275611421,0.048434391467105375
80,Global Equity,268082755700.0,2774022010.0,2785113350.0,2.272162757139645,VXUS,46.82989501953125,1.445209157945817,-0.04486822039077525
81,Global Equity,255324904210.0,2261495880.0,3942574810.0,2.16403228473755,VXUS,41.95349884033203,1.2947195526838053,-0.10412998314784669
82,Global Equity,264975257600.0,2582032840.0,3412155970.0,2.2458248398339777,VXUS,43.6290168762207,1.3464274202491666,0.0399375041939985
83,Global Equity,285591805810.0,3343816320.0,4176407480.0,2.4205624983649026,VXUS,49.316551208496094,1.5219494174628585,0.13036127649658982
84,Global Equity,274542684850.0,3240336720.0,4470493860.0,2.3269145459671834,VXUS,47.675743103027344,1.4713127269585093,-0.03327094180880347
87,Global Equity,294630480440.0,4576087530.0,3730274780.0,2.497170707701468,VXUS,51.515254974365234,1.5898032278700518,0.026017216106668475
88,Global Equity,302481863710.0,3030713000.0,3290257530.0,2.563715907938394,VXUS,52.607303619384766,1.6235047491321923,0.02119854877090196
90,Global Equity,299603638030.0,3146269070.0,3812409030.0,2.539321212428559,VXUS,52.44831085205078,1.6185981012889206,0.033161305225414835
91,Global Equity,306291842530.0,3232233380.0,3347912070.0,2.5960077722833814,VXUS,55.07786560058594,1.6997483281326484,0.050136118891469274
92,Global Equity,304696294220.0,2967751090.0,3268113850.0,2.5824845397362792,VXUS,52.65769577026367,1.6250598924420034,-0.04394087904336872
93,Global Equity,292257973470.0,3013037480.0,3269873270.0,2.4770622827331694,VXUS,50.59676742553711,1.5614579450870774,-0.039138217397852594
94,Global Equity,286854473030.0,3620781400.0,4169140080.0,2.431264363259024,VXUS,49.15556335449219,1.5169811996005835,-0.028484113598085715
95,Global Equity,304930647960.0,3758269940.0,3953752360.0,2.5844708287783846,VXUS,53.20433807373047,1.6419297244747535,0.0823665612382464
96,Global Equity,312035789520.0,3428286470.0,3593527160.0,2.644691181238888,VXUS,55.086158752441406,1.7000042616342026,0.03536968500769832
97,Global Equity,320331952026.6599,5081656076.4800005,4067076317.62,2.71500615329142,VXUS,54.959068298339844,1.696082145471472,-0.0023071213709547297
98,Global Equity,339185230365.16,6718865475.299999,4140601513.170001,2.8747990380626627,VXUS,56.56047058105469,1.7455027398069833,0.029138090078634347
99,Global Equity,351291849344.68005,5776728700.87,3736844495.44,2.977409922855748,VXUS,58.1715202331543,1.7952210599131615,0.02848366775504236
100,Global Equity,345731580523.3998,6379893416.559999,4442846202.950001,2.930283296965883,VXUS,57.0342903137207,1.7601252072837685,-0.019549599441024072
101,Global Equity,358714269853.3699,6217320924.900002,4546156680.99,3.040319405428164,VXUS,59.3292236328125,1.8309487410167222,0.04023778163046076
102,Global Equity,362141074594.67,8582133125.970001,7600093357.480002,3.069363638761415,VXUS,58.38994598388672,1.8019618586093369,-0.015831618743891777
104,Global Equity,378300019854.2999,5191305353.159999,3326112963.100001,3.206320428532244,VXUS,61.854286193847656,1.9088742528307494,0.024078789001456977
105,Global Equity,384692508437.65015,4263776511.33,3675233265.59,3.260500617953986,VXUS,63.1915168762207,1.9501422938469772,0.02161904638560124
1,Europe Equity,5856574980.0,116304100.0,95296220.0,1.0,VGK,34.824554443359375,1.0,
2,Europe Equity,5644062720.0,153854015.0,100368950.0,0.9637139009189292,VGK,33.7009391784668,0.9677349708315698,-0.03226502916843027
3,Europe Equity,5823751460.0,119094460.0,52576190.0,0.9943954410022768,VGK,35.86684036254883,1.029929626835131,0.06426827373006665
4,Europe Equity,5681539390.0,79963160.0,101416320.0,0.9701129771926869,VGK,37.06526184082031,1.064342744172229,0.033413076428188616
5,Europe Equity,5922550630.0,47736000.0,48222490.0,1.0112652275818723,VGK,36.879425048828125,1.05900637174873,-0.005013772539643136
6,Europe Equity,5504767030.0,64744940.0,131652160.0,0.9399294039261152,VGK,34.68644332885742,0.9960340881108304,-0.05946355500573041
9,Europe Equity,5705320360.0,169046960.0,55313780.0,0.9741735364924842,VGK,36.94606399536133,1.0609199338200435,0.0024686019194647864
10,Europe Equity,5517105560.0,34340430.0,104989750.0,0.94203618648113,VGK,35.83462142944336,1.029004448218478,-0.03008284092339344
11,Europe Equity,5307420790.0,49756130.0,94184350.0,0.9062328764038124,VGK,34.99612045288086,1.0049265816107003,-0.023399186125447648
12,Europe Equity,5394151770.0,35327930.0,97581930.0,0.9210420405135836,VGK,36.54352951049805,1.0493610067555785,0.04421658851302204
13,Europe Equity,5327466050.0,56189710.0,65983500.0,0.9096555697132046,VGK,37.805992126464844,1.0856130891194788,0.03454681671085227
14,Europe Equity,5471656580.0,77671200.0,67152610.0,0.9342758521295326,VGK,38.02812194824219,1.0919916293571903,0.005875518913358951
15,Europe Equity,5620103010.0,56013190.0,61943390.0,0.9596228220747548,VGK,39.498695373535156,1.1342196908155155,0.03867068237801695
16,Europe Equity,6026061790.0,104582360.0,47742350.0,1.0289395782652475,VGK,41.26072692871094,1.1848170805981084,0.04460986719972464
17,Europe Equity,6346682960.0,187388280.0,59718280.0,1.0836850858520042,VGK,43.28602981567383,1.2429744043409565,0.049085487283395395
18,Europe Equity,6309503440.0,306071140.0,57572040.0,1.0773367474243454,VGK,42.46205520629883,1.2193136677559369,-0.01903557828897118
19,Europe Equity,6366837980.0,166768230.0,50072620.0,1.0871265204906504,VGK,44.28209686279297,1.2715768391183835,0.04286277825346888
20,Europe Equity,6472567480.0,133824750.0,54233880.0,1.1051796488738883,VGK,44.31333541870117,1.2724738658401182,0.0007054443696511268
21,Europe Equity,6960838000.0,131815430.0,42972610.0,1.188550991624118,VGK,45.555091857910156,1.308131362656873,0.028022184010209637
22,Europe Equity,7315248820.0,167722610.0,48923780.0,1.2490660232271116,VGK,45.94762420654297,1.319403074668903,0.008616651457034729
23,Europe Equity,7317242580.0,91483200.0,65398630.0,1.2494064542822605,VGK,45.924102783203125,1.3187276482717585,-0.0005119181621689655
24,Europe Equity,7278363140.0,114028830.0,46980640.0,1.2427678574688037,VGK,46.37887191772461,1.3317865126790878,0.009902624263958784
25,Europe Equity,7544545410.0,214436110.0,89803580.0,1.288218017487074,VGK,49.25187683105469,1.4142859145882463,0.06194641642916075
27,Europe Equity,8305482480.0,1079821350.0,213931020.0,1.4181466997968837,VGK,45.8386116027832,1.3162727373106156,-0.00835612873964118
29,Europe Equity,8350325640.0,126022150.0,112178750.0,1.425803591436304,VGK,45.91196823120117,1.3183792001093653,-0.02424291461082601
30,Europe Equity,8260593030.0,111356850.0,197798330.0,1.4104819042204084,VGK,44.46237564086914,1.2767536111103808,-0.031573305309679736
31,Europe Equity,8259957720.0,62579870.0,116321010.0,1.4103734261419802,VGK,46.886322021484375,1.346358130661598,0.054516798656776666
32,Europe Equity,8042310780.0,40183760.0,100669150.0,1.373210589374201,VGK,45.56147766113281,1.3083147333654068,-0.028256521374069154
33,Europe Equity,7851091780.0,47538270.0,109930980.0,1.3405602774336889,VGK,45.41608428955078,1.3041397087626223,-0.0031911469742795934
36,Europe Equity,6798583060.0,59068400.0,165813590.0,1.1608462425934825,VGK,39.42900466918945,1.1322184963864796,-0.054637450766926055
38,Europe Equity,7033054620.0,177495050.0,118833770.0,1.2008818539876356,VGK,43.67837905883789,1.2542408584115232,0.03161742844014379
39,Europe Equity,7020123400.0,29910810.0,145648510.0,1.198673870645126,VGK,43.760009765625,1.2565849144401475,0.0018689042163663398
40,Europe Equity,7207204540.0,77248390.0,100538740.0,1.2306176501816084,VGK,45.735172271728516,1.3133024385456182,0.0451362446371087
41,Europe Equity,6703526260.0,52582350.0,200620730.0,1.144615459187718,VGK,43.140968322753906,1.2388089097570743,-0.056722295338947105
42,Europe Equity,6734915940.0,30015990.0,127396340.0,1.1499751924972366,VGK,45.0702018737793,1.2942075668788247,0.04471929180152064
44,Europe Equity,6402872230.0,41548660.0,104045510.0,1.093279306056114,VGK,43.95170593261719,1.2620895409904735,-0.01645818527932323
45,Europe Equity,6347651470.0,17504720.0,132122490.0,1.0838504572513814,VGK,44.80416488647461,1.2865682160943837,0.01939535532851297
46,Europe Equity,6395253750.0,47286070.0,126554000.0,1.0919784638358716,VGK,46.804473876953125,1.344007830827486,0.04464560371891598
47,Europe Equity,6447566560.0,51917030.0,105630700.0,1.1009107852316782,VGK,47.409820556640625,1.3613905853052806,0.012933521724417401
48,Europe Equity,6481285970.0,32306520.0,62223800.0,1.106668315889981,VGK,49.26786422729492,1.414744998602264,0.03919111375742264
50,Europe Equity,5924880830.0,202266580.0,191221440.0,1.01166310518234,VGK,44.197120666503906,1.2691367161176061,-0.07959158560271486
52,Europe Equity,5329957310.0,94527500.0,87199840.0,0.9100809480287744,VGK,39.211639404296875,1.1259767721672622,0.07148563499237802
53,Europe Equity,5546293990.0,81463510.0,99322580.0,0.947020060178586,VGK,41.50117874145508,1.191721743603495,0.05838927859025735
54,Europe Equity,5599148530.0,74776330.0,113792940.0,0.9560448810304484,VGK,42.837459564208984,1.2300935431602507,0.032198623347030615
55,Europe Equity,5689608650.0,18129820.0,87135930.0,0.9714907893145424,VGK,44.710086822509766,1.2838667295866995,0.04371471318213686
56,Europe Equity,5674969160.0,18537210.0,12105240.0,0.9689911218382454,VGK,46.63835906982422,1.3392377825157673,0.0431283494252497
57,Europe Equity,5593898400.0,76151370.0,59297700.0,0.9551484304568744,VGK,44.93291091918945,1.2902652061857929,-0.03656749904261144
58,Europe Equity,5252765080.0,78464370.0,68716120.0,0.8969005089046089,VGK,42.73713684082031,1.2272127389405774,-0.04886783503339406
59,Europe Equity,5967916650.0,195838340.0,94951900.0,1.0190113966576415,VGK,49.74364471435547,1.428407211792511,0.16394425063222534
60,Europe Equity,6053493790.0,26557210.0,81176750.0,1.033623544592611,VGK,51.91541290283203,1.4907703410037936,0.04365920915018545
62,Europe Equity,5725609650.0,38400110.0,243140950.0,0.9776378975002896,VGK,53.44051742553711,1.534564283154169,0.02579552525601483
63,Europe Equity,5776301670.0,70913760.0,112024320.0,0.9862934718202824,VGK,54.97636413574219,1.5786666912037268,0.02873936825827135
65,Europe Equity,6046044510.0,61981930.0,93077180.0,1.032351592978325,VGK,60.42765808105469,1.7352026191559076,0.04453890862179995
67,Europe Equity,6356463160.0,143015980.0,50115600.0,1.0853550380055068,VGK,60.70579147338867,1.7431893226982704,0.02984491616588948
68,Europe Equity,6529214160.0,56663090.0,60530890.0,1.1148519710405893,VGK,61.80453109741211,1.7747400386108168,0.018099420127074484
69,Europe Equity,6216636940.0,78369860.0,40176960.0,1.061479953937173,VGK,58.13612747192383,1.6694004676062608,-0.059354930137830705
70,Europe Equity,6394492460.0,61988450.0,29908680.0,1.0918484748913777,VGK,61.41404342651367,1.7635270402784606,0.05638345891154989
71,Europe Equity,6239859160.0,55265960.0,66913770.0,1.0654451076454927,VGK,58.41062927246094,1.677282888642934,-0.04890435454956708
72,Europe Equity,6501905320.0,90197210.0,78674840.0,1.1101890340691924,VGK,60.816917419433594,1.7463803454642806,0.04119606614317298
73,Europe Equity,6141291780.0,75769560.0,79927220.0,1.0486148988055817,VGK,59.24989700317383,1.7013827728805895,-0.025766192742926426
74,Europe Equity,5879709400.0,99821880.0,39993900.0,1.0039501620109028,VGK,56.1163215637207,1.61140099164776,-0.0528874411255984
76,Europe Equity,5758357010.0,83348200.0,100304100.0,0.9832294523103672,VGK,52.694175720214844,1.5131328042091574,-0.06037978623657857
77,Europe Equity,5692431240.0,58927649.0,88520390.0,0.971972741651811,VGK,53.966636657714844,1.5496719920850455,0.024148037617217174
78,Europe Equity,5159581260.0,50288120.0,90439400.0,0.8809895335788905,VGK,47.667518615722656,1.3687904806722453,-0.11672244987110368
79,Europe Equity,5393542450.0,26074010.0,66230280.0,0.920938000182489,VGK,51.05537033081055,1.4660738994909437,0.07107254192103973
80,Europe Equity,5077812320.0,75077260.0,110809060.0,0.8670276291758499,VGK,47.24416732788086,1.3566337913876672,-0.07464842539061417
81,Europe Equity,4734121690.0,32041130.0,131204020.0,0.8083430513852996,VGK,42.484771728515625,1.2199659811187322,-0.10074038486771056
82,Europe Equity,4895182410.0,12298010.0,119104270.0,0.8358438894263076,VGK,46.26519012451172,1.328522097813485,0.08898290474887242
83,Europe Equity,5391868530.0,55493950.0,95957190.0,0.9206521812515068,VGK,52.50600051879883,1.5077292834915537,0.13489213764152827
84,Europe Equity,5302276300.0,155329320.0,120627160.0,0.9053544636766522,VGK,51.25783157348633,1.471887649183135,-0.023771929550520907
85,Europe Equity,5616977880.0,43456600.0,59875600.0,0.9590892115582544,VGK,56.56336212158203,1.6242379271091576,0.1035067302932894
86,Europe Equity,5610698030.0,29875550.0,50295320.0,0.958016938084177,VGK,55.59487533569336,1.5964274697646457,-0.017122157339355557
87,Europe Equity,5773909230.0,159123520.0,110783320.0,0.9858849668479784,VGK,56.75891876220703,1.6298534085920022,0.020937962707622545
89,Europe Equity,5709723540.0,79521090.0,50486230.0,0.9749253718254284,VGK,56.2891731262207,1.6163644883891508,-0.05120521669440975
91,Europe Equity,5613081200.0,15241480.0,50394880.0,0.9584238602200906,VGK,60.39460754394531,1.734253560721775,0.047198283217744386
92,Europe Equity,5428446830.0,40715870.0,137117180.0,0.9268978624089944,VGK,57.94990921020508,1.6640531411380464,-0.04047875188130634
93,Europe Equity,5168812100.0,61135690.0,83536100.0,0.882565683467097,VGK,55.105682373046875,1.582380112362209,-0.049080781590893845
94,Europe Equity,5099052250.0,42825730.0,65321400.0,0.8706543103115876,VGK,53.635528564453125,1.5401641003530708,-0.026678805983043723
95,Europe Equity,5326756580.0,15117890.0,106508490.0,0.9095344289436554,VGK,58.871063232421875,1.6905044206142854,0.09761318305416297
96,Europe Equity,5438561770.0,36177470.0,53964450.0,0.92862497083577,VGK,61.603477478027344,1.768966709343625,0.046413536559004334
97,Europe Equity,5441690161.539999,46215245.77,57208586.900000006,0.929159138254557,VGK,61.289947509765625,1.7599635799921307,-0.005089484897561964
98,Europe Equity,5585569196.389999,48341355.32,61054097.75,0.9537262334153536,VGK,62.762290954589844,1.8022424682179348,0.024022592686828832
101,Europe Equity,5823108808.26,15512231.12,68683122.03,0.9942857093345026,VGK,67.59041595458984,1.9408838687232228,0.06446204073864385
102,Europe Equity,5934776161.090001,352579794.98,78827866.87,1.0133527157693798,VGK,64.61004638671875,1.8553014509289467,-0.04409455875923939
103,Europe Equity,6108892818.259999,70723322.32,50237503.92,1.0430828323929355,VGK,67.25657653808594,1.9312975460310866,0.04096158878336928
105,Europe Equity,6043947130.390001,38974579.81,94237771.89,1.0319934690548436,VGK,69.85016632080078,2.005773438807639,0.002396668707137923
3,Canadian Equity,194351942670.0,5083842110.0,4273486030.0,1.050973345159674,XIU.TO,15.132370948791504,1.0502117242651006,0.045789642165604265
4,Canadian Equity,198971728660.0,2523802390.0,2977450430.0,1.075955199568385,XIU.TO,15.642617225646973,1.0856236649338578,0.033718858636373694
5,Canadian Equity,203122824180.0,2324923740.0,1993885110.0,1.0984025735683425,XIU.TO,15.779698371887207,1.09513732458735,0.008763312702907665
6,Canadian Equity,201935058710.0,3553466970.0,3634485020.0,1.0919796388030816,XIU.TO,15.657848358154297,1.0866807308746254,-0.007721948218604463
7,Canadian Equity,208730148670.0,2120580090.0,2324966210.0,1.1287246197269305,XIU.TO,16.379756927490234,1.1367823868497318,0.04610522166412359
8,Canadian Equity,210836507870.0,2796412100.91,2624616340.0,1.140114922000835,XIU.TO,16.364410400390625,1.135717312332242,-0.0009369203198524403
10,Canadian Equity,210969342820.0,3002930630.0,2894091560.0,1.1408332373921697,XIU.TO,16.903995513916016,1.1731654170860137,0.012963093769380462
11,Canadian Equity,216699520160.0,4325492100.0,3705688400.0,1.1718196199548767,XIU.TO,17.189847946166992,1.1930040515455824,0.016910347143410675
12,Canadian Equity,219346181690.0,2760800190.0,3346245530.0,1.186131649376741,XIU.TO,17.611019134521484,1.22223403285052,0.024501158455471114
13,Canadian Equity,220031482360.0,4167657870.0,3753830600.0,1.189837466399692,XIU.TO,17.813261032104492,1.2362699570753526,0.01148382703114376
15,Canadian Equity,225650787390.0,3699354550.0,3950336730.0,1.2202242982662472,XIU.TO,18.023656845092773,1.2508717765975093,0.017587699163807875
16,Canadian Equity,227386547070.0,3459898630.0,3564537650.0,1.2296105546227394,XIU.TO,18.133272171020508,1.2584792626179098,0.006081747276362449
17,Canadian Equity,226253881250.0,4026868280.0,3207871960.0,1.2234855755284235,XIU.TO,17.780942916870117,1.234027026100415,-0.01942998763970806
18,Canadian Equity,224488021980.0,2839928110.0,2926144570.0,1.213936553282609,XIU.TO,17.682355880737305,1.227184921742968,-0.005544533638836193
19,Canadian Equity,221356350490.0,1950794260.0,3554228670.0,1.197001794532217,XIU.TO,17.69812774658203,1.228279515477137,0.0008919550059451083
21,Canadian Equity,226516047010.0,2291399900.0,3880176600.0,1.224903257399715,XIU.TO,18.377182006835938,1.2754070110919449,0.04301448452008999
22,Canadian Equity,232487459610.0,2840082720.0,3147093210.0,1.2571941385163838,XIU.TO,18.94873809814453,1.315073954903903,0.031101400154604036
24,Canadian Equity,234414936930.0,3048501070.0,3572182193.0,1.2676171230201168,XIU.TO,19.2987060546875,1.3393623134382198,0.018469195929054386
25,Canadian Equity,231071281060.0,3416940900.0,4596135020.0,1.2495360421393178,XIU.TO,19.011028289794922,1.3193969978559519,-0.014906583067143174
26,Canadian Equity,226578280750.0,4622112650.0,3954293530.0,1.2252397912208388,XIU.TO,18.315792083740234,1.2711464482756476,-0.036570152621775265
27,Canadian Equity,224739612550.0,3345783170.0,3387709770.0,1.2152970489860786,XIU.TO,18.405258178710938,1.2773555441391051,0.004884642420140064
28,Canadian Equity,226430213550.0,2913496210.0,3942044680.0,1.2244391062451467,XIU.TO,18.694978713989258,1.2974626313853341,0.01574118289812611
29,Canadian Equity,231113530100.0,4175403830.0,4853818900.0,1.2497645071306556,XIU.TO,19.177845001220703,1.3309743552136033,0.025828662049779256
30,Canadian Equity,232200193360.0,2580460930.0,4074958750.0,1.255640723780383,XIU.TO,19.679746627807617,1.36580716326814,0.026170908491280807
31,Canadian Equity,234253918030.0,2199046390.0,2923810940.0,1.266746400712729,XIU.TO,19.963436126708984,1.3854956865541026,0.01441530240539337
32,Canadian Equity,234354677690.0,4337116000.0,3724248550.0,1.26729126646232,XIU.TO,19.65542984008789,1.3641195377370092,-0.015428520654769127
33,Canadian Equity,231259010770.0,2173111310.0,2883638690.0,1.2505512052428818,XIU.TO,19.544511795043945,1.3564216408422058,-0.005643124874212842
34,Canadian Equity,216695107500.0,3686577670.0,4328310820.0,1.171795758150474,XIU.TO,18.401561737060547,1.2770990049376516,-0.058479335271665635
35,Canadian Equity,220190290750.0,5008322080.0,4386764820.0,1.1906962352012012,XIU.TO,18.687294006347656,1.2969292998875754,0.015527609741495346
36,Canadian Equity,206810356900.0,4294343730.0,4839551140.0,1.1183431954364988,XIU.TO,17.789541244506836,1.2346237643461075,-0.048040811127382795
37,Canadian Equity,221303950800.0,4498475560.0,4306591160.0,1.1967184391063432,XIU.TO,19.29531478881836,1.3391269539438004,0.08464375351874155
38,Canadian Equity,227117343110.0,4932996320.0,5914087940.0,1.2281548131339506,XIU.TO,19.665586471557617,1.364824424861746,0.01918971972169277
40,Canadian Equity,232975744630.0,4688709560.0,5310004570.0,1.2598345779882552,XIU.TO,20.790817260742188,1.4429173140266185,0.03807934138137691
41,Canadian Equity,226539432880.0,7002921660.0,7600725320.0,1.2250297183225425,XIU.TO,20.003292083740234,1.3882617562927888,-0.03787850987892528
43,Canadian Equity,228194318220.0,4096401940.0,5263546190.0,1.2339786403540995,XIU.TO,20.644052505493164,1.4327315957942925,0.002839490055530626
45,Canadian Equity,229217304260.0,3081780800.0,4829478480.0,1.2395105174515977,XIU.TO,21.16156005859375,1.4686474811172985,0.027978789159385488
46,Canadian Equity,227336939510.0,3355182740.0,3050161810.0,1.2293422978584274,XIU.TO,20.942794799804688,1.4534648081297246,-0.010337860638975977
47,Canadian Equity,235410061440.04,5975448330.0,5740454560.0,1.272998336713169,XIU.TO,21.540193557739258,1.4949252760079852,0.02852526435202152
50,Canadian Equity,225549554090.0,8069408250.0,6136043360.0,1.2196768712712764,XIU.TO,20.75324249267578,1.440309562598014,-0.06134966943531182
51,Canadian Equity,189642440100.0,7708479680.0,6671968740.0,1.0255063413209982,XIU.TO,17.633718490600586,1.2238094059343685,-0.15031501719194654
52,Canadian Equity,205124981030.0,3342972580.0,4214238470.0,1.109229393476964,XIU.TO,19.27327537536621,1.3375973819764135,0.0929785107797637
53,Canadian Equity,209588212860.0,5167551930.0,5556175820.0,1.1333646690093668,XIU.TO,19.64046287536621,1.3630808054801433,0.01905163978870525
54,Canadian Equity,211744386630.0,4833280940.0,4717829330.0,1.1450243474703643,XIU.TO,20.294702529907227,1.4084861261667205,0.03331080630292003
55,Canadian Equity,218207816990.0,3711263100.0,3659939808.0,1.1799758531426787,XIU.TO,21.130617141723633,1.4664999911971843,0.041188808290467095
56,Canadian Equity,224579374070.0,5703152500.0,5548511110.0,1.214430546860937,XIU.TO,21.44085693359375,1.4880311489951354,0.014682003359832338
57,Canadian Equity,220485886900.0,3276611930.0,4402103850.0,1.1922946945235724,XIU.TO,21.168230056762695,1.469110390089168,-0.012715297605661468
58,Canadian Equity,213067600480.0,3180713610.0,4075057370.0,1.152179729954281,XIU.TO,20.430212020874023,1.4178907103289857,-0.03486441870244576
59,Canadian Equity,235366696960.0,6954166790.0,7429998310.0,1.272763839892491,XIU.TO,22.42721176147461,1.5564858153545198,0.09774738209080772
60,Canadian Equity,239575649850.0,5332839300.0,5511601470.0,1.2955240821501854,XIU.TO,22.810928344726562,1.5831163847404977,0.01710941990172404
61,Canadian Equity,237897585630.0,5642887180.0,5007035080.0,1.2864498185104305,XIU.TO,22.767179489135742,1.5800801413639547,-0.001917890185338914
62,Canadian Equity,250316443480.0,7328328310.0,6365111740.0,1.353605764565667,XIU.TO,23.598411560058594,1.63776903026461,0.036510103121008324
63,Canadian Equity,260087958310.0,6275905920.0,6577137580.0,1.406445995988513,XIU.TO,24.84868049621582,1.7245397748941313,0.05298106327941855
64,Canadian Equity,267526973150.0,5275653201.0,3883459800.0,1.4466730511117136,XIU.TO,25.421436309814453,1.7642899814293682,0.023049747598704776
65,Canadian Equity,275064894750.0,7552229110.0,6095054970.0,1.487434952282698,XIU.TO,26.20566749572754,1.8187169307003956,0.030849208374993265
67,Canadian Equity,284843789700.0,4406840890.0,3827979630.0,1.540315092282209,XIU.TO,27.312170028686523,1.8955100477192037,0.00851630775142543
68,Canadian Equity,292485015030.0,5613272070.0,3714987340.0,1.5816356164604763,XIU.TO,27.4807071685791,1.9072068056752614,0.006170770748554954
70,Canadian Equity,298009128380.0,4259723380.0,4161503640.0,1.6115076918651894,XIU.TO,28.607669830322266,1.9854198896775535,0.05464120919386279
71,Canadian Equity,293663859250.0,7125590570.0,5498202810.0,1.5880103088679465,XIU.TO,28.152301788330078,1.9538165898262483,-0.015917690769400836
72,Canadian Equity,304544708480.0,5267234910.0,4538498890.0,1.6468493529049184,XIU.TO,29.21117401123047,2.0273040840696703,0.037612278770729965
74,Canadian Equity,306351780140.0,9229077810.0,5860441090.0,1.65662123437604,XIU.TO,28.93271255493164,2.0079783956398396,-0.007090149477728301
75,Canadian Equity,317823927060.0,8005223600.0,7208372290.0,1.71865776696243,XIU.TO,30.26854133605957,2.100687135882779,0.04617018810772497
76,Canadian Equity,308308729250.0,5905148610.0,5404599130.0,1.667203589891447,XIU.TO,28.749685287475586,1.9952759987191573,-0.05017936053543942
77,Canadian Equity,305350588350.0,6238549610.0,6109436040.0,1.6512072113916163,XIU.TO,28.577909469604492,1.9833544711221975,-0.005974876460506007
79,Canadian Equity,292097300270.0,5338335160.0,6558970230.0,1.5795390185428684,XIU.TO,27.435400009155273,1.9040624134196742,0.038607482424100115
80,Canadian Equity,287271587410.0,5621423390.0,5677532620.0,1.5534435984632975,XIU.TO,26.77979278564453,1.8585621811709492,-0.02389639747523142
82,Canadian Equity,285777828510.0,4701085330.0,5121978380.0,1.5453659802700974,XIU.TO,27.395055770874023,1.901262456149733,0.055869900152217475
83,Canadian Equity,300497385710.0,6649691120.0,6590958360.0,1.624963138174612,XIU.TO,28.679485321044922,1.9904040042354119,0.046885451189206305
84,Canadian Equity,285684869000.0,4497696910.0,5262736930.0,1.544863294442279,XIU.TO,27.356822967529297,1.898609035977836,-0.046118761850480604
85,Canadian Equity,303339787110.0,4062885500.0,4321158740.0,1.6403336462673292,XIU.TO,29.38154411315918,2.039128052641103,0.07401156004237372
86,Canadian Equity,299173103990.0,6109562820.0,5980533030.0,1.6178019811000703,XIU.TO,28.364559173583984,1.9685476055613145,-0.03461305286265455
87,Canadian Equity,297492893600.0,5041964850.0,5032395520.0,1.6087161118780235,XIU.TO,28.454057693481445,1.9747589517686446,0.003155293877467034
88,Canadian Equity,304956345690.0,2928260720.0,4109395530.0,1.649075313343711,XIU.TO,29.470272064208984,2.0452859200881712,0.035714216287694674
89,Canadian Equity,290906057400.0,4962049780.0,5457044440.0,1.5730972794648737,XIU.TO,27.67091941833496,1.9204078523234338,-0.06105653323978976
90,Canadian Equity,300041499560.0,4817301130.0,4619223240.0,1.6224978981286662,XIU.TO,28.890989303588867,2.005082732568737,0.0440921339406409
91,Canadian Equity,305616765590.0,3219065370.0,3201470600.0,1.6526465856550536,XIU.TO,29.511489868164062,2.048146504269498,0.021477304153725056
92,Canadian Equity,301145268600.0,4786510150.0,4933433630.0,1.6284666156228986,XIU.TO,28.853384017944336,2.0024728631694293,-0.022299987332380245
93,Canadian Equity,290192726080.0,3520246670.0,4528170660.0,1.5692398845076208,XIU.TO,28.151926040649414,1.9537905123119623,-0.024311116396561146
94,Canadian Equity,280156441860.0,3105346000.0,4030659250.0,1.514967891880429,XIU.TO,27.260923385620117,1.8919534454154605,-0.031649793827347776
95,Canadian Equity,299063299730.0,5760476840.0,5344873770.0,1.6172082059679074,XIU.TO,29.166154861450195,2.0241796801625966,0.06988873593456743
96,Canadian Equity,309472104680.0,4575393050.0,4538461520.0,1.6734946336059917,XIU.TO,30.599506378173828,2.1236566605347003,0.0491443429390186
97,Canadian Equity,312303700105.67993,5233597143.22,6549774240.65,1.688806707546609,XIU.TO,30.752405166625977,2.1342680908784164,0.00499677303818237
98,Canadian Equity,320531893852.50995,5161532403.78,4799289366.889999,1.7333013093907033,XIU.TO,31.096437454223633,2.158144504110915,0.011187166848693092
99,Canadian Equity,330600267078.2101,4210835302.51,3821635091.939999,1.7877468258283609,XIU.TO,32.505088806152344,2.255907251944926,0.04529944479982168
100,Canadian Equity,323026038826.2601,4238102388.6300006,4645343775.8,1.7467885935946288,XIU.TO,31.802019119262695,2.2071130457596837,-0.021629526720646157
102,Canadian Equity,327827287485.5001,6692468290.089999,6414097528.960001,1.7727517215933686,XIU.TO,32.06474685668945,2.2253467879187245,-0.010026834014940554
104,Canadian Equity,346361787834.47,5252511428.919998,5977083205.639999,1.872978483235236,XIU.TO,34.26774597167969,2.3782385923119516,0.007993177623052452
3,Emerging/Asia Equity,9982298310.0,175310290.0,188913100.0,1.003966548061886,EEM,28.098896026611328,1.1203794345442708,0.12961754570369405
4,Emerging/Asia Equity,9791579580.0,118749050.0,136530260.0,0.9847850711051184,EEM,28.213748931884766,1.124958932363123,0.004087452587627107
6,Emerging/Asia Equity,10222827790.0,130887810.0,179846490.0,1.0281577257089023,EEM,28.189136505126953,1.1239775679441237,0.037439414892836656
7,Emerging/Asia Equity,10763056510.0,121631770.0,146296390.0,1.082491061213308,EEM,29.940296173095703,1.1938010683669682,0.06212179176365528
8,Emerging/Asia Equity,10924694170.0,116491300.0,131879820.0,1.0987477185989558,EEM,30.20489501953125,1.204351344280647,0.008837549398503109
9,Emerging/Asia Equity,10972609050.0,114135880.0,190838700.0,1.1035667427535645,EEM,30.965599060058594,1.2346826840590643,0.02518479339310576
10,Emerging/Asia Equity,11196691950.0,205972630.0,125233350.0,1.1261038107319203,EEM,30.709274291992188,1.22446231816163,-0.008277726762826633
11,Emerging/Asia Equity,10831641600.0,366934130.0,226068350.0,1.0893889853102905,EEM,29.353239059448242,1.1703935040124602,-0.0441571891165643
12,Emerging/Asia Equity,10691515940.0,168932350.0,219476030.0,1.0752958906344716,EEM,28.94808006286621,1.1542387124839533,-0.013802871831673322
15,Emerging/Asia Equity,11986471150.0,274996920.0,168686080.0,1.205535608152837,EEM,32.94209289550781,1.3134908708164246,0.03685191067383046
18,Emerging/Asia Equity,12919631290.0,366514950.0,151399720.0,1.2993878990231893,EEM,34.61470413208008,1.3801824315691489,0.004611629068430778
20,Emerging/Asia Equity,13528609040.0,188320740.0,139694560.0,1.360635646839092,EEM,37.665313720703125,1.5018185358018532,0.023516209078211624
21,Emerging/Asia Equity,13805641790.0,271559160.0,184902160.0,1.3884981295139454,EEM,37.64851379394531,1.501148677013683,-0.00044603177561158207
24,Emerging/Asia Equity,15613448320.0,462171120.0,173737490.0,1.57031770904601,EEM,39.58932113647461,1.5785339462044377,0.022125779907322143
25,Emerging/Asia Equity,16799312490.0,676245040.0,296726730.0,1.689585629143378,EEM,43.524166107177734,1.7354269209006894,0.09939157474154958
26,Emerging/Asia Equity,17371974180.0,592651460.0,226274390.0,1.7471809005189722,EEM,40.956905364990234,1.6330632502448847,-0.05898471979602438
28,Emerging/Asia Equity,17774414710.0,339139875.0,182367025.0,1.7876562316658628,EEM,40.01869201660156,1.5956541314042698,-0.028169094979424235
29,Emerging/Asia Equity,17772762110.0,431819350.0,257174150.0,1.7874900219348169,EEM,38.96961212158203,1.5538244617097523,-0.02621474721323539
30,Emerging/Asia Equity,17235037520.0,768018130.0,770833220.0,1.7334085385263838,EEM,36.95673751831055,1.473565674756484,-0.051652415656370375
31,Emerging/Asia Equity,17539424690.0,266251630.0,170628100.0,1.7640221834855905,EEM,38.51165771484375,1.5355645735354064,0.0420740655411697
32,Emerging/Asia Equity,16995294000.0,252557020.0,341341090.0,1.7092964085619362,EEM,37.06081771850586,1.4777156355140755,-0.03767274852410951
33,Emerging/Asia Equity,16589792900.0,248913320.0,412918460.0,1.668513261539124,EEM,36.84618377685547,1.4691575962960033,-0.005791397893069581
34,Emerging/Asia Equity,15475038710.0,277815940.0,314942290.0,1.5563972055652546,EEM,33.6182861328125,1.3404525349379117,-0.08760466656713951
35,Emerging/Asia Equity,16257729480.0,366413390.0,369933950.0,1.6351160863434029,EEM,35.26658630371094,1.406174747357982,0.049029869172588336
36,Emerging/Asia Equity,16077135120.0,480625410.0,437659300.0,1.6169528647507347,EEM,33.53244400024414,1.3370297755577594,-0.04917238908616231
37,Emerging/Asia Equity,17140029750.0,550803450.0,240050590.0,1.7238531616057795,EEM,37.556556701660156,1.4974820975523688,0.12000654355485443
38,Emerging/Asia Equity,17574705570.0,542189860.0,219658630.0,1.767570547019337,EEM,36.981441497802734,1.4745506896320948,-0.01531331022771849
39,Emerging/Asia Equity,18375322110.0,452947090.0,252532000.0,1.848092306540372,EEM,37.39970016479492,1.4912278006607327,0.011309961160303568
40,Emerging/Asia Equity,18979887120.0,470234470.0,283270270.0,1.908896244403124,EEM,38.27980041503906,1.526319792167337,0.02353228091043886
41,Emerging/Asia Equity,18022667610.0,489811940.0,384928250.0,1.8126241898774171,EEM,35.47394943237305,1.4144428794801749,-0.0732984747110561
42,Emerging/Asia Equity,18607787700.0,410602480.0,303789340.0,1.8714724609584847,EEM,37.39099884033203,1.4908808551803021,0.054041048110913495
43,Emerging/Asia Equity,18629760200.0,436706380.0,238927960.0,1.8736823383126,EEM,36.67513656616211,1.4623374786296186,-0.019145310271779972
44,Emerging/Asia Equity,17989079960.0,248838180.0,271470070.0,1.809246122424331,EEM,35.28785705566406,1.4070228701106697,-0.03782615800204012
45,Emerging/Asia Equity,18190290060.0,235407390.0,227088085.0,1.8294827656560624,EEM,35.88491439819336,1.4308291707987808,0.01691962596616399
46,Emerging/Asia Equity,18726095190.0,301025800.0,299211980.0,1.883371199971942,EEM,37.38633346557617,1.4906948339954855,0.041839839736622086
47,Emerging/Asia Equity,19048424200.0,357736820.0,204878480.0,1.9157893399092876,EEM,37.35121154785156,1.489294427577983,-0.0009394319920927314
50,Emerging/Asia Equity,19394607670.0,686660330.0,353365080.0,1.9506066347424635,EEM,36.33757019042969,1.4488777887967486,-0.03775801912427547
51,Emerging/Asia Equity,16990783420.0,555048910.0,587544650.0,1.7088427583812138,EEM,30.60713768005371,1.2203898535558488,-0.1576999364664513
52,Emerging/Asia Equity,18253791110.0,295608200.0,255995985.0,1.8358693640111667,EEM,32.85805130004883,1.3101399037496273,0.07354211437621655
54,Emerging/Asia Equity,19367233090.0,359365840.0,251795220.0,1.94785344487238,EEM,35.862274169921875,1.4299264432992826,0.05989954208580502
55,Emerging/Asia Equity,20130573890.0,490185380.0,295922180.0,2.0246262084355635,EEM,39.046905517578125,1.5569063597038262,0.08880171214371115
56,Emerging/Asia Equity,20181868970.0,462131470.0,251479070.0,2.02978519515394,EEM,40.17438507080078,1.601862037076471,0.02887500400550532
57,Emerging/Asia Equity,20337929420.0,256909900.0,256785800.0,2.045480926378334,EEM,39.768497467041016,1.5856781939974325,-0.010103144156269103
58,Emerging/Asia Equity,21192179530.0,873944430.0,334875700.0,2.131396865522231,EEM,40.32771682739258,1.6079757913885728,0.014061867960061286
59,Emerging/Asia Equity,23092322730.0,1038654570.0,475945710.0,2.322503176923104,EEM,43.953697204589844,1.752553494399591,0.08991286049534847
60,Emerging/Asia Equity,24618453450.0,785992500.0,369521520.0,2.4759932994647933,EEM,46.60552978515625,1.8582892743500665,0.06033241227064489
61,Emerging/Asia Equity,26258435400.0,1100704790.0,324067830.0,2.6409339740563245,EEM,48.581905364990234,1.937092745934304,0.04240646097029145
62,Emerging/Asia Equity,27475946960.0,1338776980.0,321352920.0,2.7633848205606943,EEM,48.96464920043945,1.9523537840024823,0.007878320798118324
63,Emerging/Asia Equity,27630147360.0,1424091380.0,506947840.0,2.778893477834809,EEM,48.6092414855957,1.938182711437489,-0.007258455245719605
64,Emerging/Asia Equity,27503258490.0,795039130.0,888965810.0,2.7661316691966364,EEM,49.192481994628906,1.9614380973820142,0.011998551946259721
65,Emerging/Asia Equity,27669062490.0,559969570.0,399929100.0,2.782807354932064,EEM,50.0035514831543,1.9937776446037125,0.016487671604249354
66,Emerging/Asia Equity,28607566850.0,600827720.0,411370120.0,2.87719713906688,EEM,50.25872039794922,2.0039519234864294,0.0051030158304032815
67,Emerging/Asia Equity,27066016400.0,569750700.0,544860980.0,2.722156181975932,EEM,47.229469299316406,1.883167440360665,-0.0602731441359263
70,Emerging/Asia Equity,26650265700.0,442656020.0,386295750.0,2.6803421846207165,EEM,46.607059478759766,1.8583502673959469,0.010718307347101256
72,Emerging/Asia Equity,27033275740.0,768591890.0,507298680.0,2.718863300278684,EEM,44.7123908996582,1.782804676234919,0.00020463043342654343
73,Emerging/Asia Equity,27107366960.0,813703930.0,500659900.0,2.7263150016880253,EEM,45.3676643371582,1.8089322110207284,0.014655298549579667
74,Emerging/Asia Equity,26034620500.0,562448850.0,437666070.0,2.618423860094621,EEM,43.40768051147461,1.7307823232722692,-0.04320222022270335
75,Emerging/Asia Equity,24604767180.0,529179380.0,813675940.0,2.4746168071159342,EEM,41.94001007080078,1.672262309643898,-0.03381130766215109
76,Emerging/Asia Equity,23827730070.0,350896480.0,548044960.0,2.3964665414340143,EEM,39.366943359375,1.5696671391979946,-0.06135112287961004
77,Emerging/Asia Equity,23300660680.0,311368580.0,425484830.0,2.3434567014518444,EEM,39.60845947265625,1.5792970437385543,0.0061349978604253105
78,Emerging/Asia Equity,22320645760.0,374256640.0,503518240.0,2.244892005654695,EEM,37.249046325683594,1.4852208222045107,-0.05956841488878102
79,Emerging/Asia Equity,22072532820.0,440903870.0,334577960.0,2.2199381238766134,EEM,37.4344367980957,1.4926128447399962,0.004977052856364829
80,Emerging/Asia Equity,22476119930.0,314594940.0,316712080.0,2.260528771950421,EEM,36.93793487548828,1.4728159622299422,-0.013263240082529545
81,Emerging/Asia Equity,20860105530.0,257890650.0,432943130.0,2.0979986262463,EEM,32.67550277709961,1.3028611974714503,-0.11539443427892304
82,Emerging/Asia Equity,20030936300.0,429156070.0,399043560.0,2.0146051888083205,EEM,32.029109954833984,1.2770877569769352,-0.019782184429573482
83,Emerging/Asia Equity,23043498890.0,521525100.0,558642490.0,2.317592734399179,EEM,37.022247314453125,1.4761777285642146,0.1558937281323221
84,Emerging/Asia Equity,22574261380.0,684554590.0,700923580.0,2.2703993177624597,EEM,35.504638671875,1.415666542956748,-0.04099180229898322
85,Emerging/Asia Equity,24263176710.0,665727340.0,623647240.0,2.440261451829348,EEM,39.33650588989258,1.5684535144771026,0.1079258193114071
86,Emerging/Asia Equity,23368888090.0,591290800.0,402454100.0,2.350318651994064,EEM,36.35963439941406,1.4497575488400674,-0.07567706950920151
87,Emerging/Asia Equity,24264979670.0,698063790.0,338651630.0,2.440442783970633,EEM,37.52946090698242,1.4964017144977884,0.03217376981071106
88,Emerging/Asia Equity,24258432130.0,659399910.0,517533960.0,2.439784267171399,EEM,37.215606689453125,1.4838874929272403,-0.008362875723346822
89,Emerging/Asia Equity,24105878980.0,720874300.0,349235820.0,2.4244412815537446,EEM,36.32159423828125,1.44824078411808,-0.024022514495920806
91,Emerging/Asia Equity,26969118760.0,1129222210.0,614463140.0,2.712410731967822,EEM,40.210208892822266,1.6032904303279936,0.0687221150039212
92,Emerging/Asia Equity,26109004210.0,260663210.0,352293560.0,2.625904978594749,EEM,37.545501708984375,1.4970413049165567,-0.06626941906570286
93,Emerging/Asia Equity,25418283920.0,375295330.0,347432190.0,2.556436000240044,EEM,36.3760986328125,1.4504140226206628,-0.031146289780222727
94,Emerging/Asia Equity,24446861810.0,223438620.0,363434490.0,2.458735523636305,EEM,35.177940368652344,1.402640192744109,-0.03293806398136869
95,Emerging/Asia Equity,25439359280.0,212929450.0,403780920.0,2.5585556480176668,EEM,37.91933059692383,1.5119468797722115,0.07792924200628822
96,Emerging/Asia Equity,25417634480.0,368713000.0,440187500.0,2.5563706830140176,EEM,38.54237365722656,1.5367893017284913,0.016430750503630416
97,Emerging/Asia Equity,24837921635.910004,476285101.28,300791155.42,2.4980662440087107,EEM,37.4937629699707,1.4949783406241064,-0.027206697142775703
98,Emerging/Asia Equity,26427115546.630005,440900060.84,335588277.71,2.657898927344592,EEM,39.05641555786133,1.557285550884323,0.0416776675401233
99,Emerging/Asia Equity,26993604401.95001,421087582.83,509911958.81999993,2.7148733677919794,EEM,40.120967864990234,1.5997321477461472,0.027256784626120963
100,Emerging/Asia Equity,27233639734.17,312228520.12000006,437047552.72,2.7390148466797,EEM,40.03306579589844,1.596227253092241,-0.0021909259364727507
101,Emerging/Asia Equity,27237684403.47,357130282.54,537496459.91,2.7394216380366667,EEM,40.81439208984375,1.6273808582223492,0.019517023700577105
104,Emerging/Asia Equity,27544044016.86,334733205.41,242415662.44,2.770233660876398,EEM,42.64997100830078,1.7005703838455126,0.009778758656168507
105,Emerging/Asia Equity,29284945978.53,330066499.03000003,380508695.69,2.945324334255803,EEM,45.0986328125,1.7982051921661202,0.057412976991769726
1,U.S./North American Equity,85693227090.0,1830829880.0,1830948890.0,1.0,SPY,165.61500549316406,1.0,
2,U.S./North American Equity,83682433910.0,2011674150.0,1505038790.0,0.9765349812548412,SPY,165.4782257080078,0.999174109950068,-0.0008258900499320741
3,U.S./North American Equity,86670926190.0,3040542150.0,1405084590.49,1.0114092925800675,SPY,175.7030792236328,1.0609128001440977,0.06178972171037848
4,U.S./North American Equity,86332035460.0,1731379300.0,1219650870.0,1.0074545957912062,SPY,177.30531311035156,1.0705872489173092,0.009118985812874944
5,U.S./North American Equity,90662622650.0,1439150770.0,1369520320.0,1.05799052887553,SPY,180.321533203125,1.0887994881029543,0.017011447879715806
8,U.S./North American Equity,94595405920.0,1357417762.25,1304523030.0,1.1038842757158671,SPY,187.77232360839844,1.1337881072385614,0.00119736753252142
9,U.S./North American Equity,93796054880.0,1095021106.75,1530530720.0,1.0945562218294094,SPY,186.83941650390625,1.128155120651904,-0.004968288651727914
11,U.S./North American Equity,96456216280.0,1709582313.0,1566812970.0,1.1255990648910454,SPY,191.32534790039062,1.1552416239740293,0.0368385478056184
12,U.S./North American Equity,97999897850.0,2218683170.0,1756050950.0,1.1436131089692168,SPY,194.06005859375,1.171754081195016,0.014293509581297836
13,U.S./North American Equity,98160187060.0,2384800470.0,1538391280.0,1.145483609304461,SPY,198.69691467285156,1.1997518828754499,0.02389392290563237
15,U.S./North American Equity,105580610060.0,2602854950.0,1808012780.0,1.2320764854509811,SPY,205.86654663085938,1.2430428391306412,-0.003087312830458925
16,U.S./North American Equity,108329761240.0,1636509820.0,2153866650.0,1.2641577977478409,SPY,208.8144989013672,1.2608428703641001,0.014319724689382411
17,U.S./North American Equity,107529804250.0,2179075620.0,2162713350.0,1.254822672707447,SPY,211.76150512695312,1.2786371892835147,0.014113034492772198
19,U.S./North American Equity,103668185090.0,1515918850.0,1515346270.0,1.209759377845832,SPY,217.49183654785156,1.3132375046585303,0.025531026397654397
21,U.S./North American Equity,106555447650.0,2303853960.0,2087814310.0,1.2434523855437174,SPY,221.4226837158203,1.3369723537820355,0.015111929727116858
22,U.S./North American Equity,112270911390.0,2078433820.0,1316793860.0,1.3101491821761664,SPY,227.76502990722656,1.3752680756734197,0.028643615391936012
24,U.S./North American Equity,113941611990.0,1749300970.0,1469899250.0,1.3296454791034058,SPY,236.36541748046875,1.42719807771419,0.006980731205672422
26,U.S./North American Equity,119362504490.0,2512873370.0,1784686820.0,1.392904766728397,SPY,241.8379364013672,1.460241695377955,-0.03636065380204278
27,U.S./North American Equity,117654475470.0,2399809590.0,2125730730.0,1.3729728645466046,SPY,234.27078247070312,1.4145504616148619,-0.03129018566427563
28,U.S./North American Equity,118360050340.0,2125077540.0,1339590280.0,1.38120659425851,SPY,236.4246368408203,1.4275556501465623,0.009193866804054146
29,U.S./North American Equity,122504099020.0,1858981860.0,1634652530.0,1.4295657099170636,SPY,242.17189025878906,1.4622581422356984,0.02430902927362115
30,U.S./North American Equity,124543670960.0,2077307980.0,1662111220.0,1.4533665633714203,SPY,242.47584533691406,1.4640934534577696,0.0012551212190654677
31,U.S./North American Equity,128501520690.0,2233231970.0,1513436330.0,1.4995528241110612,SPY,252.58787536621094,1.5251509041349323,0.04170324683370612
32,U.S./North American Equity,133750800200.0,2134211040.0,1554537770.0,1.5608094681686704,SPY,260.6504211425781,1.5738333635072503,0.0319197656050506
33,U.S./North American Equity,133401417790.0,1879341860.0,1607566060.0,1.5567323383666494,SPY,261.01849365234375,1.5760558222069894,0.001412130884547031
34,U.S./North American Equity,126313241280.0,2465959690.0,1588556770.0,1.474016623826507,SPY,244.08094787597656,1.4737852234413098,-0.06489021348397894
36,U.S./North American Equity,120366679900.0,2163889660.0,2252219780.0,1.4046230254998324,SPY,225.40261840820312,1.3610035982971775,-0.09334275917320785
37,U.S./North American Equity,126712749920.0,2632923450.0,2200160030.0,1.4786787033579551,SPY,244.8712921142578,1.4785574011550853,0.08637288175063258
38,U.S./North American Equity,132197638870.0,3184615150.0,2313797170.0,1.542684799711865,SPY,252.80902099609375,1.526486203609906,0.032415922721280716
39,U.S./North American Equity,136355607920.0,3022425180.0,1875059740.0,1.5912063595970245,SPY,256.25628662109375,1.5473011389156461,0.013635848955932886
40,U.S./North American Equity,143019585780.0,3121535760.0,2444824870.0,1.66897187370237,SPY,267.8997802734375,1.6176057204218453,0.04543690929838564
41,U.S./North American Equity,136503538100.0,3238331480.0,2123223400.0,1.5929326358153844,SPY,250.81544494628906,1.5144487916382778,-0.06377136744834562
42,U.S./North American Equity,141902163110.0,2293823660.0,1917119720.0,1.6559320722157669,SPY,266.9703674316406,1.6119938325435137,0.06440960001012323
43,U.S./North American Equity,144832975980.0,2211405800.0,1986442210.0,1.690133291723137,SPY,272.3249206542969,1.6443251614995562,0.020056732416294538
44,U.S./North American Equity,145267909460.0,3589317670.0,2000875990.0,1.695208762618208,SPY,267.7652893066406,1.6167936504865372,-0.016743349586593577
45,U.S./North American Equity,144964612990.0,2264831380.0,3115179480.0,1.6916694342453664,SPY,271.7206726074219,1.640676651238812,0.014771829877664266
47,U.S./North American Equity,152955511570.0,2812677640.0,2745636110.0,1.78491949438848,SPY,289.1091003417969,1.745669720451328,0.03619808537696623
48,U.S./North American Equity,154213359690.0,3498825570.0,2122862870.0,1.7995979953939203,SPY,296.05377197265625,1.787602343707172,0.024020937503001785
49,U.S./North American Equity,158014910470.0,3379991680.0,2184711520.0,1.8439603202717945,SPY,297.38909912109375,1.7956651828470265,0.004510420993929548
50,U.S./North American Equity,149781648900.0,5413204860.0,2911389910.0,1.7478819970531698,SPY,273.8460998535156,1.653510193946882,-0.07916564304864336
51,U.S./North American Equity,135230651740.0,5693240330.0,4680740590.0,1.5780786455617188,SPY,238.24960327148438,1.438574980340887,-0.12998723224859637
54,U.S./North American Equity,161344022910.0,3812230600.0,2644268070.0,1.882809510027521,SPY,286.70672607421875,1.7311639438737505,0.01327542246746019
56,U.S./North American Equity,175717542080.0,2917256150.0,2234772660.0,2.0505417761365345,SPY,326.2104187011719,1.9696911987521357,0.0697964724506914
57,U.S./North American Equity,172241199290.0,2434695000.0,2888501470.0,2.009974476852205,SPY,312.74395751953125,1.8883793566183837,-0.04128151772484221
58,U.S./North American Equity,168231881140.0,2710440100.0,2527595700.0,1.9631876036517228,SPY,306.16693115234375,1.8486666123075493,-0.021030066957494317
60,U.S./North American Equity,190406300910.0,3981946809.81,2263708150.0,2.2219527420763865,SPY,350.55328369140625,2.1166758570428916,0.032646648044692736
61,U.S./North American Equity,189127226460.0,4372726670.0,2946226180.0,2.207026539698028,SPY,348.4599914550781,2.104036348744143,-0.005971395316242025
62,U.S./North American Equity,193220262660.0,4730719230.0,2599680330.0,2.254790363502927,SPY,358.1491394042969,2.16254039504337,0.027805625285013045
63,U.S./North American Equity,198358989160.0,6765410880.0,5586446550.0,2.3147569054864965,SPY,373.18658447265625,2.2533379953186663,0.04198654530727308
64,U.S./North American Equity,206127305120.0,4023881230.0,3068805430.0,2.405409530248092,SPY,394.218994140625,2.3803337926218093,0.056358965040743086
66,U.S./North American Equity,217132203470.0,3950067420.0,2064082540.0,2.533831562230177,SPY,404.3838806152344,2.4417103958126893,0.019093587928861837
67,U.S./North American Equity,224506002890.0,3812090870.0,2507777930.0,2.619880362939428,SPY,415.61126708984375,2.50950248048024,0.02776417907046121
69,U.S./North American Equity,225804855800.0,4244139960.0,2800473080.0,2.63503737072297,SPY,406.73046875,2.455879330129831,-0.04965010436722259
70,U.S./North American Equity,237542995900.0,3621827280.0,1905413410.0,2.772015992005046,SPY,436.6625671386719,2.6366123397960797,0.07359197475581764
71,U.S./North American Equity,242361373090.0,4721101680.0,3142942910.0,2.8282442069249885,SPY,433.15411376953125,2.6154279467593904,-0.00803470146784173
72,U.S./North American Equity,250230209550.0,5193725080.0,3310634650.0,2.9200698590472465,SPY,451.59991455078125,2.7268055403918185,0.0425848449659755
73,U.S./North American Equity,237983245260.0,6142276610.0,3404771290.0,2.777153496740836,SPY,429.28485107421875,2.592064950853369,-0.04941334742890707
74,U.S./North American Equity,231174489810.0,4561796490.0,3150269450.0,2.697698495672326,SPY,416.6136779785156,2.5155551378809804,-0.029516935116614247
75,U.S./North American Equity,236979351930.0,4516030490.0,3608776530.0,2.765438529711462,SPY,430.9355773925781,2.6020322017884148,0.0343769304060177
76,U.S./North American Equity,220862946420.0,3255830310.0,3218606110.0,2.577367592750789,SPY,394.333984375,2.381028115180521,-0.08493518506650109
77,U.S./North American Equity,217619482300.0,3673490480.0,2746221740.0,2.539517878950263,SPY,395.22418212890625,2.3864032184282937,0.002257471557560959
78,U.S./North American Equity,201867745610.0,3125542570.0,4725661240.0,2.3557024570680105,SPY,361.0740661621094,2.180201395923711,-0.08640694955163063
79,U.S./North American Equity,218478972440.0,2359961690.0,2710415470.0,2.549547728089884,SPY,396.0278015136719,2.3912555528068884,0.09680489026279035
80,U.S./North American Equity,214027480010.0,2894844070.0,2731325260.0,2.4976008872348325,SPY,379.8691101074219,2.2936877547795715,-0.04080191174581505
82,U.S./North American Equity,216540945420.0,3421478750.0,2987581995.56,2.526931856499886,SPY,372.7716369628906,2.2508325006714274,0.08571721888857582
83,U.S./North American Equity,226110465340.0,3322688230.0,3347046190.0,2.63860369154409,SPY,393.49456787109375,2.375959634209206,0.055591490482056416
84,U.S./North American Equity,214315313900.0,3920498420.0,3603718350.0,2.500959774509526,SPY,369.1231689453125,2.2288026851561376,-0.06193579509276774
85,U.S./North American Equity,223504512610.0,3103123880.0,3617900420.0,2.608193438382973,SPY,394.137939453125,2.3798443762959236,0.06776808559399469
86,U.S./North American Equity,222638896910.0,3243577501.0,3512728420.0,2.5980921068145992,SPY,384.228271484375,2.3200088080197205,-0.025142639103710444
88,U.S./North American Equity,228403717760.0,2060983640.0,3188129460.0,2.6653648779047283,SPY,404.8402099609375,2.4444657581323312,0.019852201505661124
89,U.S./North American Equity,227403933470.0,2175596070.0,3454373090.0,2.6536978614560423,SPY,406.7090759277344,2.4557501581251446,0.004616305200951258
91,U.S./North American Equity,240951761400.0,2580867630.0,3651356280.0,2.81179469582746,SPY,447.2392883300781,2.7004756422783105,0.036569446250044386
92,U.S./North American Equity,241211782620.0,2933778280.0,3706959730.0,2.814829022212752,SPY,439.97076416015625,2.6565875649372637,-0.016251980448903344
93,U.S./North American Equity,229653967910.0,3028166890.0,3551115560.0,2.6799547141433253,SPY,417.6278991699219,2.5216791070731808,-0.050782612869479715
94,U.S./North American Equity,226556559800.0,2844007520.0,3387298880.0,2.643809405871215,SPY,410.0028991699219,2.4756385929464897,-0.018257879837902273
95,U.S./North American Equity,242881407840.0,3970649710.0,3336076150.0,2.8343127699568584,SPY,447.4541015625,2.7017727061028243,0.09134375017445139
96,U.S./North American Equity,249124488300.0,5490402000.0,4425483070.0,2.9071666076754816,SPY,465.99346923828125,2.813715266021083,0.04143300421438128
99,U.S./North American Equity,291017008905.22986,6285256446.219999,3594049316.450001,3.396032787977361,SPY,514.8965454101562,3.108996940687293,0.02950335449416671
100,U.S./North American Equity,285123900448.41003,5807371321.86,3295656574.74,3.327262960338235,SPY,495.6713562011719,2.9929133216230897,-0.03733796503464589
101,U.S./North American Equity,297189632694.9098,5859313940.48,4614290380.89,3.468064429208437,SPY,520.7421875,3.1442935134370673,0.050579544258863615
104,U.S./North American Equity,318530781651.1602,5811883413.319997,3275669575.38,3.717105685804325,SPY,558.3915405273438,3.371624079983453,0.02336561555103619
105,U.S./North American Equity,326349386120.71,4570019427.27,3344818404.429999,3.808345154022021,SPY,568.3770141601562,3.431917370456004,0.01788256609937579
35,Balanced - Tactical,27864489100.0,258447240.0,409943250.0,1.069017002727355,SWAN,21.054719924926758,1.0,
36,Balanced - Tactical,26754539400.0,209163200.0,425898680.0,1.026433946665791,SWAN,20.242691040039062,0.9614324537308933,-0.03856754626910669
38,Balanced - Tactical,27925637620.0,417649730.0,472759430.0,1.0713629566523313,SWAN,21.257673263549805,1.0096393273976905,0.009869776041031448
40,Balanced - Tactical,29136325280.0,371358030.0,401019390.0,1.1178108096485735,SWAN,22.44129180908203,1.0658556318535355,0.025998913805173482
41,Balanced - Tactical,29951664140.0,380086580.0,409677480.0,1.1490911644110924,SWAN,21.965410232543945,1.0432534990189548,-0.02120562312484595
44,Balanced - Tactical,31756990260.0,365548150.0,325592600.0,1.2183522339688977,SWAN,23.930578231811523,1.1365897203638424,0.028087700983469
45,Balanced - Tactical,32021956490.0,367110750.0,349079230.0,1.2285176241901945,SWAN,23.888668060302734,1.1345991846712173,-0.0017513229769382174
46,Balanced - Tactical,32174733800.0,506435430.0,406691860.0,1.2343789030901884,SWAN,24.147708892822266,1.1469024037804325,0.010843669972123531
47,Balanced - Tactical,31415729870.0,404837440.0,1011336170.0,1.2052598295843016,SWAN,24.55955696105957,1.1664632466558447,0.017055368278011816
48,Balanced - Tactical,31435030150.0,349331220.0,338126460.0,1.206000281971688,SWAN,24.147708892822266,1.1469024037804325,-0.01676936065623296
50,Balanced - Tactical,31001290780.0,526893780.0,425901920.0,1.1893599351984807,SWAN,25.120378494262695,1.193099627249023,-0.010865946380895582
53,Balanced - Tactical,29482777620.0,262238710.0,299419040.0,1.131102402426949,SWAN,26.155208587646484,1.242249181224265,0.0164208506460041
54,Balanced - Tactical,29517773630.0,254713610.0,341693630.0,1.132445019174141,SWAN,26.457033157348633,1.2565844262799268,0.011539750053635776
55,Balanced - Tactical,30151154470.0,253598710.0,306812880.0,1.1567445814137995,SWAN,27.397092819213867,1.3012328312559671,0.035531560030725745
56,Balanced - Tactical,30321610200.0,239979710.0,323931330.0,1.1632840902821786,SWAN,28.027210235595703,1.3311604398220558,0.022999426272700293
57,Balanced - Tactical,29967591420.0,235089320.0,419706340.0,1.1497022121523983,SWAN,27.345300674438477,1.2987729483907444,-0.024330268886026105
58,Balanced - Tactical,29571475530.0,711085640.0,413640990.0,1.1345052846242896,SWAN,26.60890007019043,1.2637973891397176,-0.026929694904997366
59,Balanced - Tactical,31069730580.0,279481980.0,424194100.0,1.191985618002163,SWAN,28.275192260742188,1.3429384176831098,0.06262161104578995
60,Balanced - Tactical,31245312800.0,295140150.0,423783590.0,1.198721803901104,SWAN,28.33562660217285,1.3458087641729304,0.0021373627055605296
61,Balanced - Tactical,30582387640.0,412719530.0,448055290.0,1.173288778194713,SWAN,28.296585083007812,1.3439544759513702,-0.001377824450935038
62,Balanced - Tactical,35359815790.0,620141510.0,562467800.0,1.3565741025130509,SWAN,27.90297508239746,1.3252598553620762,-0.01391015910420638
64,Balanced - Tactical,37018561430.0,627270720.0,435182900.0,1.4202116336372037,SWAN,29.116411209106445,1.3828923544423606,0.04152868948565609
65,Balanced - Tactical,37652263860.0,592384300.0,382894290.0,1.444523533629644,SWAN,29.282649993896484,1.3907879135085834,0.005709453118935421
66,Balanced - Tactical,38775106810.0,735940160.0,375452000.0,1.487601237320344,SWAN,29.98255729675293,1.4240302128767086,0.023901774702847253
68,Balanced - Tactical,40527023900.0,710892160.0,373951510.0,1.5548132773422307,SWAN,31.382415771484375,1.4905168951846575,0.017887206923409567
69,Balanced - Tactical,39895755810.0,592282160.0,327055470.0,1.5305947704438136,SWAN,29.96430015563965,1.4231630846898518,-0.04518822343604589
70,Balanced - Tactical,41217311550.0,699312240.0,372238490.0,1.5812960609301312,SWAN,31.303478240966797,1.486767734388454,0.044692453298466196
71,Balanced - Tactical,41935288330.0,1140967780.0,532854340.0,1.608841133894826,SWAN,31.540090560913086,1.4980057048193105,0.007558659076953148
72,Balanced - Tactical,43193596760.0,659434990.0,444820270.0,1.657115950688261,SWAN,30.269378662109375,1.4376528764114953,-0.04028878409050845
73,Balanced - Tactical,42535434150.0,771408210.0,454843090.0,1.631865639508164,SWAN,30.009220123291016,1.4252965715190062,-0.008594776315776207
74,Balanced - Tactical,42524958610.0,1046199890.0,601493260.0,1.6314637469655604,SWAN,29.283340454101562,1.3908207071153158,-0.024188554924360634
76,Balanced - Tactical,41617076280.0,581423260.0,460728050.0,1.5966329756651194,SWAN,26.292518615722656,1.248770760640461,-0.08636680264714557
78,Balanced - Tactical,38331595900.0,438807660.0,511962600.0,1.4705860068604006,SWAN,24.8471622467041,1.1801231427109822,-0.04763586560792779
79,Balanced - Tactical,39958442260.0,451757720.0,431770230.0,1.5329997268257562,SWAN,26.136991500854492,1.241383955428959,0.05191052569077511
80,Balanced - Tactical,39258856370.0,441599180.0,392425080.0,1.506160217635611,SWAN,24.8804931640625,1.1817062042514466,-0.04807356411891987
81,Balanced - Tactical,37710801940.0,335671170.0,702641380.0,1.4467693384101454,SWAN,22.931072235107422,1.089117894556234,-0.07835137817006098
83,Balanced - Tactical,39781001130.0,470340420.0,660740610.0,1.526192224119627,SWAN,24.016864776611328,1.1406879247145756,0.04790915901483297
84,Balanced - Tactical,38570083510.0,388295380.0,520021780.0,1.4797355487419996,SWAN,22.751352310180664,1.0805820448480654,-0.05269265902113399
85,Balanced - Tactical,39990337460.0,512562670.0,542945320.0,1.534223381455957,SWAN,24.131567001342773,1.1461357399854712,0.060665171561889865
88,Balanced - Tactical,40664092020.0,425289600.0,414244890.0,1.5600718754915102,SWAN,24.38866424560547,1.1583466478094369,0.018169766944282115
89,Balanced - Tactical,39743175940.0,429304320.0,539391840.0,1.524741066300215,SWAN,23.982343673706055,1.1390483349680312,-0.01666022246268071
90,Balanced - Tactical,40242071610.0,423404730.0,537828150.0,1.5438811248852853,SWAN,24.313068389892578,1.1547562008226122,0.01379034179003639
93,Balanced - Tactical,39516484580.0,426808820.0,568876410.0,1.5160440858050157,SWAN,22.736997604370117,1.079900263952298,-0.06864273595891655
94,Balanced - Tactical,37874055230.0,380543150.0,615071640.0,1.4530325267332782,SWAN,22.177997589111328,1.053350396879643,-0.024585480677156234
95,Balanced - Tactical,39608889760.0,549712200.0,658855770.0,1.5195891968675432,SWAN,24.222095489501953,1.1504354166604387,0.0921678294975652
96,Balanced - Tactical,40578839330.0,501767580.0,556532650.0,1.5568011686498675,SWAN,25.488861083984375,1.2106008142054656,0.05229793578476512
97,Balanced - Tactical,40150422757.5,676906597.58,612430050.15,1.5403650302154228,SWAN,25.862627029418945,1.2283529356664626,0.014663893541693855
98,Balanced - Tactical,41383015827.91,831948057.5,646223620.9,1.5876532810418915,SWAN,26.43326759338379,1.2554556739598017,0.022064292359617432
99,Balanced - Tactical,42413373481.16,650585632.5,499659654.1,1.6271828000028012,SWAN,27.0039119720459,1.2825585934332886,0.021588113412241962
101,Balanced - Tactical,44486222096.53,767673563.0699999,627819301.16,1.7067073305247114,SWAN,26.771160125732422,1.2715039773118972,0.04604263616673665
102,Balanced - Tactical,45510586094.05,858831017.4300001,709703288.6,1.7460069037700947,SWAN,27.62814712524414,1.3122068222116352,0.03201157497421949
103,Balanced - Tactical,47152923130.4,781936863.5,454494169.15,1.8090149212423048,SWAN,28.530990600585938,1.3550876336667863,0.03267839393097986
105,Balanced - Tactical,46562382526.60999,592440707.0,498390073.33,1.7863589183281012,SWAN,29.81537437438965,1.4160898117239318,0.01944357725509321
1,Balanced - Canadian,152648776130.0,934291110.0,2313094020.0,1.0,XBAL.TO,15.964120864868164,1.0,
2,Balanced - Canadian,149933883930.0,1253347890.0,1926340020.0,0.9822147791234964,XBAL.TO,16.066965103149414,1.0064422112029718,0.006442211202971828
3,Balanced - Canadian,154380653360.0,1144260440.0,1710789100.0,1.0113455035402648,XBAL.TO,16.740583419799805,1.0486379777191728,0.041925672479263015
4,Balanced - Canadian,154573824900.0,1138624810.0,1605208690.0,1.0126109676002943,XBAL.TO,16.859045028686523,1.0560584683236642,0.007076313048122871
5,Balanced - Canadian,156538325420.0,1171860950.0,1557393080.0,1.0254803830637171,XBAL.TO,17.08260726928711,1.07006251167143,0.013260670472152094
6,Balanced - Canadian,156110099480.0,1206539530.0,1692010650.0,1.0226750809128808,XBAL.TO,17.28345489501953,1.0826437009165217,0.011757433895558007
7,Balanced - Canadian,159597756360.0,1173384930.0,1412566850.0,1.0455226724129256,XBAL.TO,17.621885299682617,1.1038431398037492,0.01958117787900204
8,Balanced - Canadian,159961801800.0,1259280090.0,1472150710.0,1.0479075290048314,XBAL.TO,17.676921844482422,1.1072906547195829,0.003123192772160192
9,Balanced - Canadian,160460407790.0,1331173610.0,1496493580.0,1.0511738898800431,XBAL.TO,17.67517852783203,1.1071814525489687,-9.86210532426365e-05
10,Balanced - Canadian,159950588420.0,1356358000.0,1497513620.0,1.047834070309097,XBAL.TO,17.422636032104492,1.0913620724612556,-0.014287974253265714
11,Balanced - Canadian,160189471920.0,1291042100.0,1806814830.0,1.049398992780513,XBAL.TO,17.531307220458984,1.0981692865430308,0.006237356284906889
13,Balanced - Canadian,161375687710.0,1701779760.0,1990460730.0,1.057169875849957,XBAL.TO,17.807640075683594,1.115478905880274,0.0020264125885931677
14,Balanced - Canadian,163681323510.0,1979141400.0,1633660630.0,1.0722740637671695,XBAL.TO,18.109798431396484,1.1344062466509044,0.01696790559718742
15,Balanced - Canadian,164411407320.0,1638660110.0,1864880400.0,1.0770568326075711,XBAL.TO,18.19062614440918,1.139469332410332,0.004463203349219305
17,Balanced - Canadian,164779041420.0,1353235580.0,1674314880.0,1.079465198461005,XBAL.TO,18.30117416381836,1.146394112067473,-0.0033413473873235297
19,Balanced - Canadian,160593750090.0,994412950.0,1417316140.0,1.0520474134246176,XBAL.TO,18.0863094329834,1.1329348848006708,-0.006148245442661933
20,Balanced - Canadian,160477227220.0,942424360.0,1527994310.0,1.0512840737310143,XBAL.TO,18.11432456970215,1.1346897660719848,0.0015489692257315763
21,Balanced - Canadian,161711117850.0,848781520.0,1523007860.0,1.0593672740113045,XBAL.TO,18.268295288085938,1.1443345639087783,0.008499942561552587
22,Balanced - Canadian,164475199930.0,989636400.0,1691891250.0,1.07747473710453,XBAL.TO,18.51495361328125,1.1597853568013656,0.01350198917335084
23,Balanced - Canadian,164461068870.0,1079986970.0,1824173330.0,1.0773821647278738,XBAL.TO,18.628650665283203,1.1669073933334344,0.006140822946507158
24,Balanced - Canadian,163005419130.0,965422580.0,1779866070.0,1.067846223615838,XBAL.TO,18.76772117614746,1.1756188351999457,0.007465409779970426
25,Balanced - Canadian,160558874770.0,1357502720.0,2619703650.0,1.0518189456904885,XBAL.TO,18.670608520507812,1.1695356530152403,-0.005174451108271591
26,Balanced - Canadian,156425910970.0,1295736910.0,2021503020.0,1.024743957572141,XBAL.TO,18.383010864257812,1.151520401271381,-0.015403764474741274
27,Balanced - Canadian,154226154450.0,954337940.0,1929183570.0,1.010333383339128,XBAL.TO,18.316041946411133,1.1473254369251726,-0.003642978744950193
28,Balanced - Canadian,152969686040.0,748367590.0,1902174030.0,1.002102276337458,XBAL.TO,18.41050910949707,1.153242904218585,0.0051576188437615755
29,Balanced - Canadian,153122453580.0,845877340.0,1982278760.0,1.0031030543579111,XBAL.TO,18.571897506713867,1.163352348927937,0.008766101809403229
31,Balanced - Canadian,152745909070.0,744556580.0,1604862660.0,1.000636316533041,XBAL.TO,19.007305145263672,1.1906264871179073,0.011362847521754045
32,Balanced - Canadian,151173093580.0,750259590.0,1606572220.0,0.9903328242295028,XBAL.TO,19.146203994750977,1.1993271760354522,0.007307656105153662
33,Balanced - Canadian,148503931210.0,659584890.0,1599133840.0,0.972847178830506,XBAL.TO,18.98295021057129,1.1891008826139988,-0.008526691986800323
34,Balanced - Canadian,140733764070.0,695061350.0,2092259110.0,0.921944922441744,XBAL.TO,18.532756805419922,1.1609005570863906,-0.02371567117637289
37,Balanced - Canadian,139453357700.0,822475420.0,1823595180.0,0.9135569981985154,XBAL.TO,18.964378356933594,1.1879375330130468,0.039327374247483525
38,Balanced - Canadian,141160649370.0,998065540.0,1543304750.0,0.9247414420786684,XBAL.TO,19.35747528076172,1.2125613082372249,0.020728173443365427
39,Balanced - Canadian,141923633370.0,844258060.0,1774623550.0,0.9297397396041606,XBAL.TO,19.663211822509766,1.231712788255199,0.01579423645458046
40,Balanced - Canadian,143479332870.0,780375770.0,1621004740.0,0.9399311052963109,XBAL.TO,20.189002990722656,1.2646485930303926,0.026739841535500474
41,Balanced - Canadian,140074154070.0,836310570.0,1629684230.0,0.9176238265461684,XBAL.TO,19.749919891357422,1.2371442222553306,-0.021748627189118942
42,Balanced - Canadian,141349353640.0,714783230.0,1439094450.0,0.9259776411153332,XBAL.TO,20.004587173461914,1.2530966999558053,0.01289459823155712
43,Balanced - Canadian,141151024320.0,795362020.0,1366965460.0,0.9246783885105756,XBAL.TO,20.27252197265625,1.2698802611341709,0.013393668005795103
44,Balanced - Canadian,140526064110.0,726556980.0,1466489530.0,0.9205842829052494,XBAL.TO,20.307893753051758,1.2720959660073,0.0017448140119526111
45,Balanced - Canadian,140869086130.0,729973780.0,1406430270.0,0.922831415366422,XBAL.TO,20.35212516784668,1.274866642524305,0.0021780404867577674
46,Balanced - Canadian,139332670410.0,1037989270.0,1817394450.0,0.912766377447667,XBAL.TO,20.62215232849121,1.2917812702028495,0.013267762379485256
47,Balanced - Canadian,142399119150.0,866949600.0,1396884440.0,0.9328546403066402,XBAL.TO,21.12860107421875,1.323505456583953,0.024558481464994234
49,Balanced - Canadian,143111836260.0,1127942250.0,1757643580.0,0.937523640137946,XBAL.TO,21.429004669189453,1.3423228783207048,0.02195345628583555
50,Balanced - Canadian,136910163860.0,1236435120.0,2012635370.0,0.896896570879831,XBAL.TO,20.6419620513916,1.2930221605135703,-0.03672791293612711
51,Balanced - Canadian,120498969870.0,764399800.0,2235033560.0,0.7893870683075748,XBAL.TO,18.853233337402344,1.180975356988945,-0.08665497541056998
53,Balanced - Canadian,128605402930.0,439660770.0,936545900.0,0.8424921980407888,XBAL.TO,20.887052536010742,1.3083747431389317,0.02514331258488385
54,Balanced - Canadian,129374272690.0,584814710.0,1098123770.0,0.8475290530978199,XBAL.TO,21.075790405273438,1.3201973715730502,0.009036117898267264
55,Balanced - Canadian,131674556800.0,502157930.0,1127687180.0,0.8625981821686027,XBAL.TO,21.790681838989258,1.3649785054524022,0.0339200295679988
56,Balanced - Canadian,132447601570.0,564356750.0,1361407810.0,0.867662387657821,XBAL.TO,22.143465042114258,1.3870770103504302,0.01618963581459751
58,Balanced - Canadian,126428998110.0,590129670.0,1314671640.0,0.8282346004682638,XBAL.TO,21.584896087646484,1.352087989708711,-0.013538767674635127
60,Balanced - Canadian,134444495720.0,797601860.0,1427275550.0,0.880744013338851,XBAL.TO,23.22011947631836,1.4545191478359631,0.009080207504972033
62,Balanced - Canadian,134607525420.0,1096035690.0,1446669390.0,0.881812018626107,XBAL.TO,23.54450225830078,1.474838637066108,0.010596440279834049
64,Balanced - Canadian,138723379000.0,963872790.0,1201355450.0,0.9087749179322556,XBAL.TO,24.05522918701172,1.5068308108308959,0.017345962472834795
65,Balanced - Canadian,140447559030.0,964314990.0,1054509800.0,0.9200699972228464,XBAL.TO,24.294031143188477,1.5217894770924552,0.009927236789982261
69,Balanced - Canadian,142901428590.0,960024380.0,1165027720.0,0.9361452624310668,XBAL.TO,24.86936378479004,1.5578285829393472,-0.027797673611592664
70,Balanced - Canadian,145991386230.0,859601370.0,1050885970.0,0.9563875317655324,XBAL.TO,25.373210906982422,1.5893898024050046,0.020259751176285933
71,Balanced - Canadian,144391829990.0,1101102750.0,1406769080.0,0.945908861182299,XBAL.TO,25.382482528686523,1.5899705811264,0.0003654098702009416
73,Balanced - Canadian,144980039510.0,1182618390.0,1492967030.0,0.949762213530824,XBAL.TO,24.819334030151367,1.5546946957016998,-0.031277449509652513
76,Balanced - Canadian,139404527830.0,944355550.0,1164728900.0,0.9132371144022744,XBAL.TO,23.248294830322266,1.456284065192979,-0.04299802990536448
77,Balanced - Canadian,139638906090.0,1976090870.0,1179169330.0,0.9147725231093864,XBAL.TO,23.192657470703125,1.452798914955763,-0.002393180232150789
79,Balanced - Canadian,137443839820.0,595384960.0,1018227440.0,0.9003926746386027,XBAL.TO,23.0722599029541,1.445257154982373,0.06053575492835548
81,Balanced - Canadian,129130382150.0,583485340.0,1174880690.0,0.8459313295773098,XBAL.TO,21.717266082763672,1.360379708133901,-0.03927260779461375
83,Balanced - Canadian,136873268270.0,641510030.0,1279693330.0,0.8966548683851541,XBAL.TO,23.52693748474121,1.4737383714324255,0.048974398420410035
84,Balanced - Canadian,131658824250.0,686320520.0,1395309480.0,0.8624951184533287,XBAL.TO,22.757102966308594,1.4255155770205656,-0.0327214079151571
86,Balanced - Canadian,134679736030.0,997046460.0,1197616550.0,0.8822850693234706,XBAL.TO,23.681535720825195,1.4834224772715514,-0.01219997310906185
87,Balanced - Canadian,134402117350.0,806178090.0,1415550800.0,0.8804663932289858,XBAL.TO,23.945711135864258,1.4999705488675532,0.0111553329206919
88,Balanced - Canadian,136152014580.0,655847450.0,1210746700.0,0.8919299455375201,XBAL.TO,24.405494689941406,1.5287716058107503,0.019201081624530075
89,Balanced - Canadian,131568845150.0,739265110.0,1319632400.0,0.8619056666261921,XBAL.TO,23.988788604736328,1.502668941672062,-0.017074273252769643
90,Balanced - Canadian,133290063190.0,753135670.0,1468566040.0,0.8731813419616704,XBAL.TO,24.26343536376953,1.519872943155013,0.01144896324522936
92,Balanced - Canadian,131678115220.0,590401960.0,1367004540.0,0.8626214933283134,XBAL.TO,24.715269088745117,1.5481760190838558,-0.004229170734728697
93,Balanced - Canadian,127057544290.0,529173360.0,1404792210.0,0.8323521977129658,XBAL.TO,23.799182891845703,1.490791951107058,-0.03706559672120192
94,Balanced - Canadian,124211872940.0,527357080.0,1465934900.0,0.8137102444517319,XBAL.TO,23.691680908203125,1.484057976555465,-0.004517045149453911
95,Balanced - Canadian,129848448330.0,606060230.0,1616055820.0,0.8506353710914616,XBAL.TO,25.034526824951172,1.568174473048749,0.05668006090201448
96,Balanced - Canadian,133012066960.0,625769600.0,1528570860.0,0.8713601925424097,XBAL.TO,25.62921714782715,1.605426153107417,0.02375480579418287
97,Balanced - Canadian,132430467453.52,831705441.0,1797975561.0,0.8675501423001157,XBAL.TO,25.9706974029541,1.626816636054614,0.013323866006414633
98,Balanced - Canadian,133984928195.41,985153296.0,1577551460.0,0.8777333929051921,XBAL.TO,26.60932159423828,1.666820354185412,0.024590182596002902
99,Balanced - Canadian,135673832644.33,744036994.0,1501996742.0,0.8887973823569102,XBAL.TO,27.093128204345703,1.6971262265978493,0.01818184685370485
100,Balanced - Canadian,131910569793.19,721163472.84,1467196378.0,0.864144299990006,XBAL.TO,26.68665885925293,1.67166479664919,-0.015002673077359014
101,Balanced - Canadian,133912031444.6,790593973.13,1634991492.0,0.8772558473089672,XBAL.TO,27.38663673400879,1.7155117382177847,0.026229505853377355
102,Balanced - Canadian,132978393301.88,964846889.88,1895790015.0,0.87113959687847,XBAL.TO,27.435245513916016,1.7185566149334326,0.001774908703808236
103,Balanced - Canadian,137328190140.41,741836300.0,1346108839.0,0.8996350552031773,XBAL.TO,28.484590530395508,1.7842880777156245,0.03824806364306933
105,Balanced - Canadian,139682008088.14,721757027.0,1220673336.0,0.9150548836970884,XBAL.TO,29.082101821899414,1.8217164645689734,0.016432824985717513
1,Alternative,3957954270.0,348274240.0,319979330.0,1.0,PFF,22.97442626953125,1.0,
2,Alternative,3986333770.0,459850340.0,371412160.0,1.0071702445415065,PFF,22.88483238220215,0.9961002774877594,-0.0038997225122405442
3,Alternative,4027763620.0,444409290.0,424108940.0,1.0176377353647392,PFF,23.415372848510742,1.019192931035857,0.023183061053189204
4,Alternative,4083393290.0,410607771.32,377811230.0,1.0316928927023707,PFF,23.626821517944336,1.0283965850010495,0.009030335361371034
5,Alternative,4093671460.0,402355240.0,373773920.0,1.0342897317002098,PFF,23.998140335083008,1.0445588522447418,0.015715986886202994
7,Alternative,4206812280.0,383592140.0,240001830.0,1.0628754131613551,PFF,24.62816047668457,1.0719815236190036,0.014059197862600455
8,Alternative,4193092980.0,297329280.0,327368460.0,1.0594091527995344,PFF,24.631650924682617,1.072133451156044,0.00014172589143843182
9,Alternative,4222423090.0,381586830.0,359130630.0,1.0668195744464728,PFF,24.37148666381836,1.060809370292737,-0.010562193401480664
10,Alternative,4187725680.0,452256420.0,449022940.0,1.0580530734631253,PFF,24.135059356689453,1.0505184797018168,-0.009700980099827214
11,Alternative,4159075810.0,446845860.0,450457510.0,1.050814518379971,PFF,23.323381423950195,1.0151888517399772,-0.033630658236367135
12,Alternative,4161995040.0,363423870.0,484874270.0,1.0515520786954418,PFF,23.262269973754883,1.0125288745340888,-0.0026201796851188434
14,Alternative,4113338950.0,456840520.0,417837650.0,1.0392588366110658,PFF,24.444324493408203,1.0639797576066714,0.015748224958247365
16,Alternative,4075406770.0,327572140.0,434998990.19,1.029675052309283,PFF,24.88709259033203,1.0832519732315302,0.013009497504587578
17,Alternative,4076813160.0,389843290.43,388743630.0,1.0300303848634411,PFF,25.02976417541504,1.08946199055293,0.005732754220492268
18,Alternative,4117762270.0,414617434.96,311721130.0,1.0403764139498255,PFF,25.232589721679688,1.0982903087831717,0.008103374240492029
19,Alternative,4061890140.0,286272523.41,336587380.0,1.0262599976932023,PFF,25.40189552307129,1.105659624534753,0.006709806772078375
20,Alternative,4086755260.0,349590860.0,329139550.91,1.0325423138352734,PFF,25.388154983520508,1.1050615447659884,-0.0005409257564381916
21,Alternative,4012727180.0,457115210.71,522173950.0,1.0138386919766005,PFF,25.34642791748047,1.103245305024003,-0.0016435643341205443
22,Alternative,4051853080.0,463431500.0,417738880.0,1.02372407652906,PFF,25.251895904541016,1.0991306424060805,-0.003729599028597556
23,Alternative,4084771420.0,394065170.0,434830300.0,1.0320410852043522,PFF,25.412405014038086,1.1061170675561152,0.006356319149415081
24,Alternative,4105460100.0,336085250.0,366806870.0,1.0372681996651771,PFF,25.214601516723633,1.097507342334085,-0.007783737792829303
25,Alternative,4086311210.0,364992320.0,477650470.0,1.0324301220387773,PFF,25.10618019104004,1.0927881243474589,-0.004299942063795182
26,Alternative,4002128160.0,457416820.0,452000950.0,1.0111607883736362,PFF,25.04611587524414,1.0901737254026826,-0.0023924115631630155
27,Alternative,3943999070.0,324106770.0,370923290.0,0.9964741381410654,PFF,25.192729949951172,1.096555346122477,0.005853764928555099
28,Alternative,3935104650.0,306165460.0,320966782.39,0.9942269115706583,PFF,25.018959045410156,1.088991679352201,-0.006897660749201673
30,Alternative,3855326400.0,320763792.75,328469570.0,0.9740704760593406,PFF,25.646902084350586,1.1163239413888468,0.017280439305607957
32,Alternative,3797528430.0,346245100.71,329357220.0,0.9594674852066948,PFF,26.07183837890625,1.1348199982466067,0.01450227078545011
33,Alternative,3864174490.0,291914320.0,239519373.03,0.9763059970877328,PFF,25.63524055480957,1.11581635397821,-0.016745954686874506
34,Alternative,3861056320.0,393936740.0,352328126.55,0.9755181734325596,PFF,25.05807113647461,1.0906940979721742,-0.022514687041884418
35,Alternative,3915901590.0,511466870.83,390190610.94,0.989375147580975,PFF,24.497350692749023,1.0662878108620053,-0.022376839808288335
36,Alternative,3886813350.0,447541750.0,390947120.0,0.982025835786122,PFF,23.93914794921875,1.0419911108277344,-0.02278624944106695
38,Alternative,4229450100.0,525849770.0,387169420.91,1.068594989097739,PFF,25.622053146362305,1.1152423501579383,0.001106010853378926
39,Alternative,4532726030.0,606626130.0,318329380.0,1.1452194039624417,PFF,25.99125099182129,1.1313122985922377,0.014409377864841456
40,Alternative,4779191470.0,554563150.5799999,352792830.0,1.2074903204983214,PFF,26.169713973999023,1.1390801958221421,0.00686627135546079
41,Alternative,5077266070.0,655228340.46,435474590.0,1.2828005893054444,PFF,26.241779327392578,1.1422169598286989,0.002753769241236468
42,Alternative,5352540200.0,567251230.0,321062800.0,1.3523501877145236,PFF,26.589021682739258,1.1573312591488605,0.013232424181854524
43,Alternative,5566639660.0,508701693.09,315850830.0,1.4064436525185018,PFF,27.073535919189453,1.1784205447208254,0.018222341620215625
44,Alternative,5981573800.0,579023950.0,390848080.0,1.5112791588670882,PFF,27.235946655273438,1.1854897413213679,0.0059988741983594855
45,Alternative,6240655800.0,719330900.36,426838480.0,1.576737722136441,PFF,27.444561004638672,1.194570026805663,0.007659522615669478
46,Alternative,6775865320.0,908726640.0,397594640.0,1.7119614977259452,PFF,27.56244659423828,1.1997011925730514,0.004295408098518479
47,Alternative,7402651870.0,1003839580.0,375152650.0,1.870322738721284,PFF,27.43631935119629,1.194211295173121,-0.0045760539657012204
49,Alternative,7905038530.0,741008010.0,443416910.0,1.9972536292088083,PFF,28.512359619140625,1.2410477321452766,0.02388877085166392
50,Alternative,7961322170.0,661809620.0,425408090.0,2.011474015843038,PFF,27.122602462768555,1.180556247393156,-0.04874227089360618
51,Alternative,7245106690.0,1228187930.0,1431150200.0,1.830518039310242,PFF,23.790193557739258,1.0355076239396621,-0.12286464433506059
52,Alternative,7962961680.0,1319844260.0,746781750.0,2.011888247511258,PFF,26.00438690185547,1.1318840608586844,0.09307168261335584
53,Alternative,8503961690.0,788643490.81,305203960.0,2.148575023834219,PFF,26.51619529724121,1.1541613699579982,0.019681617463906582
54,Alternative,8995851800.0,792605702.1800001,398726840.0,2.2728539003559534,PFF,26.26777458190918,1.1433484463873458,-0.009368641034178737
55,Alternative,9483275430.0,800970300.1,608715720.0,2.3960042949157168,PFF,27.56815528869629,1.199949672965599,0.0495047916119507
56,Alternative,10616886020.0,894004670.0,235949997.8,2.682417556077524,PFF,28.09984588623047,1.2230923878824589,0.019286404620340616
57,Alternative,11118363860.0,751457390.0,361582320.0,2.809118827944417,PFF,28.034740447998047,1.2202585657243505,-0.002316932217209239
58,Alternative,11403954610.0,691439820.0,312196760.0,2.8812749799658497,PFF,27.979816436767578,1.217867907059533,-0.001959141064007634
59,Alternative,12054709350.0,801615330.22,419230680.0,3.0456919225597825,PFF,29.27237892150879,1.274128832558918,0.046196246056950066
60,Alternative,12229318910.0,716158890.0,618910360.0,3.0898080361095226,PFF,30.003442764282227,1.3059495985792202,0.024974527855550054
61,Alternative,12260178960.0,1030556520.0,367899553.6,3.097605005931511,PFF,29.65273094177246,1.2906842849476505,-0.011689052661892274
62,Alternative,14078806460.0,1501478310.0,371171990.0,3.5570917447714727,PFF,29.276681900024414,1.2743161268340892,-0.012681767574341635
63,Alternative,15564387510.0,1661767330.0,465343920.0,3.932432374970315,PFF,30.20331382751465,1.314649318036306,0.03165085205538479
64,Alternative,19245988210.0,3607341710.0,392724550.0,4.8626100498124245,PFF,30.561962127685547,1.3302600800184903,0.011874468550671967
65,Alternative,19898828070.0,2330927510.0,507390830.0,5.027553810014081,PFF,30.80152702331543,1.3406875393517228,0.007838662145741786
66,Alternative,21064096900.0,1922877050.0,632723610.0,5.321965708310217,PFF,31.316247940063477,1.3630916207729276,0.016710889572404165
67,Alternative,22297716610.0,946824340.0,273007520.0,5.63364685110422,PFF,31.506458282470703,1.3713708413365107,0.006073854785262663
68,Alternative,24408952010.0,919440630.0,282743260.0,6.167062665430947,PFF,31.61421775817871,1.3760612512054577,0.0034202345037291013
69,Alternative,24408179290.0,1015036650.0,328254520.0,6.1668674332611735,PFF,31.26055145263672,1.3606673388007322,-0.011186938365745186
70,Alternative,28132869560.0,1547826470.0,418115050.0,7.107931936767931,PFF,31.83443832397461,1.3856467165055404,0.018358181307434527
71,Alternative,29590571360.0,2035857400.0,598494940.0,7.476228713476267,PFF,31.17787742614746,1.3570688147061871,-0.02062423376675977
72,Alternative,28401433780.0,1795666380.0,1107699450.0,7.175786237671715,PFF,32.117576599121094,1.397970779436417,0.030139934163239415
73,Alternative,27377018570.0,1511634190.0,768331060.0,6.916961819773627,PFF,30.86665916442871,1.3435225237969997,-0.038948064180116704
74,Alternative,28463399680.0,1478561590.0,814262200.0,7.19144228010497,PFF,29.841875076293945,1.298917097045001,-0.033200356497140614
75,Alternative,29862765630.0,2225652200.0,1426938670.0,7.54500016747288,PFF,29.947343826293945,1.3035077992789834,0.0035342534519147294
76,Alternative,28546987940.0,1595842130.0,1584992380.0,7.212561336642224,PFF,28.010211944580078,1.2191909219394654,-0.06468459750387125
78,Alternative,24167249390.0,1826101270.0,2587756450.0,6.10599510286914,PFF,27.32810401916504,1.1895010434017954,-0.05037227418913978
79,Alternative,25475905060.0,875117520.0,641745820.0,6.43663451422343,PFF,29.020893096923828,1.263182495025411,0.0619431584632306
80,Alternative,25173307300.0,1346614070.0,1149579090.0,6.360181442925059,PFF,27.898462295532227,1.2143268331593224,-0.03867664574080863
82,Alternative,25212825710.0,789848570.0,646757740.0,6.370165997395417,PFF,25.80692481994629,1.1232891963083103,-0.03223815036740624
83,Alternative,25346883090.0,1110331560.0,963604960.0,6.404036368515192,PFF,27.08489990234375,1.1789151809315832,0.049520626394420626
84,Alternative,24948826010.0,1153886630.0,1122707250.0,6.303464948825697,PFF,26.107860565185547,1.1363879236370689,-0.036073212036262924
85,Alternative,27006858810.0,1778831200.0,714708370.0,6.823438819064476,PFF,28.889192581176758,1.2574500116892882,0.10653236059105038
86,Alternative,27294149340.0,1625383770.0,1187769290.0,6.896024430317635,PFF,28.11537742614746,1.2237684239120328,-0.026785627630641684
88,Alternative,28510357360.0,1171308240.0,769250180.0,7.20330640909603,PFF,27.280500411987305,1.1874290174622024,0.01067713303644167
89,Alternative,28266717230.0,959454620.0,769708910.0,7.141749323445316,PFF,26.64702606201172,1.159855995940629,-0.0232207745609106
90,Alternative,29175705450.0,1679670650.0,1112786930.0,7.371410445831149,PFF,27.206501007080078,1.1842080706564333,0.02099577430390826
91,Alternative,29417719220.0,1051146090.0,846166860.0,7.432556622237073,PFF,27.61115837097168,1.201821453430142,0.014873554073943416
92,Alternative,29849676640.0,1148099620.0,1187668510.0,7.541693158572042,PFF,27.335119247436523,1.189806392845093,-0.009997375692334708
93,Alternative,29131484660.0,900151040.0,804910190.0,7.360237807901707,PFF,26.93721580505371,1.172486985704532,-0.014556491917266018
94,Alternative,30116396730.0,1378607610.0,1129302660.0,7.609081529383107,PFF,25.663040161132812,1.1170263779412506,-0.04730168303740765
95,Alternative,32390704430.0,2314099070.0,986729310.0,8.183698501903105,PFF,27.678546905517578,1.2047546511411666,0.07853733352439245
96,Alternative,33318505280.0,1288120090.0,965542590.0,8.418112743884734,PFF,28.328487396240234,1.2330443887432156,0.023481741759828218
97,Alternative,33968789547.719997,1446227395.1,1498059160.4999995,8.582410818940561,PFF,29.469478607177734,1.2827079232120038,0.04027716676072626
99,Alternative,38460340159.56001,1510792749.02,1097112389.7100005,9.71722701575327,PFF,29.789274215698242,1.296627557363853,0.007082325594951459
100,Alternative,37801029812.560005,1629164736.07,978336936.7,9.550648449649724,PFF,28.767419815063477,1.252149650118354,-0.03430276257272064
101,Alternative,39772167759.16,1462378851.9299998,974190582.15,10.048667833436086,PFF,29.644962310791016,1.2903461424020957,0.030504734222567702
102,Alternative,40017305416.000015,1897433776.25,1149160051.89,10.11060327788982,PFF,29.611248016357422,1.2888786718312066,-0.001137268925497047
104,Alternative,41519101881.41998,1513492352.9400008,662021588.4399998,10.490040826424195,PFF,30.687725067138672,1.3357341205006203,0.02583072320171894
105,Alternative,43009297159.85999,1386978355.6199996,894169641.99,10.866547268081494,PFF,31.67357635498047,1.3786449325607777,0.0321252646028648
1,Sector Equity,32546485200.0,992960130.0,872583990.0,1.0,VFH,36.449432373046875,1.0,
2,Sector Equity,32701947160.0,1144977390.0,1077405930.0,1.0047766128675548,VFH,35.52031326293945,0.9745093668236525,-0.025490633176347463
3,Sector Equity,34284941030.0,1014555000.0,719293570.0,1.0534145490462976,VFH,38.11857223510742,1.0457933019361592,0.07314853765321078
5,Sector Equity,36179401430.0,993583530.0,1220373150.0,1.111622382806485,VFH,40.31177520751953,1.105964416535845,0.025377473655754816
6,Sector Equity,37241664330.0,1126521080.0,816592010.0,1.1442607120599309,VFH,39.05023956298828,1.071353846153846,-0.031294470115420026
8,Sector Equity,38076102320.0,943222090.0,892135400.0,1.1698990562581548,VFH,42.13866424560547,1.1560856096284668,0.03231074143893288
9,Sector Equity,38408420420.0,868612910.0,871106430.0,1.1801096242490725,VFH,40.94417190551758,1.1233143903715332,-0.028346706320014903
10,Sector Equity,37744758990.0,648472490.0,887807360.0,1.1597184383522925,VFH,41.95370864868164,1.1510113029827316,0.024656421077306458
11,Sector Equity,37883807360.0,1259718350.0,960865320.42,1.1639907390061277,VFH,47.761138916015625,1.3103397174254316,0.13842471748958188
12,Sector Equity,38755947040.0,1109915860.0,899976770.0,1.190787478335756,VFH,49.521728515625,1.3586419675562533,0.036862387279022794
13,Sector Equity,39193188660.0,1384075060.0,1111848490.0,1.2042218512738203,VFH,49.81623458862305,1.3667218210361067,0.00594700713859624
14,Sector Equity,40052842590.0,1234492880.0,984429740.0,1.2306349623891184,VFH,52.22994613647461,1.432942647828362,0.04845230812372162
15,Sector Equity,40104542830.0,1564382330.0,1482207340.0,1.232223466944443,VFH,50.67947769165039,1.3904051282051282,-0.02968543066793351
17,Sector Equity,40058470190.0,1027992270.0,818930670.0,1.2308078719971889,VFH,49.644676208496094,1.362015070643642,-0.016150293872283776
18,Sector Equity,39468828370.0,1280082120.0,1057043320.1,1.212690959637018,VFH,52.55160903930664,1.4417675562532706,0.05855477470740478
19,Sector Equity,39428052910.0,951666380.0,600009800.0,1.2114381220495047,VFH,53.61859130859375,1.4710405023547881,0.02030351284751427
20,Sector Equity,39526472490.0,774625610.0,875690020.0,1.2144620915932267,VFH,52.53847122192383,1.441407116692831,-0.02014450697619885
21,Sector Equity,40035207800.0,772022340.0,743864620.0,1.2300931284586147,VFH,55.1544303894043,1.5131766614338042,0.04979130733421213
22,Sector Equity,41169112140.0,1056667650.0,793863045.02,1.2649326613000902,VFH,56.82438659667969,1.5589923600209314,0.03027782528955653
23,Sector Equity,41706805950.0,1017583860.0,937307230.0,1.2814534563013271,VFH,58.825355529785156,1.6138894819466247,0.03521320779593576
24,Sector Equity,42100305500.0,1095964810.0,806825980.0,1.2935438417172005,VFH,59.384979248046875,1.6292429094714809,0.009513307879259027
25,Sector Equity,42757047910.0,1885655570.0,1227496060.0,1.313722438759685,VFH,63.093997955322266,1.7310008372579802,0.062457186215104675
26,Sector Equity,42003708730.0,1758637960.0,1409976240.0,1.290575878528352,VFH,61.38116455078125,1.684008791208791,-0.027147327163415714
27,Sector Equity,42334145590.0,1159741520.0,913358790.0,1.3007286448860536,VFH,59.199623107910156,1.6241576138147567,-0.03554089367376344
28,Sector Equity,42654568610.0,1152491850.0,1225196470.0,1.3105737331661238,VFH,59.18849182128906,1.6238522239665096,-0.0001880296872972221
29,Sector Equity,43429781430.0,1308988420.0,1349326710.0,1.334392367197918,VFH,59.09442138671875,1.6212713762428048,-0.001589336569925524
30,Sector Equity,43561746980.0,736669400.0,795586849.62,1.3384470461959437,VFH,57.67499923706055,1.5823291470434329,-0.024019562529758738
31,Sector Equity,43966117320.0,918415820.0,810221820.0,1.3508714397215464,VFH,60.70126724243164,1.6653556253270538,0.05247105410322204
33,Sector Equity,43777272090.0,1010829450.0,1091355320.0,1.3450691164033897,VFH,59.63527297973633,1.6361097854526425,-0.030874701375996672
34,Sector Equity,41687742850.0,1357602790.0,1028920810.0,1.2808677371404762,VFH,56.72310256958008,1.556213605442177,-0.04883301886026054
36,Sector Equity,39780365230.0,1067830190.0,1279391720.0,1.222263018127684,VFH,51.28058624267578,1.4068967032967032,-0.11954891325064379
39,Sector Equity,43557281900.0,2067183750.0,2404819480.0,1.3383098553449944,VFH,56.12145233154297,1.5397071690214548,-0.036285103247620305
40,Sector Equity,43567498750.0,994168060.0,1113459330.74,1.3386237709625246,VFH,61.25564193725586,1.68056504447933,0.09148354849019522
41,Sector Equity,42065225190.0,935771306.34,1049394880.0,1.2924659892306896,VFH,56.96266174316406,1.5627859759288332,-0.07008301698134346
42,Sector Equity,42998911590.0,1056876660.0,1101513370.0,1.3211537690097486,VFH,60.33758544921875,1.6553779173207746,0.05924799864991743
44,Sector Equity,42815922380.0,1006102550.0,1198477620.0,1.3155313735690268,VFH,59.11296463012695,1.6217801151229723,-0.05162203560529541
45,Sector Equity,42942531720.0,1046057280.0,1108176720.0,1.319421481493799,VFH,61.53937530517578,1.688349345892203,0.04104701380198087
46,Sector Equity,43341381330.0,1219486900.0,1012355510.0,1.331676249022429,VFH,63.20649337768555,1.7340871794871795,0.02709026642279796
48,Sector Equity,44585442230.0,1079042830.0,1013679290.0,1.3699003734510786,VFH,67.49811553955078,1.8518289900575615,0.017609000209339292
49,Sector Equity,44962467180.0,1103919490.0,968570870.0,1.3814845721036568,VFH,66.28235626220703,1.8184743066457352,-0.018011751404102105
50,Sector Equity,42630637560.0,1556359630.0,1091442760.0,1.3098384448591702,VFH,58.857303619384766,1.6147659863945578,-0.11202155538118509
52,Sector Equity,40184649960.0,1950739520.0,1369787600.0,1.234684781261726,VFH,50.01398468017578,1.3721471480900052,0.10759007276242512
53,Sector Equity,41989230540.0,1520113270.0,1034056630.0,1.290131032029228,VFH,51.456783294677734,1.4117307169021456,0.028847903715894893
54,Sector Equity,43068380720.0,1882221100.0,1332866450.0,1.3232882277561573,VFH,51.25962448120117,1.4063216117216117,-0.0038315417492673894
55,Sector Equity,45378041720.0,2132220530.0,1653385330.0,1.3942532178559175,VFH,53.16096496582031,1.4584854003139718,0.03709236077834385
57,Sector Equity,45052451390.0,1154132160.0,1112725990.0,1.3842493625087358,VFH,52.790977478027344,1.448334693877551,-0.04396143248709447
58,Sector Equity,44573316720.0,1267919770.0,934324560.0,1.3695278137130458,VFH,53.50694274902344,1.4679773940345369,0.013562265849199189
59,Sector Equity,48545550700.0,2104355810.0,1469491900.0,1.4915758307443905,VFH,62.26742172241211,1.708323495552067,0.16372602363921382
62,Sector Equity,53641521730.0,3080247110.0,1509781290.0,1.6481509877447535,VFH,73.27999877929688,2.010456514913658,0.11764731892575972
64,Sector Equity,57768636040.0,2315440410.0,1724046960.0,1.774957746896737,VFH,82.4464111328125,2.261939508110937,0.06756826577415626
65,Sector Equity,59332850270.0,2449500800.0,1910022260.0,1.8230186733036229,VFH,85.85258483886719,2.355388801674516,0.041313789881862774
67,Sector Equity,62498709660.0,1690283960.0,1336864100.0,1.9202906020709112,VFH,83.15568542480469,2.2813986394557824,0.0013549376120501617
68,Sector Equity,63997100030.0,1869344260.0,1480232240.0,1.9663290716872863,VFH,87.4061279296875,2.3980106750392465,0.05111427418545382
69,Sector Equity,62742338270.0,1783267270.0,1451769470.0,1.927776160296412,VFH,85.4238052368164,2.3436251177394034,-0.02267944753788593
70,Sector Equity,65935391860.0,2230326540.0,1665431400.0,2.025883638581041,VFH,92.41118621826172,2.5353257980115123,0.08179664862826613
71,Sector Equity,66171014460.0,2566489680.0,1576559760.0,2.033123209875824,VFH,87.46837615966797,2.3997184720041864,-0.05348714004081232
73,Sector Equity,67096581110.0,2656950540.0,2161751210.0,2.0615615080303664,VFH,89.51918029785156,2.455982836211408,-0.0003992113233574235
74,Sector Equity,67460999400.0,2127439940.0,1943525820.0,2.072758363474529,VFH,88.33517456054688,2.4234993197278913,-0.013226279925321247
79,Sector Equity,64122226480.0,1328464680.0,1562696040.0,1.970173617395712,VFH,78.07637786865234,2.1420464678178965,0.0802700287927685
80,Sector Equity,62822623970.0,1849659510.0,1715479400.0,1.9302429612276533,VFH,76.5607681274414,2.100465306122449,-0.019411885932524218
82,Sector Equity,62824681560.0,1766743150.0,1551704690.0,1.9303061812646976,VFH,79.08027648925781,2.1695886970172684,0.12851211658856337
84,Sector Equity,63261649460.0,1802100390.0,1523638710.0,1.943732144078034,VFH,78.36979675292969,2.1500964939822085,-0.0662526894324451
88,Sector Equity,67700888990.0,1999775650.0,2473866430.0,2.0801290392487606,VFH,76.38497161865234,2.095642281527996,0.027640982136762797
89,Sector Equity,66108354440.0,2452455630.0,1653568590.0,2.031197962967749,VFH,73.37104034423828,2.0129542647828362,-0.03945712370570672
91,Sector Equity,69517468240.0,2142119690.0,1992072950.0,2.1359439525592765,VFH,83.13041687011719,2.280705389848247,0.06607103004831436
93,Sector Equity,65707585720.0,1759881160.0,1784841420.0,2.0188842302393994,VFH,77.52275085449219,2.126857561486133,-0.03808391954223639
94,Sector Equity,63757467360.0,2729060580.0,2762522430.0,1.958966289853013,VFH,75.74732208251953,2.0781481946624805,-0.022902035240017233
95,Sector Equity,67889635000.0,2988213630.0,2549218920.0,2.0859283140042417,VFH,84.41082763671875,2.315833804290947,0.11437375363265186
97,Sector Equity,69848805294.43,2346073175.34,1754485956.6900003,2.146124377646468,VFH,91.8179702758789,2.5190507587650446,0.024674403031426657
98,Sector Equity,71716501802.41998,2726943898.37,2935514531.19,2.203509883224502,VFH,95.67710876464844,2.6249272632129776,0.042030317999562104
99,Sector Equity,73619294485.44005,2000414773.05,2532608702.41,2.2619737287466006,VFH,100.03450012207031,2.744473469387755,0.04554267382954071
101,Sector Equity,75094110542.93994,2200594229.8,2414992105.65,2.307287870917009,VFH,99.07378387451172,2.718115960230246,0.034302645334076724
102,Sector Equity,74515615771.45996,2767751321.649998,2768542652.51,2.2895134547880445,VFH,97.96543884277344,2.68770821559393,-0.011187066733437041
104,Sector Equity,77415003135.53992,2806617978.159999,2960400612.8100004,2.3785979548888405,VFH,109.22957611083984,2.996742857142857,0.03704745962853449
105,Sector Equity,78643184045.81998,3485349905.4399986,3506276670.72,2.416334162123902,VFH,108.3033218383789,2.971330821559393,-0.008479885260389808
1,Canadian Fixed Income,203305151590.0,3796649800.0,3694581420.0,1.0,XBB.TO,24.09392738342285,1.0,
2,Canadian Fixed Income,205318202340.0,3720387250.0,3226565300.0,1.0099016219424664,XBB.TO,24.16725730895996,1.0030435023883886,0.003043502388388618
3,Canadian Fixed Income,208958767390.0,3949371150.0,3267244040.0,1.0278085220949122,XBB.TO,24.33188819885254,1.009876381365431,0.006812146193831501
4,Canadian Fixed Income,209619725230.0,3647244290.0,3375186175.0,1.0310595850159985,XBB.TO,24.336130142211914,1.0100524399752155,0.00017433679312956257
5,Canadian Fixed Income,212737361250.0,4812592980.0,3612168510.0,1.0463943465585257,XBB.TO,24.508541107177734,1.017208225008603,0.007084567840421232
6,Canadian Fixed Income,217452132630.0,5695526860.0,2961785250.0,1.0695849609779189,XBB.TO,24.973918914794922,1.036523374432411,0.018988392886465765
8,Canadian Fixed Income,223075404700.0,4296851070.0,2794179263.0,1.0972442309276556,XBB.TO,25.195030212402344,1.04570042946743,0.0006899062107846423
9,Canadian Fixed Income,224964872800.0,3934603690.0,2807076310.0,1.1065379850958257,XBB.TO,25.22761344909668,1.0470527717475329,0.0012932406279987996
10,Canadian Fixed Income,225069823420.0,4084451000.0,3114578780.0,1.1070542072337264,XBB.TO,24.9798526763916,1.0367696506621948,-0.009821015103350953
13,Canadian Fixed Income,226087754490.0,5263944340.0,4041757870.0,1.112061119562504,XBB.TO,24.310100555419922,1.0089721019141862,-0.0015682095972171272
14,Canadian Fixed Income,229303376460.0,5599965640.0,4121810130.0,1.1278778460195142,XBB.TO,24.545494079589844,1.0187419298224365,0.009682951480735074
15,Canadian Fixed Income,232302407410.0,5301727380.0,3591226690.0,1.1426292230827382,XBB.TO,24.608768463134766,1.0213680846430264,0.0025778411035341925
17,Canadian Fixed Income,238250808310.0,5049990680.0,3432489230.0,1.1718877089276811,XBB.TO,25.193449020385742,1.0456348033039804,0.009189779852974525
18,Canadian Fixed Income,237173741140.0,5016063640.0,3539776240.0,1.166589923005502,XBB.TO,24.876401901245117,1.0324760054834656,-0.01258450634861787
19,Canadian Fixed Income,233754245670.0,3527793617.0,3088696880.0,1.1497704010049183,XBB.TO,24.434404373168945,1.014131236652616,-0.017767743495655977
21,Canadian Fixed Income,233983906490.0,3501927990.0,3172244990.0,1.1509000370136662,XBB.TO,24.408687591552734,1.0130638813307973,-0.014354011707739672
23,Canadian Fixed Income,237091251400.0,3864261600.0,4809849770.0,1.166184179524066,XBB.TO,25.01801300048828,1.03835346568286,0.009240685237394209
24,Canadian Fixed Income,235420160590.0,4193067120.0,4647958250.0,1.1579645609018578,XBB.TO,24.933673858642578,1.0348530342046889,-0.0033711367023455084
25,Canadian Fixed Income,234815311950.0,5313648810.0,4902665920.0,1.1549894831172094,XBB.TO,24.711591720581055,1.0256356851802904,-0.008906915977187402
27,Canadian Fixed Income,231869282830.0,3671487300.0,4241823310.0,1.140498806924502,XBB.TO,24.872121810913086,1.0322983636128018,0.006042820037203083
28,Canadian Fixed Income,229540285080.0,3079429590.0,4017281020.0,1.1290431318873202,XBB.TO,24.712799072265625,1.025685795387122,-0.006405675392662127
29,Canadian Fixed Income,229677757660.0,3446740570.0,4403339990.0,1.1297193202619131,XBB.TO,24.911527633666992,1.033933872101178,0.008041523779651243
30,Canadian Fixed Income,229979295500.0,2988396080.0,3899130340.0,1.1312024988121945,XBB.TO,25.071264266967773,1.040563618707399,0.00641215728114976
31,Canadian Fixed Income,229195437990.0,3142806790.0,3346279530.0,1.1273469275004513,XBB.TO,24.861495971679688,1.0318573462948568,-0.008366881424662045
36,Canadian Fixed Income,216150384644.89,4036644860.0,6562035940.0,1.0631820342693266,XBB.TO,25.182071685791016,1.045162595746712,0.011448362932671019
38,Canadian Fixed Income,221362520859.99,6064109540.0,4850207790.0,1.0888190443221322,XBB.TO,25.64577293395996,1.064408160854872,0.0033963522645345883
39,Canadian Fixed Income,225536664235.96,4522575440.0,3574869300.0,1.1093504639311536,XBB.TO,26.199661254882812,1.087396871334009,0.021597645832284365
40,Canadian Fixed Income,227748539469.62,4982708540.0,3765459460.0,1.120230046747238,XBB.TO,26.18598175048828,1.0868291139826713,-0.0005221252390040658
41,Canadian Fixed Income,230546479281.0,4904008710.0,3209450350.0,1.1339923139081929,XBB.TO,26.65056610107422,1.1061113315801885,0.017741719787812596
42,Canadian Fixed Income,233269224930.83,4300059900.0,3429672880.0,1.1473847224553255,XBB.TO,26.89887809753418,1.1164173307852332,0.009317325400076664
48,Canadian Fixed Income,242428157370.0,5886617400.0,3923837760.0,1.19243489638127,XBB.TO,27.017642974853516,1.1213465760439805,-0.010793539058569085
49,Canadian Fixed Income,249439194780.0,6091781810.0,3894062550.0,1.226920187851596,XBB.TO,27.737903594970703,1.1512404413593023,0.026658899178864902
50,Canadian Fixed Income,250776184838.34,6432015190.0,3550965732.0,1.233496460257306,XBB.TO,27.885236740112305,1.1573553906906002,0.0053116178963256355
52,Canadian Fixed Income,240472636860.64,3608150020.0,5454440680.0,1.1828162492684626,XBB.TO,28.373432159423828,1.1776175676093956,0.05274983776194281
53,Canadian Fixed Income,242239437751.78,4290472930.0,3972687490.0,1.1915066384559587,XBB.TO,28.47905158996582,1.1820012211691162,0.0037224763626952408
54,Canadian Fixed Income,247832971549.77,4956865915.0,3160012260.0,1.2190196343355235,XBB.TO,28.990341186523438,1.2032219042242747,0.01795318200616493
55,Canadian Fixed Income,253572397094.9,5278507390.0,3578291874.0,1.247250230069293,XBB.TO,29.40753173828125,1.2205370785052783,0.014390674089470507
57,Canadian Fixed Income,259116909940.0,5884730800.0,3963084250.0,1.274522105876363,XBB.TO,29.105684280395508,1.2080091309821435,0.003908924692756954
59,Canadian Fixed Income,265286892818.35,5614216840.0,4118943280.0,1.3048704902143695,XBB.TO,29.19358253479004,1.2116572807003587,0.011782901687366362
60,Canadian Fixed Income,268400834310.0,5759600960.0,4139325540.0,1.3201870794266772,XBB.TO,29.342391967773438,1.2178335022276876,0.005097333731002764
61,Canadian Fixed Income,270497099770.0,6928786450.0,3574613041.0,1.3304980107710414,XBB.TO,28.9569091796875,1.2018343343896059,-0.013137401630695643
62,Canadian Fixed Income,277733647570.0,7648808509.0,5457721750.0,1.366092523469833,XBB.TO,28.165441513061523,1.1689850751538315,-0.027332601753683367
63,Canadian Fixed Income,276274660260.0,7666741540.0,6189477180.0,1.3589161814116528,XBB.TO,27.80329132080078,1.1539543088326087,-0.01285796255289652
64,Canadian Fixed Income,279174375080.0,6348778300.0,4337417450.0,1.373179050784721,XBB.TO,27.810983657836914,1.154273573388931,0.00027667001533656055
65,Canadian Fixed Income,281347395500.0,4731969550.0,3685997061.0,1.3838675178648974,XBB.TO,27.97789764404297,1.1612012105296032,0.006001728966498445
67,Canadian Fixed Income,287831691590.0,4944051670.0,3826089311.0,1.4157619191591484,XBB.TO,28.56878662109375,1.1857256048986724,0.010296977264953563
69,Canadian Fixed Income,288026017830.0,5090066950.0,3372630041.0,1.4167177544563865,XBB.TO,28.08112907409668,1.165485751958276,-0.0151362621479926
70,Canadian Fixed Income,287096923340.0,4424819980.0,4005594720.0,1.4121478039030737,XBB.TO,27.808834075927734,1.1541843566383794,-0.009696725421917693
71,Canadian Fixed Income,288242842780.0,5406821600.0,4752353064.0,1.4177842544850587,XBB.TO,28.028764724731445,1.1633124097491823,0.007908661262217042
73,Canadian Fixed Income,283621024830.0,5847072700.0,6459481240.0,1.3950508514509796,XBB.TO,27.517976760864258,1.1421125465745874,-0.03510658048665259
74,Canadian Fixed Income,280749174980.0,5615289530.0,5015907150.0,1.3809250419102967,XBB.TO,27.31511878967285,1.133693081870341,-0.007371834526726851
76,Canadian Fixed Income,266580902310.0,5485985800.0,6725230270.0,1.3112353534828596,XBB.TO,25.5355167388916,1.0598320619352657,-0.03632935538629452
77,Canadian Fixed Income,264184658720.0,6169191030.0,5844034560.0,1.2994489153564297,XBB.TO,25.54071807861328,1.0600479395561662,0.00020369040403078436
78,Canadian Fixed Income,254953368760.0,5755725690.0,6835081240.0,1.2540428354425448,XBB.TO,24.975017547607422,1.0365689723457363,-0.022148967357325522
79,Canadian Fixed Income,263205589080.0,4941629490.0,4530961900.0,1.2946331513074474,XBB.TO,25.955900192260742,1.0772797551518716,0.039274552771927394
80,Canadian Fixed Income,256555082740.0,3292718950.0,4495843960.0,1.2619212092440613,XBB.TO,25.23112678527832,1.0471985900745218,-0.027923262210667894
81,Canadian Fixed Income,251912327910.0,4387297430.0,5349635400.0,1.2390848236744378,XBB.TO,25.062530517578125,1.04020113112907,-0.006682074452519761
82,Canadian Fixed Income,249411383990.0,4587971883.0,5548438110.0,1.2267833945151632,XBB.TO,24.865530014038086,1.032024776132849,-0.007860359647317683
83,Canadian Fixed Income,255880725220.0,7515277670.0,8286593600.0,1.2586042371224695,XBB.TO,25.563457489013672,1.060991721366351,0.028068071526388697
84,Canadian Fixed Income,252723958830.0,9670380060.0,9131862230.0,1.2430770044610653,XBB.TO,25.183338165283203,1.0452151600079067,-0.01486963662461666
85,Canadian Fixed Income,260469615040.0,8073897900.0,7803238440.0,1.281175676085582,XBB.TO,25.92950439453125,1.0761842177864003,0.029629361459184288
86,Canadian Fixed Income,257241852830.0,5743890909.0,4800033030.0,1.2652992352538743,XBB.TO,25.417661666870117,1.0549405774484912,-0.019739780594074323
87,Canadian Fixed Income,261210448710.0,7244610900.0,5382052960.0,1.284819625411047,XBB.TO,25.97492218017578,1.078069248189363,0.02192414552562907
88,Canadian Fixed Income,264426132440.0,3899953600.0,3697855340.0,1.300636655647866,XBB.TO,26.197465896606445,1.087305754670402,0.008567637465359214
90,Canadian Fixed Income,260904495450.0,4505296780.0,3988947010.0,1.2833147286703244,XBB.TO,25.786052703857422,1.070230365249577,0.0006958591973585034
92,Canadian Fixed Income,258253358380.0,3706340280.0,4235855730.0,1.2702745422841648,XBB.TO,25.431499481201172,1.0555149053324782,-0.0010731393461401821
93,Canadian Fixed Income,251301977230.0,3850225850.0,5039514970.0,1.2360826829257818,XBB.TO,24.792146682739258,1.0289790571792292,-0.02514019273360268
94,Canadian Fixed Income,249466194290.0,5384595000.0,5286768300.0,1.2270529907333176,XBB.TO,24.812501907348633,1.0298238851844543,0.0008210351798033963
95,Canadian Fixed Income,258252972670.0,7861713460.0,8300652280.0,1.2702726450867894,XBB.TO,25.92522430419922,1.0760065759157362,0.04484523169028089
96,Canadian Fixed Income,266831720170.0,6610404570.0,5980255090.0,1.3124690549313394,XBB.TO,26.851716995239258,1.1144599453600839,0.03573711379191312
97,Canadian Fixed Income,266777713777.71008,6404883256.41,5435112662.330001,1.3122034129057067,XBB.TO,26.453739166259766,1.0979421804209686,-0.014821317722440344
98,Canadian Fixed Income,267842069489.9201,6106130566.26,5109905209.900001,1.317438674795954,XBB.TO,26.353111267089844,1.0937656965473117,-0.0038039196855114915
100,Canadian Fixed Income,266060892189.2499,6189824759.190001,5816000705.879998,1.308677572154235,XBB.TO,25.920215606689453,1.0757986937622768,-0.021592323331052963
102,Canadian Fixed Income,279037307869.38,10353097356.609997,5519768945.710003,1.3725048563063813,XBB.TO,26.732656478881836,1.1095184298295215,0.013036484781479884
103,Canadian Fixed Income,287185501483.2101,6197908565.030001,3954201794.440001,1.4125834945017492,XBB.TO,27.310853958129883,1.1335160733040288,0.021628882251369563
104,Canadian Fixed Income,288681347189.8401,6263309661.91,4688377062.73,1.419941132490415,XBB.TO,27.426515579223633,1.13831652029024,0.0042350056600599225
105,Canadian Fixed Income,295134225932.37976,5916026933.530001,4252856887.220001,1.4516810008217056,XBB.TO,27.92124366760254,1.1588498306346255,0.018038313578326984
3,Money Market,26419470360.0,1836869770.0,1794270430.0,0.985531897656662,BIL,76.78650665283203,1.0,0.0
7,Money Market,25385017150.0,1591576120.0,1469387610.0,0.9469434391752284,BIL,76.8369140625,1.000656461816864,0.00043757859403265975
35,Money Market,29006521090.0,2920607930.0,2094450040.0,1.0820372772319908,BIL,78.45543670654297,1.021734678740583,0.0018153518128237254
47,Money Market,35043638340.0,3416940250.0,2351434400.0,1.3072413232894935,BIL,80.11615753173828,1.043362447701395,0.0010606434271423478
49,Money Market,36462943770.0,3573642450.0,3020021060.0,1.3601860172868454,BIL,80.42410278320312,1.0473728561037088,0.0037454724156216527
51,Money Market,41954968530.0,7534166570.0,6325337280.0,1.565056346250555,BIL,80.5982894897461,1.0496413107337716,0.002165852033345261
52,Money Market,42712127780.0,4579799000.0,4160396450.0,1.5933008410232652,BIL,80.62210845947266,1.0499515080687574,0.0002955269879467207
59,Money Market,42584014320.0,2791288182.7,3417250460.0,1.588521793615096,BIL,80.64501953125,1.050249881738508,-0.00010897269023301994
64,Money Market,35087401020.0,2468262322.45,3353230020.0,1.308873813134265,BIL,80.62999725341797,1.05005424479021,0.0
67,Money Market,33320620050.0,2409299630.0,1974694630.0,1.2429671549620391,BIL,80.5947494506836,1.049595208375209,-0.0001094192252797029
71,Money Market,32639390250.0,2496183320.0,2532661650.0,1.2175550748413584,BIL,80.56834411621094,1.0492513284980836,-0.0002184129398163949
75,Money Market,34328577470.0,2978832620.0,2528600330.0,1.280567234575812,BIL,80.56834411621094,1.0492513284980836,0.00021888733439837666
77,Money Market,35366304980.0,3109431500.0,2158078460.0,1.319277835062688,BIL,80.6053466796875,1.0497332173753033,0.0003283582202605733
80,Money Market,39610609100.0,3004086180.0,2394365210.0,1.4776041389824153,BIL,80.76763153076172,1.0518466726964046,0.001454829800332911
82,Money Market,45228120070.0,4922592650.0,2397605510.0,1.6871555104116196,BIL,81.01172637939453,1.055025549549553,0.0014113392265351769
85,Money Market,52204496700.0,6447357290.0,4783323440.0,1.9473969764684544,BIL,81.93219757080078,1.0670129576441536,0.008679760603542518
91,Money Market,66721144420.0,5108481450.0,3226664540.0,2.4889150001138325,BIL,83.5188980102539,1.0876767501334634,0.00384067793563859
94,Money Market,74371292550.0,5597091910.0,4259374590.0,2.7742903275211708,BIL,84.61241912841797,1.1019178084369503,0.004428687614455387
39,Global Fixed Income,198571462770.0,4532968670.0,3121239870.0,1.5044845295178442,BNDW,64.42073822021484,1.0465354939390525,0.019177976040173482
44,Global Fixed Income,213037643470.0,4187884080.0,2790889060.0,1.614088118879365,BNDW,68.47518157958984,1.1124012229104718,0.024394483651560793
47,Global Fixed Income,221746313330.01,4463863540.0,2630058080.0,1.6800696999902376,BNDW,67.86568450927734,1.1024997480879786,-0.0021627512978470865
55,Global Fixed Income,240496237420.01,6652379030.0,2586619900.0,1.8221292403165967,BNDW,71.5994644165039,1.163156196732072,0.011671643805461896
58,Global Fixed Income,245064055300.01,4460480180.0,3096976181.0,1.8567374928733849,BNDW,71.16739654541016,1.1561371159921932,-0.0016849681130700934
62,Global Fixed Income,262360408800.0,7666539650.0,3437759930.0,1.987783998221172,BNDW,70.18787384033203,1.1402244563998853,-0.018509556757711754
71,Global Fixed Income,292475073590.0,5705941908.49,4282870420.0,2.2159489452692216,BNDW,70.84318542480469,1.1508702026562496,0.006740254938802328
72,Global Fixed Income,294913400000.0,5341254158.21,5548848070.0,2.234423021607214,BNDW,69.54855346679688,1.1298384924791403,-0.018274615268140053
77,Global Fixed Income,268489862700.0,3337489685.85,6599638250.0,2.0342240477544933,BNDW,64.41815185546875,1.0464934776166408,0.0008083829070397587
78,Global Fixed Income,256204009380.0,4046925325.1,6678216670.0,1.9411397948914584,BNDW,63.38816833496094,1.029761065940466,-0.015989026242459212
95,Global Fixed Income,252097160610.0,4090882810.0,5553603250.0,1.9100240930008443,BNDW,63.51827621459961,1.0318747100532912,0.03918175491528773
100,Global Fixed Income,268986617511.3703,4456510699.009999,3973572513.780002,2.037987730200323,BNDW,64.20002746582031,1.0429499771513007,-0.01917868765842515
101,Global Fixed Income,273094826362.63,4184880241.01,3683415725.47,2.069113736800312,BNDW,64.8359603881836,1.0532809108444623,0.009905492995339417
104,Global Fixed Income,286730971738.6801,4658263829.279999,3014517119.56,2.1724285307507705,BNDW,67.47837829589844,1.096207834792316,0.010460800531202977
4,Commodity,1500708100.0,23283230.0,11626600.0,1.196734459669134,DBC,12.741340637207031,1.1408451377731144,0.09706546534897693
5,Commodity,1434754200.0,12861020.0,25374300.0,1.1441397512914209,DBC,12.85494613647461,1.1510172448656153,0.008916290875689284
18,Commodity,1356142620.0,15939100.0,8800310.0,1.0814512199807436,DBC,12.627734184265137,1.1306729452897006,-0.009595698484632252
20,Commodity,1416681960.0,35247740.0,10293100.0,1.1297281063010254,DBC,13.195764541625977,1.1815337369249435,0.0039893973064874565
42,Commodity,1338816480.0,59321180.0,27328000.0,1.0676345498427922,DBC,13.924863815307617,1.2468164559902066,0.039656282691124076
44,Commodity,1594770320.0,85106660.0,11884440.0,1.2717440501597692,DBC,13.128145217895508,1.1754791796460855,-0.04630233968711106
56,Commodity,3126368520.0,186883040.0,21272591.0,2.493111712736668,DBC,12.178191184997559,1.0904213768294149,0.04636783465207941
73,Commodity,2586047220.0,35417770.0,279436700.0,2.062234369565651,DBC,20.16507339477539,1.8055577187920124,0.07892211330354511
88,Commodity,2507003880.0,25260990.0,41389630.0,1.999201532743258,DBC,21.318359375,1.9088216327289023,-0.0075821633365603085
89,Commodity,2446627150.0,28705690.0,21956530.0,1.9510543192024372,DBC,19.952030181884766,1.7864820720070826,-0.06409166714383875
90,Commodity,2346220320.0,16298520.0,27302310.0,1.870985241513618,DBC,20.540185928344727,1.8391448680744553,0.02947849121609543
91,Commodity,2422501210.0,17920990.0,19946080.0,1.9318151721825003,DBC,22.331796646118164,1.9995636524357587,0.08722465921309303
95,Commodity,2395556580.0,13296140.0,28114180.0,1.9103282706164768,DBC,21.63505744934082,1.937178417822518,-0.024479851636324608
98,Commodity,2278914938.74,8246444.86,28004120.87,1.8173127991012583,DBC,20.875520706176758,1.8691703623853713,-0.015226188857684028
7,Miscellaneous,13287372190.0,644045280.0,146246110.0,0.935168749855826,AOM,28.618438720703125,1.0719187621489463,0.017563396021220555
16,Miscellaneous,16369560250.0,459838440.0,278129030.0,1.1520939562604458,AOM,29.698429107666016,1.1123703734343848,0.007977837412818064
18,Miscellaneous,16676833910.0,564144660.0,283887510.0,1.1737199572768156,AOM,30.323013305664062,1.1357645049909582,0.0021507989978739113
35,Miscellaneous,19399344603.04,447913970.0,527703140.0,1.3653309759848973,AOM,31.327131271362305,1.1733742745995335,0.016539618083697024
55,Miscellaneous,23602824929.49,546995370.0,323843620.0,1.661173027048103,AOM,36.20245361328125,1.3559820520827373,0.023576681675484035
57,Miscellaneous,24142458503.86,567345200.0,386930150.0,1.6991525799580174,AOM,36.6499137878418,1.3727419096384506,-0.014405851959323278
62,Miscellaneous,4582376900.0,246065850.0,177262200.0,0.3225088915749876,AOM,38.86358642578125,1.4556561893802893,0.0016273233009258203
63,Miscellaneous,4516997570.0,285288280.0,342898480.0,0.3179074771321434,AOM,39.278465270996094,1.4711956960090267,0.01067525885721196
70,Miscellaneous,4452991140.0,145004040.0,196321850.0,0.3134026877524283,AOM,41.28837966918945,1.546478103088005,0.016316748628040594
75,Miscellaneous,4030800700.0,183689700.0,257144530.0,0.2836888135318341,AOM,39.37354278564453,1.474756874618551,-0.0076212370100198976
77,Miscellaneous,3765928960.0,129149360.0,192456920.0,0.2650470707985076,AOM,37.455963134765625,1.4029329143476106,0.008567971688602152
80,Miscellaneous,3592559930.0,97444530.0,123764510.0,0.2528453128639451,AOM,36.065120697021484,1.3508381750517036,-0.027346524946078036
81,Miscellaneous,3445057040.0,159240950.0,188612250.0,0.2424640206664379,AOM,33.87234878540039,1.2687067430711223,-0.06080034862609481
82,Miscellaneous,3451303510.0,185989910.0,224607800.0,0.2429036488681156,AOM,34.41822814941406,1.2891529434339983,0.01611578126666421
86,Miscellaneous,3676821840.0,88535550.0,108359030.0,0.2587756882540819,AOM,36.376426696777344,1.3624983059611664,-0.027791733989529034
19,Target Date,7211989000.0,71521000.0,38699000.0,1.2136434456893066,VTHRX,22.90159797668457,1.2394279880589127,0.01892728390730681
20,Target Date,7298891000.0,74302000.0,43229000.0,1.228267433983977,VTHRX,23.015043258666992,1.245567614548968,0.004953596779487489
24,Target Date,7823218000.0,114690000.0,41499000.0,1.3165019039683237,VTHRX,23.844608306884766,1.290463439710309,-0.009133781628764461
37,Target Date,8596814220.0,119354470.0,62494670.0,1.4466837417405418,VTHRX,24.277360916137695,1.313883888203015,0.0886680437744774
46,Target Date,9554172460.0,95837250.0,67104270.0,1.6077893054279864,VTHRX,26.648601531982422,1.442214757895693,0.017887415134716044
47,Target Date,9779622200.0,105303220.0,64715970.0,1.6457282983026784,VTHRX,27.131771087646484,1.468363757230923,0.01813114114390523
51,Target Date,9206247760.0,105336420.0,84789490.0,1.5492400575369512,VTHRX,23.64415740966797,1.2796150939968371,-0.10357756229982738
93,Target Date,16942246390.0,153126510.0,91628780.0,2.851064565749728,VTHRX,31.25950050354004,1.691755302676835,-0.03485338163881367
98,Target Date,19062292970.0,230738410.0,100414600.0,3.207828925259016,VTHRX,34.996543884277344,1.8940030306909066,0.02342634879408916
103,Target Date,20702843480.0,179877060.0,117488940.0,3.4839030254529773,VTHRX,37.1005859375,2.0078731899466944,0.02206858603541222
10,Balanced - Global,322966566770.0,3782089520.0,2810328350.0,1.116137310068372,AOA,37.52313995361328,1.093179830120612,-0.019166430676818884
23,Balanced - Global,380522819600.0,5074214070.0,3565554030.0,1.315045456672414,AOA,45.56980895996094,1.3276073398724677,0.01936014689344312
45,Balanced - Global,439767601920.0,3923287210.0,4027830840.0,1.519788977450904,AOA,48.752891540527344,1.4203416280739642,0.017413715760056396
49,Balanced - Global,462029599340.0,6992631900.0,5262135890.0,1.5967240180206077,AOA,51.58526611328125,1.5028585698360009,-0.0014218702774319613
55,Balanced - Global,458127311760.0,4158876495.85,3801208790.0,1.5832381367846216,AOA,51.199153900146484,1.4916097755164435,0.034074359999661
63,Balanced - Global,518050272480.0,9748301900.0,5486831080.0,1.7903253683152571,AOA,61.348655700683594,1.787300132662357,0.026848640251845156
77,Balanced - Global,536765780590.0,4158687630.0,6344778130.0,1.8550041277527145,AOA,60.1484375,1.7523335938718148,0.008227957047552522
88,Balanced - Global,536511800300.0,2923649610.0,4943711390.0,1.8541263995081905,AOA,61.09156036376953,1.7798100495541747,0.009120962296493845
89,Balanced - Global,524464477870.0,3558633680.0,5242094100.0,1.8124921641598533,AOA,60.58057403564453,1.764923237094871,-0.008364270368645576
98,Balanced - Global,561247538849.0399,7365864266.27,6433628506.83,1.939610420231429,AOA,69.57352447509766,2.0269192226610464,0.03313093992955921
1,Global Equity,117985718610.0,2070238280.0,1460886430.0,1.0,VXUS,32.403541564941406,1.0,
4,Global Equity,118996906430.0,1836827840.0,1300920270.0,1.0085704255727972,VXUS,34.9774169921875,1.0794319170973232,0.024883473984239648
15,Global Equity,137567730270.0,2500655550.0,2119532270.0,1.1659693384139824,VXUS,38.88322448730469,1.199968355600176,0.026658357784405052
21,Global Equity,151605547110.0,2279139020.0,1353361470.0,1.2849482877765048,VXUS,43.436702728271484,1.3404924471363113,0.013330842723696999
35,Global Equity,180187020040.0,2536781130.0,2296301030.0,1.5271934786921582,VXUS,41.20126724243164,1.2715050655761906,0.01680831283759135
57,Global Equity,219348928480.0,3109585650.0,2728657230.0,1.859114230638833,VXUS,45.02226257324219,1.389424130785551,-0.024495081031193997
59,Global Equity,237563273540.0,5909278230.0,3163299760.65,2.013491771197002,VXUS,49.851768493652344,1.5384666640139366,0.126152589337765
69,Global Equity,301729173710.0,4343904710.0,2763769010.0,2.557336407021948,VXUS,56.06101608276367,1.7300891623345938,-0.03991503256018146
71,Global Equity,312825004320.0,5110394700.0,3222601440.0,2.651380251825548,VXUS,55.522483825683594,1.713469613017715,-0.04256309085025865
74,Global Equity,298544672700.0,6058785970.0,3500210850.0,2.530345843693463,VXUS,54.2855339050293,1.6752963189604815,-0.028492917561186378
86,Global Equity,288153923010.0,4126806470.0,3569847711.0,2.4422779841896665,VXUS,50.20895767211914,1.5494898164601265,-0.04269687061991414
89,Global Equity,293371000390.0,2999131640.0,3503339160.0,2.486495855991973,VXUS,50.7648811340332,1.5666460726921778,-0.035022180545148975
8,Europe Equity,5607964630.0,26709440.0,85383090.0,0.9575502147844096,VGK,36.85508346557617,1.0583073941554475,0.006835108580870846
35,Europe Equity,7154953770.0,35782970.0,95860470.0,1.2216959220079855,VGK,41.70781326293945,1.1976553305448716,-0.006759172107704524
37,Europe Equity,6801479610.0,69939490.0,181678580.0,1.16134082347222,VGK,42.33970642089844,1.215800376994403,0.07382133472883377
43,Europe Equity,6550794640.0,38750160.0,74131120.0,1.118536800497003,VGK,44.68717575073242,1.2832088296610993,-0.008498433712801049
49,Europe Equity,6413893240.0,75969470.0,70294890.0,1.095161124360778,VGK,48.0190315246582,1.3788843042560408,-0.025347814893604666
51,Europe Equity,5119350120.0,129708950.0,203440000.0,0.8741201363394822,VGK,36.5955810546875,1.0508556861569793,-0.17199173831198145
61,Europe Equity,5893904890.0,29085860.0,82114940.0,1.006374017258804,VGK,52.096656799316406,1.4959748267289208,0.0034911384952981466
64,Europe Equity,5969206530.0,90852740.0,43602330.0,1.0192316414260267,VGK,57.851036071777344,1.661213962288291,0.0522892334046919
66,Europe Equity,6193242920.0,82957120.0,89093220.0,1.0574854656774155,VGK,58.946537017822266,1.6926716783612048,-0.024510648108283774
75,Europe Equity,5961585380.0,433924120.0,220024070.0,1.0179303433079243,VGK,56.080291748046875,1.6103663821244012,-0.0006420559058368762
88,Europe Equity,5968991710.0,87676020.0,57758040.0,1.0191949612843512,VGK,59.3270263671875,1.7035975711815734,0.04524588665509332
90,Europe Equity,5541904890.0,75006790.0,300765090.0,0.9462706289811728,VGK,57.67256164550781,1.656089002927797,0.024576458357010354
100,Europe Equity,5632157839.88,31112629.21,54041643.75,0.961681163327307,VGK,63.49725341796875,1.8233471880090892,-0.020140385081789263
104,Europe Equity,6128733081.67,26827976.5,82580741.08,1.0464705228908382,VGK,69.68315887451172,2.0009777580312864,0.036079480421541535
1,Canadian Equity,184925663020.0,2098806520.0,4297134760.0,1.0,XIU.TO,14.408876419067383,1.0,
2,Canadian Equity,183410070410.0,2652806370.99,2609611820.0,0.9918043143106856,XIU.TO,14.469803810119629,1.0042284623228235,0.004228462322823478
9,Canadian Equity,210165221990.0,1956677090.0,3916684689.49,1.1364848910519807,XIU.TO,16.687671661376953,1.158152181754715,0.019753920433247734
39,Canadian Equity,227999334210.0,4194895050.0,5195506350.0,1.2329242490553705,XIU.TO,20.02815818786621,1.3899875052965813,0.01843686262969996
42,Canadian Equity,228089294990.0,3211190680.0,5871493150.0,1.233410719015953,XIU.TO,20.585599899291992,1.4286748876582007,0.02911059905109766
44,Canadian Equity,227474086930.0,4866068550.0,4719458300.0,1.2300839332688958,XIU.TO,20.585599899291992,1.4286748876582007,-0.0028314501808992328
48,Canadian Equity,235133486320.0,3773207770.0,3708891120.0,1.2715027350994,XIU.TO,21.6688232421875,1.5038523901497949,0.005971612283958625
49,Canadian Equity,238042844730.0,3392584500.0,4127496609.98,1.2872353184655354,XIU.TO,22.109663009643555,1.534447403573096,0.020344425838398746
66,Canadian Equity,281269133920.0,6108115550.0,5799542520.0,1.5209848613038652,XIU.TO,27.08153533935547,1.8795036165011627,0.03342284045123932
81,Canadian Equity,272566555870.0,3607514840.0,5093312210.0,1.4739249892023991,XIU.TO,25.945484161376953,1.8006597743487538,-0.03115440925722227
101,Canadian Equity,331011244312.8702,5572640397.200001,5900008815.26,1.7899692173988355,XIU.TO,32.38951110839844,2.2478859673983416,0.018473417896283647
103,Canadian Equity,345139076439.96014,4240079571.06,4340448337.9,1.866366575647388,XIU.TO,33.996009826660156,2.3593796516758907,0.06023010188111922
105,Canadian Equity,355807774192.7199,4595340926.54,4385490056.47,1.9240583939625444,XIU.TO,35.582332611083984,2.469473092572131,0.03836221502548568
1,Emerging/Asia Equity,9942859480.0,138567400.0,170751480.0,1.0,EEM,25.079803466796875,1.0,
5,Emerging/Asia Equity,10028435700.0,121100920.0,101552060.0,1.0086068017125391,EEM,27.171838760375977,1.0834151390519764,-0.036929164359696676
13,Emerging/Asia Equity,10976849570.0,181675170.0,163830160.0,1.1039932317337748,EEM,31.227664947509766,1.2451319640064977,0.07874736009065218
14,Emerging/Asia Equity,11533387140.0,211666970.0,161441550.0,1.1599668247549246,EEM,31.77126121520996,1.266806626187159,0.017407522099840644
16,Emerging/Asia Equity,12747042430.0,258261570.0,122756240.0,1.2820298281033335,EEM,33.502418518066406,1.335832577891618,0.017009411767975532
19,Emerging/Asia Equity,13196699100.0,306529490.0,162017510.0,1.327253907846639,EEM,36.79991912841797,1.4673128988884359,0.06312967425634257
22,Emerging/Asia Equity,14826268940.0,332824620.0,145769230.0,1.4911473877130563,EEM,38.88357162475586,1.550393793006942,0.03280495579640041
27,Emerging/Asia Equity,17856424650.0,710703620.0,206993710.0,1.7959043558765049,EEM,41.17865753173828,1.6419051124644841,0.00541428032152057
48,Emerging/Asia Equity,19885793060.0,469427910.0,303647620.0,2.000007452584455,EEM,39.39701461791992,1.5708661620924418,0.05477206723127121
53,Emerging/Asia Equity,18275351440.0,192216460.0,308747600.0,1.8380377874957157,EEM,33.835540771484375,1.3491150684764819,0.02974885706122488
68,Emerging/Asia Equity,27850047780.0,488463050.0,501080800.0,2.801009894187904,EEM,47.970855712890625,1.912728533794102,0.01569753851934452
69,Emerging/Asia Equity,26843915330.0,510213490.0,503755510.0,2.6998184359334827,EEM,46.11280822753906,1.8386431252775868,-0.03873284013260309
71,Emerging/Asia Equity,26734711610.0,793800590.0,427432870.0,2.6888353057565286,EEM,44.703243255615234,1.7824399347785085,-0.04084823725067138
90,Emerging/Asia Equity,25424317470.0,1421394180.0,561322380.0,2.5570428226548767,EEM,37.624568939208984,1.5001939305074743,0.03587327947060375
102,Emerging/Asia Equity,27558272729.460003,517490385.35,852417462.66,2.7716647092210542,EEM,41.5957145690918,1.6585343112500988,0.019143308015666147
6,U.S./North American Equity,90150541900.0,1667539090.0,1697393360.0,1.0520147853145811,SPY,180.01217651367188,1.0869315614103703,-0.001715583735108591
7,U.S./North American Equity,94067182290.0,1407833494.5,1267997890.0,1.0977201522730051,SPY,187.54776000976562,1.1324321697257491,0.0418615209372874
10,U.S./North American Equity,92761836460.0,1077070868.5,1527297820.0,1.0824873751408164,SPY,184.52761840820312,1.114196252077048,-0.012373181949295974
14,U.S./North American Equity,104086047290.0,2420682930.0,1528849840.0,1.2146356348639176,SPY,206.50408935546875,1.2468923859921162,0.03929187675345369
18,U.S./North American Equity,105228034440.0,1834127650.0,1561499780.0,1.2279620923773056,SPY,212.07728576660156,1.2805439044311433,0.0014912088930380612
20,U.S./North American Equity,104130250730.0,1740830530.0,1381949250.0,1.2151514683959372,SPY,218.12637329101562,1.3170689011027992,0.0029175198169999112
23,U.S./North American Equity,115438174360.0,1567843990.0,1562513720.0,1.3471096640900235,SPY,234.7268524169922,1.4173042576548462,0.030565809477430844
35,U.S./North American Equity,130018373590.0,2123806780.0,1924547110.0,1.5172537901209762,SPY,248.60841369628906,1.5011225157768124,0.01854903407951781
46,U.S./North American Equity,146696580090.0,2249554130.0,2120311710.0,1.7118806826580442,SPY,279.0094909667969,1.6846872669295252,0.026824673623216663
53,U.S./North American Equity,159087434070.0,3137358300.0,2188156980.0,1.8564761705486608,SPY,282.950439453125,1.7084831088255712,0.047645111478365455
59,U.S./North American Equity,184031145170.0,4204483040.0,2134349630.0,2.1475576474290063,SPY,339.470703125,2.049758124960555,0.10877651563252867
65,U.S./North American Equity,205591042350.0,4405151240.0,2636485830.0,2.399151593790211,SPY,396.8074035644531,2.3959628681160283,0.006565917579569473
68,U.S./North American Equity,234892759380.0,3886993820.0,2190858000.3,2.741088967664877,SPY,427.9797058105469,2.584184352958357,0.029759632859109684
81,U.S./North American Equity,203662431020.0,3036800560.0,2719664120.0,2.376645598911824,SPY,343.34136962890625,2.073129597203546,-0.0961587544409338
87,U.S./North American Equity,225836154340.0,3424301430.0,4996032230.0,2.635402610089754,SPY,396.9596862792969,2.3968823664090135,0.03313502867901174
98,U.S./North American Equity,279947989266.5599,7061452049.159998,3809373191.51,3.2668624904572945,SPY,500.1407165527344,3.0198997673153367,0.052186788678460806
102,U.S./North American Equity,306105579871.5499,7680151576.69,8731919741.290005,3.5721093751091915,SPY,537.3804321289062,3.244756901880411,0.031951021116195334
103,U.S./North American Equity,315803309362.16016,6642349057.220001,3359565199.38,3.6852773560562166,SPY,545.6422729492188,3.294642724700092,0.015374286681005642
37,Balanced - Tactical,27503453910.0,318716580.0,476176510.0,1.055165941065761,SWAN,21.049915313720703,0.9997718036039811,0.03987732026759634
42,Balanced - Tactical,31245825290.0,388485640.0,403477110.0,1.1987414655041486,SWAN,22.983951568603516,1.0916294137635492,0.046370239630239174
43,Balanced - Tactical,31439089140.0,367728570.0,395727440.0,1.2061560045226498,SWAN,23.27678680419922,1.1055377078011732,0.012740856798346254
49,Balanced - Tactical,32026186690.0,494886840.0,469388920.0,1.2286799151874814,SWAN,25.396333694458008,1.2062061991331074,0.051707795848362534
52,Balanced - Tactical,29104092930.0,278083040.0,360419480.0,1.1165742203084927,SWAN,25.732656478881836,1.2221799468544272,0.037552486817108044
67,Balanced - Tactical,39683131920.0,647838010.0,320563990.0,1.5224374863543657,SWAN,30.830936431884766,1.4643242247731783,0.028295756320416147
77,Balanced - Tactical,40436685720.0,512305640.0,1448353050.0,1.551347466428962,SWAN,26.089981079101562,1.239151181878869,-0.007703238308253146
82,Balanced - Tactical,38462623220.0,339605000.0,503055960.0,1.4756128506112087,SWAN,22.918842315673828,1.0885370310027316,-0.0005333339543917955
86,Balanced - Tactical,39635313120.0,612083320.0,553165970.0,1.5206029251655144,SWAN,23.081552505493164,1.0962649984323387,-0.04351207262218747
92,Balanced - Tactical,40733005240.0,755128630.0,503973580.0,1.562715720983466,SWAN,24.412755966186523,1.1594908910321897,-0.01649412258473952
100,Balanced - Tactical,41587480932.35,651464565.0,753214559.5,1.5954975545301424,SWAN,25.59280014038086,1.2155374296896466,-0.052255829937743976
104,Balanced - Tactical,45628891485.77,664196142.31,815487797.58,1.750545672624213,SWAN,29.246713638305664,1.3890811059272452,0.025085810995466376
12,Balanced - Canadian,161278097290.0,1336451370.0,1573588790.0,1.0565305623718269,XBAL.TO,17.77162742614746,1.1132230566643373,0.013708059682396278
16,Balanced - Canadian,166070614710.0,1225058010.0,1518647780.0,1.0879262770411575,XBAL.TO,18.362529754638672,1.1502374549824805,0.00945012056565882
18,Balanced - Canadian,162549712000.0,1196103140.0,1651599430.0,1.0648608925732106,XBAL.TO,18.198196411132812,1.1399435374597495,-0.005626838571327031
30,Balanced - Canadian,152778032550.0,759638140.0,1870547570.0,1.000846757001772,XBAL.TO,18.79375457763672,1.1772495796493032,0.011945848335779838
48,Balanced - Canadian,141609020670.0,1437574580.0,1432558250.0,0.9276787162014438,XBAL.TO,20.968669891357422,1.3134872924636045,-0.007569416560023803
57,Balanced - Canadian,130129340030.0,563425490.0,1591572550.0,0.852475488694244,XBAL.TO,21.881139755249023,1.370644831648844,-0.011846623207629097
59,Balanced - Canadian,133706414480.0,740626470.0,1366170600.0,0.8759088534462396,XBAL.TO,23.011173248291016,1.4414306583540795,0.06607755510395166
61,Balanced - Canadian,132785739810.0,965815400.0,1535022370.0,0.8698775265444377,XBAL.TO,23.297630310058594,1.459374462725918,0.003338089359070086
63,Balanced - Canadian,137014667870.0,1086451680.0,1653206500.0,0.8975811751894719,XBAL.TO,23.645082473754883,1.4811390288199344,0.004271919378488509
66,Balanced - Canadian,142750862640.0,1145814870.0,1217505250.0,0.9351589069959484,XBAL.TO,24.688982009887695,1.5465293841654701,0.016257115353618637
67,Balanced - Canadian,144226140490.0,971406600.0,942589370.0,0.944823431582399,XBAL.TO,25.118701934814453,1.5734472413130212,0.017405331850242314
68,Balanced - Canadian,145931883310.0,1224500340.0,1206514200.0,0.9559977289678384,XBAL.TO,25.580440521240234,1.6023707623972243,0.018382263049421865
72,Balanced - Canadian,147815207670.0,987234420.0,1548595490.0,0.968335360541092,XBAL.TO,25.620683670043945,1.604891612066577,0.009384469824344962
74,Balanced - Canadian,143809114560.0,1561380360.0,1185319290.0,0.9420915005406144,XBAL.TO,24.440628051757812,1.5309723760325369,-0.015258506853305969
75,Balanced - Canadian,144972583400.0,1364455580.0,1299953200.0,0.949713368658372,XBAL.TO,24.29283905029297,1.5217148038357442,-0.006046857762896748
78,Balanced - Canadian,132105895800.0,1311039080.0,1467314070.0,0.865423877932011,XBAL.TO,21.755287170410156,1.3627613668527445,-0.06197523082935404
80,Balanced - Canadian,134222571260.0,681562040.0,1065381090.0,0.8792901893015656,XBAL.TO,22.605024337768555,1.415989300576824,-0.020250966621857595
82,Balanced - Canadian,132022798340.0,505421210.0,1152746060.0,0.8648795076323813,XBAL.TO,22.42851448059082,1.4049326405407443,0.03275036531378342
85,Balanced - Canadian,136815739600.0,853266520.0,1510287240.0,0.8962779988716311,XBAL.TO,23.974018096923828,1.50174371015211,0.05347407938597682
91,Balanced - Canadian,133568688800.0,581279030.0,1292066450.0,0.875006614440519,XBAL.TO,24.82023811340332,1.5547513278995895,0.02294822399573368
104,Balanced - Canadian,137349516508.24,727638973.42,1222652899.0,0.8997747639409128,XBAL.TO,28.611927032470703,1.7922644957816778,0.004470364491963341
13,Alternative,4096724990.0,458572460.0,481443240.0,1.0350612236861445,PFF,24.065338134765625,1.0474837479045622,0.0345223472136118
15,Alternative,4195670700.0,467898870.0,366137080.0,1.0600604286415871,PFF,24.567481994628906,1.0693403920693494,0.005038286136886887
29,Alternative,3919027580.0,283099050.0,307923260.5,0.9901649470043018,PFF,25.211240768432617,1.0973610601918637,0.007685440576223171
31,Alternative,3813502060.0,256198160.0,252072120.37,0.963503315059777,PFF,25.699142456054688,1.1185977901932187,0.002036907675331984
37,Alternative,4048324750.0,509726231.25,460197430.0,1.0228326235815757,PFF,25.593746185302734,1.114010242738694,0.06911683906185065
48,Alternative,7685624270.0,551664130.0,319338250.0,1.941817349496562,PFF,27.847126007080078,1.2120923360776594,0.014973096450194108
77,Alternative,27772696710.0,2426555370.0,1622527210.0,7.016932186535849,PFF,28.77770233154297,1.252597213698783,0.0274003777080094
87,Alternative,27749907690.0,1962143730.0,1929636120.0,7.0111744090464185,PFF,26.992300033569336,1.1748846180923613,-0.03994530735104614
98,Alternative,36702723867.1,1629960465.6800003,1011841309.1500005,9.273155110784035,PFF,29.57978057861328,1.2875089994235056,0.003742922394584924
103,Alternative,41718965866.920006,1556616861.0400004,639792102.4,10.540537616398485,PFF,29.91499900817871,1.302099937435742,0.010257959801407063
16,Sector Equity,40212893240.0,1061839880.0,1086978120.17,1.235552564059974,VFH,50.45961380004883,1.3843731030873887,-0.004338321972047194
32,Sector Equity,44355350010.0,1208572150.0,811828780.0,1.3628307246522584,VFH,61.535152435302734,1.6882334903192047,0.013737525273412876
35,Sector Equity,41963652880.0,819906213.01,945921060.0,1.2893451511624363,VFH,58.24353790283203,1.59792715855573,0.02680451640293993
37,Sector Equity,42079372610.0,1217631080.0,1402713740.0,1.2929006727276344,VFH,56.47796630859375,1.5494882260596545,0.10135180673095935
38,Sector Equity,43211024050.0,1949536120.0,1514695290.0,1.3276709845768535,VFH,58.2344970703125,1.5976791208791208,0.031101168765906403
47,Sector Equity,44153656380.01,1023695640.0,987051580.0,1.356633630595847,VFH,66.33010864257812,1.8197844060701203,0.04941921467194288
56,Sector Equity,46077016180.0,1664136610.0,1594487211.31,1.415729406627294,VFH,55.21846008300781,1.5149333333333332,0.038703118322068845
61,Sector Equity,51229093940.0,2472787360.0,1729202030.0,1.5740284588395432,VFH,65.56629943847656,1.798829094714809,-0.008595000860019212
63,Sector Equity,55560234370.0,2942745990.0,2073868790.0,1.7071039784658528,VFH,77.22823333740234,2.1187773940345367,0.05387874759655328
66,Sector Equity,61591958950.0,2650559270.0,1514826670.0,1.8924304290160336,VFH,83.04316711425781,2.278311669283098,-0.032723740699039446
76,Sector Equity,66725872730.0,2102853940.0,1805720660.0,2.050171387784755,VFH,78.585693359375,2.1560196755625327,-0.09741365199460641
77,Sector Equity,66998911750.0,2159043010.0,1941771660.0,2.0585605892091845,VFH,81.34784698486328,2.2318001046572475,0.03514830126721489
78,Sector Equity,61448446670.0,2028125140.0,1917177450.0,1.8880209734598317,VFH,72.27487182617188,1.982880586080586,-0.11153307057259489
81,Sector Equity,59593074150.0,1797378780.0,1627906000.0,1.8310141259124348,VFH,70.07481384277344,1.9225214024071167,-0.08471642125992765
83,Sector Equity,65818896000.0,1547164630.0,1548356400.0,2.0223042702011957,VFH,83.93041229248047,2.30265347985348,0.06133180128526099
92,Sector Equity,68129036600.0,2382186330.0,2545093820.0,2.093283996147148,VFH,80.59201049804688,2.2110635269492414,-0.030535229674552383
96,Sector Equity,69085442110.0,1880419830.0,2731061670.0,2.1226698270325053,VFH,89.60697174072266,2.4583914181057036,0.061557791215680266
100,Sector Equity,73120186301.75,3129025995.02,2269069431.920001,2.2466384880709023,VFH,95.78800201416016,2.6279696493982208,-0.04245033566147909
103,Sector Equity,76817477714.15001,1909142907.619999,2795836418.9000006,2.360238816637257,VFH,105.32746124267578,2.889687284144427,0.07514918002580268
7,Canadian Fixed Income,221098197400.0,3983634430.0,3027837147.0,1.0875189126829543,XBB.TO,25.17765998840332,1.0449794916260144,0.008158153884599152
11,Canadian Fixed Income,224180819440.0,5515462620.0,4026340230.0,1.102681450453845,XBB.TO,24.46503448486328,1.015402515975696,-0.020609336580070137
12,Canadian Fixed Income,225026398480.0,4761555710.0,4116145250.0,1.1068406123510566,XBB.TO,24.348283767700195,1.010556866891379,-0.004772146028869102
16,Canadian Fixed Income,236673858510.0,4605450843.0,2897088220.0,1.1641311430577703,XBB.TO,24.964035034179688,1.0361131515385693,0.014436584731053484
22,Canadian Fixed Income,237170097840.0,3882613010.0,3558181500.0,1.1665720026529112,XBB.TO,24.7889461517334,1.0288462215914511,0.015578820399678617
32,Canadian Fixed Income,229570490390.0,3348176380.0,3572595909.0,1.1291917031840324,XBB.TO,25.076786041259766,1.0407927957196859,0.008659578242006036
34,Canadian Fixed Income,220501622090.0,3024433690.0,5064442580.0,1.0845845290466605,XBB.TO,24.629680633544922,1.0222360282570901,-0.007185558303325913
35,Canadian Fixed Income,218700944110.0,3645099680.0,4449052920.0,1.0757275081304791,XBB.TO,24.89704132080078,1.033332628782242,0.010855223469350299
43,Canadian Fixed Income,234287280666.86,7857020090.0,7298207991.0,1.1523922479807145,XBB.TO,26.910537719726562,1.1169012544730088,0.00043346128229235144
44,Canadian Fixed Income,236356647595.21,4936497090.0,5025025320.0,1.1625708731270326,XBB.TO,27.46239471435547,1.1398056563103198,0.02050709652763169
45,Canadian Fixed Income,237869258994.33,4947275480.0,2936889680.0,1.1700109767706943,XBB.TO,27.220426559448242,1.1297629533895122,-0.008810890580519625
56,Canadian Fixed Income,256291783160.95,5196500840.0,2490150590.0,1.2606261137829242,XBB.TO,28.992355346679688,1.2033055003987048,-0.014118029193898879
66,Canadian Fixed Income,284366039820.0,5696268650.0,4492091861.0,1.3987153674958188,XBB.TO,28.277612686157227,1.1736406537695818,0.010712564822685056
89,Canadian Fixed Income,259787639650.0,4153299760.0,3662168161.0,1.2778212338362518,XBB.TO,25.76812171936035,1.069486153473235,-0.016388767483869877
91,Canadian Fixed Income,259608399440.0,4723326910.0,4582938010.0,1.2769396024137414,XBB.TO,25.458820343017578,1.0566488367742737,-0.01269028511645336
99,Canadian Fixed Income,270208724548.4502,5062395976.79,4900049170.440001,1.3290795753831797,XBB.TO,26.492244720458984,1.0995403239525918,0.005279583573985534
101,Canadian Fixed Income,271983112181.24023,5290634579.519999,4391433569.4800005,1.3378072815869475,XBB.TO,26.388641357421875,1.0952403457303452,0.01807183079956832
37,Money Market,29724270270.0,2831972190.0,3055096750.0,1.1088116486243065,BIL,78.86548614501953,1.027074802368429,0.005226037982300651
61,Money Market,40336215570.0,3120514452.48,3859076940.0,1.5046716127654534,BIL,80.64763641357422,1.0502839617147732,3.244939786026967e-05
70,Money Market,33072932200.0,2244132430.0,2120178430.0,1.2337275951407876,BIL,80.58594512939453,1.0494805486299899,-0.00010924187182255484
100,Money Market,76504988764.08998,5586141736.22,6789527936.699999,2.853884113855309,BIL,86.83367919921875,1.130845548057188,0.0037735443032727717
43,Global Fixed Income,209665485700.0,5089676230.0,2942760910.0,1.5885388323641385,BNDW,66.84454345703125,1.085910985136509,0.007190797544883856
50,Global Fixed Income,232135020300.01,7668832010.0,3690662540.0,1.758780148611763,BNDW,69.8484878540039,1.1347110225174024,0.010233111509433878
63,Global Fixed Income,266079242580.0,8655269480.0,5764513800.0,2.015959889216843,BNDW,69.89066314697266,1.1353961736392073,-0.004234502017193017
75,Global Fixed Income,282692525670.0,6548472737.49,5543287380.0,2.141831084628017,BNDW,66.73471069335938,1.0841267167664834,-0.02454470473778285
76,Global Fixed Income,273311086520.0,4995926886.43,5805925060.0,2.070752240423016,BNDW,64.36611938476562,1.0456481934902464,-0.03549264369298365
91,Global Fixed Income,257796260160.0,3201887340.0,3327151090.0,1.9532035458061472,BNDW,63.08031463623047,1.0247598841539345,-0.0017648272198837079
58,Commodity,3408176630.0,140211670.0,36788270.0,2.7178386108264627,DBC,11.377705574035645,1.0187468063798626,-0.03139359649448984
77,Commodity,2582399480.0,64750590.0,61864370.0,2.059325491977856,DBC,25.903390884399414,2.3193601351499056,0.0461313166684666
4,Miscellaneous,11457829790.0,491757700.0,286015800.0,0.8064050744991694,AOM,27.81374740600586,1.041778623255265,0.003160671274433977
2,Target Date,5926068620.0,120596610.0,44050670.0,0.997246992385606,VTHRX,18.394445419311523,0.9955021697930129,-0.004497830206987105
42,Target Date,9249138490.0,83000420.0,52002270.0,1.5564577686767394,VTHRX,25.949867248535156,1.4043994566227203,0.04866317682755048
88,Target Date,17258131830.0,125637830.0,89781330.0,2.904222202823867,VTHRX,31.485271453857422,1.7039739624838453,0.009653123888729251
100,Target Date,19331391190.0,266292250.0,203039430.0,3.2531131444875334,VTHRX,34.73595428466797,1.8798999954580926,-0.029657614613944623
2,Balanced - Global,288812415750.0,6754409980.0,2959073820.54,0.9981042807415956,AOA,34.085174560546875,0.9930199173574752,-0.006980082642524792
21,Balanced - Global,361693721340.0,3799523800.0,2954977590.0,1.24997414203725,AOA,44.07908630371094,1.2841773939209589,0.015927325620243942
20,Global Equity,146871833040.0,1958555570.0,1223695140.0,1.2448272110413856,VXUS,42.865272521972656,1.3228576399917404,0.005398361693186057
24,Global Equity,164616068340.0,2607200160.0,1611154750.0,1.395220288348083,VXUS,45.33188247680664,1.3989792562012076,0.011033972871729034
29,Global Equity,179387691010.0,2843909235.0,1916562190.0,1.52041868391685,VXUS,45.13459014892578,1.3928906523525986,-0.016370380248000693
48,Global Equity,206427341190.0,2853207310.0,2484077770.0,1.7495959987525476,VXUS,47.14472579956055,1.4549250953040322,0.032060523154103175
103,Global Equity,376031130196.16986,5904535797.809998,3143180735.6000004,3.187090222666144,VXUS,60.39992904663086,1.8639915925727015,0.03442344446249043
7,Europe Equity,5624637920.0,55284290.0,129347880.0,0.960397150076272,VGK,36.60488510131836,1.051122855307585,0.05530811430484393
26,Europe Equity,7461006570.0,145960280.0,101682930.0,1.27395390573485,VGK,46.22487258911133,1.3273643648275264,-0.06145967294458002
34,Europe Equity,7281380960.0,115769260.0,179447670.0,1.243283144989292,VGK,41.991641998291016,1.2058055779748338,-0.07540153108372781
23,Canadian Equity,234323718320.0,4195440460.0,3377854220.0,1.267123851245338,XIU.TO,18.94873809814453,1.315073954903903,0.0
69,Canadian Equity,284363891530.0,4464654740.0,6096948580.0,1.5377200053582916,XIU.TO,27.125499725341797,1.8825548180457987,-0.012925702423096371
73,Canadian Equity,304234617840.0,6709359050.0,5487789830.0,1.6451725134931463,XIU.TO,29.139314651489258,2.0223169249289255,-0.0024599956069408244
78,Canadian Equity,279876025690.0,4853059970.0,7926791760.0,1.5134515194882985,XIU.TO,26.41556167602539,1.8332839360791147,-0.07566500957248037
2,Emerging/Asia Equity,9377058230.0,142784310.0,167690700.0,0.9430947152438284,EEM,24.874698638916016,0.9918219124742187,-0.00817808752578135
17,Emerging/Asia Equity,13124146560.0,410876880.0,152363390.0,1.3199569586997724,EEM,34.455806732177734,1.3738467599155528,0.028457295212798057
23,Emerging/Asia Equity,15183216200.0,349884610.0,148923620.0,1.5270472473779746,EEM,38.732337951660156,1.544363694992182,-0.003889397675583324
52,U.S./North American Equity,150958949460.0,3608394450.0,2850363100.0,1.7616205455940428,SPY,270.08233642578125,1.630784213190931,0.1336108548228037
91,Balanced - Tactical,40544108230.0,389993240.0,487902330.0,1.555468715135641,SWAN,24.822175979614258,1.1789364127435955,0.02093966839386368
35,Balanced - Canadian,141165753910.0,832310640.0,1674622380.0,0.9247748818489004,XBAL.TO,18.70709991455078,1.1718214910110722,0.009407294929800868
36,Balanced - Canadian,135029705590.0,614813120.0,1682842010.0,0.8845777150221296,XBAL.TO,18.246780395507812,1.142986860971658,-0.024606674532428322
6,Alternative,4120414360.0,453477261.42,415649642.05,1.041046479801799,PFF,24.28670883178711,1.0571192745734075,0.012024619102766133
81,Alternative,24714539800.0,1144064340.0,1310118280.0,6.244271185073596,PFF,26.666606903076172,1.1607082845172723,-0.044154956621151445
7,Sector Equity,38667520410.0,821173190.0,874875440.0,1.1880705450184832,VFH,40.81974792480469,1.1199007849293563,0.04531363652615186
60,Sector Equity,50224311690.0,2022695730.0,1458301416.7,1.5431562388801356,VFH,66.13472747802734,1.8144240711669284,0.06210801167993861
85,Sector Equity,66589742110.0,1736751030.0,1907288710.0,2.045988735828224,VFH,85.1330795288086,2.335648979591837,0.08629960847290415
86,Sector Equity,65247653610.0,2358569640.0,1920065480.0,2.004752685552663,VFH,83.36763000488281,2.2872133961276817,-0.020737526866138587
90,Sector Equity,67387355400.0,2066273460.0,2032107080.0,2.0704956306618327,VFH,77.97830963134766,2.1393559392987966,0.06279411148449358
20,Canadian Fixed Income,235401829770.0,3307561250.0,3280599250.0,1.157874396831461,XBB.TO,24.76415252685547,1.0278171811829129,0.013495240098777074
26,Canadian Fixed Income,232648248290.0,4434409930.0,4883060780.0,1.1443303156389044,XBB.TO,24.722726821899414,1.0260978390309747,0.0004506023506808549
47,Canadian Fixed Income,242185523450.01,5057391360.0,3273574500.0,1.1912414493973031,XBB.TO,27.312440872192383,1.13358193695661,0.005139697760052864
51,Canadian Fixed Income,232908633462.16,5610233691.0,11239148940.0,1.1456110759645706,XBB.TO,26.951732635498047,1.1186110178966269,-0.03347664261610634
58,Canadian Fixed Income,258537020739.01,5409619350.0,3518690040.0,1.271669796446647,XBB.TO,28.85360336303711,1.1975467056022182,-0.008660882696655603
68,Canadian Fixed Income,289868529720.0,4748854230.0,2845113020.0,1.425780544432883,XBB.TO,28.512704849243164,1.1833979739168854,-0.0019630435339937744
72,Canadian Fixed Income,291921100050.0,5512411220.0,5269815680.0,1.4358765519071026,XBB.TO,28.519187927246094,1.183667049103332,0.017497139361333285
75,Canadian Fixed Income,274934443630.0,6697084510.0,6325994260.0,1.3523240384210866,XBB.TO,26.498178482055664,1.0997866001823757,-0.0299079902931285
33,Global Fixed Income,189550441450.0,2924779780.0,2946197290.0,1.4361364052351988,BNDW,61.556190490722656,1.0,
73,Global Fixed Income,289744056040.0,6000542748.07,4973155920.0,2.195257282950272,BNDW,69.31300354003906,1.1260119085908258,-0.0033868414944139163
99,Global Fixed Income,272197450600.60004,4862138028.089999,3643422767.61,2.062314733900776,BNDW,65.45537567138672,1.0633435102071775,0.009834845686321684
82,Commodity,2116698080.0,11202430.0,98281470.0,1.6879535287718468,DBC,22.593515396118164,2.0229976514083354,0.05060645636223744
33,Miscellaneous,19896728590.0,425104090.0,324584420.0,1.400336991819522,AOM,32.14070510864258,1.2038471130756365,-0.00184396316196382
69,Miscellaneous,4495295960.0,116574850.0,158828930.0,0.3163801121119303,AOM,40.62550354003906,1.521649726992738,-0.02186260966091578
10,Target Date,6688616630.0,88392930.0,30534460.0,1.1255696221566611,VTHRX,20.257436752319336,1.0963267324279797,-0.017467249312274412
41,Target Date,9060357860.0,137318010.0,210651650.0,1.524689504156009,VTHRX,24.745664596557617,1.3392283505856997,-0.0370262140515582
77,Target Date,15951935170.0,154156420.0,77254540.0,2.6844136291848524,VTHRX,31.24055290222168,1.6907298638666497,0.0032409385319918035
89,Target Date,16932471980.0,170179400.0,139051080.0,2.8494197145676226,VTHRX,31.184246063232422,1.6876825537080544,-0.00956083199302129
29,Balanced - Global,400927139180.0,5330938400.0,4154675160.0,1.3855605647765143,AOA,46.12908935546875,1.3439011268131884,0.006961272866124673
31,Balanced - Global,410954282500.0,4940031800.0,3715605120.0,1.4202132809532475,AOA,46.61881637573242,1.3581685815485631,0.016104815538978984
42,Balanced - Global,434417670010.0,4340676580.0,4010892590.0,1.5013001949407043,AOA,48.473243713378906,1.4121945123327537,0.052882815200027904
19,Global Equity,145606159420.0,2322210320.0,1103262410.0,1.2340998650972237,VXUS,42.63511276245117,1.3157547201130533,0.044801754314787626
27,Global Equity,174566535930.0,4508805130.0,2954763530.0,1.479556491977025,VXUS,45.558563232421875,1.4059748111519197,-0.006326017544315071
72,Global Equity,320490044440.0,4933740700.0,4644635030.0,2.716346081675995,VXUS,56.645225524902344,1.7481183472299495,0.020221388199124335
85,Global Equity,289437303440.0,4257113360.0,3936178890.0,2.453155406009185,VXUS,52.44833755493164,1.6185989253618327,0.10010529760575969
28,Europe Equity,8453865630.0,119069115.0,74165810.0,1.4434828647920768,VGK,47.05266189575195,1.3511346418596988,0.026485319919572696
99,Europe Equity,5708424479.899999,47226379.6,65576757.82999999,0.9747035595709216,VGK,64.80239868164062,1.8608249184361831,0.03250531005196819
14,Canadian Equity,223574598570.0,5122009990.0,3512048410.0,1.208997144684132,XIU.TO,17.712141036987305,1.2292520611495206,-0.005676669473093159
90,U.S./North American Equity,235863393530.0,4047048200.0,4680644230.0,2.7524158155729457,SPY,431.46099853515625,2.6052047473015074,0.06085903677207315
39,Balanced - Tactical,28609100700.0,583642140.0,402439510.0,1.0975839166216423,SWAN,21.87262725830078,1.038846744876701,0.0289285655643898
63,Balanced - Tactical,36336519890.0,681974350.0,564704660.0,1.3940452108397243,SWAN,27.95545768737793,1.3277525318340313,0.0018808963856179373
75,Balanced - Tactical,43092230430.0,787846540.0,458485070.0,1.6532270464314778,SWAN,28.77798080444336,1.3668185046894405,-0.017257582018359523
87,Balanced - Tactical,40053777490.0,546536080.0,515440990.0,1.5366572488231334,SWAN,23.95343589782715,1.1376753518088165,0.037774035872434726
52,Balanced - Canadian,127208585150.0,491328900.0,986972630.0,0.8333416642768599,XBAL.TO,20.37476348876953,1.2762847175385497,0.08070393678036494
51,Sector Equity,36063369660.0,2634719780.0,2481791120.0,1.108057273723677,VFH,45.15568161010742,1.2388582940868655,-0.23279391284864584
87,Sector Equity,66987537800.0,5264944470.0,2591725950.0,2.0582111213655723,VFH,74.33040618896484,2.0392747252747254,-0.10840207182798242
33,Canadian Fixed Income,226543316600.0,2825560480.0,3767074770.0,1.114301899525221,XBB.TO,24.807939529418945,1.0296345271832832,-0.010720931757302439
86,Global Fixed Income,255504633680.0,5834498470.0,4028531320.0,1.9358409472811675,BNDW,61.72531509399414,1.0027474832656673,-0.023208995962484907
27,Target Date,8091461130.0,112318760.0,48295340.0,1.3616422274734874,VTHRX,24.195781707763672,1.3094688445800593,-0.008303771375644574
53,Balanced - Global,439284527720.0,3366145370.0,3351185225.29,1.5181195255830413,AOA,48.26704788208008,1.406187309201313,0.044330653777727706
103,Balanced - Global,593052079535.4598,5531173683.849999,5289113126.95,2.0495234519260714,AOA,74.00919342041016,2.1561457167684797,0.012971483600057392
65,Global Equity,283181270110.0,5002293330.0,2491777660.0,2.4001317570141807,VXUS,58.39852523803711,1.8022266214635205,0.030726147526767274
49,Emerging/Asia Equity,19640568050.0,680294170.0,316909130.0,1.975344023467985,EEM,37.76344299316406,1.5057312168797115,-0.04146435055037956
25,U.S./North American Equity,118315898040.0,2509280920.0,1985160230.0,1.380691357506443,SPY,250.96311950683594,1.5153404654338203,0.061759043188174594
97,U.S./North American Equity,260202170381.98,5067119348.610001,3378883826.269999,3.036437991869539,SPY,475.33453369140625,2.8701175492882873,0.02004548361674257
72,Sector Equity,68200167630.0,2147483860.0,1973981040.0,2.0954695172429862,VFH,89.554931640625,2.4569636839351126,0.023854969905330776
75,Sector Equity,69747322510.0,3354295520.0,2506060680.0,2.143006290276776,VFH,87.06723022460938,2.388712925170068,-0.014353787630412425
46,Miscellaneous,21269718670.0,479697500.0,418846700.0,1.4969683948026011,AOM,34.36637496948242,1.2872107551480385,0.004072489420053655
84,Balanced - Global,513638281980.0,3503942900.0,5614881820.0,1.7750780092527816,AOA,56.52524948120117,1.6467775005442857,-0.041546397120581315
2,Global Equity,115930081140.0,2694654330.0,1257575640.0,0.982577234819454,VXUS,31.605792999267578,0.975380821751381,-0.02461917824861903
23,Global Equity,165054866260.0,3165953490.0,1591259970.0,1.398939364903869,VXUS,44.83715057373047,1.3837114219095559,0.006268012810327162
20,Canadian Equity,222904088430.0,3803115520.0,2723669820.0,1.205371308610058,XIU.TO,17.61929702758789,1.2228085324038267,-0.004454184087882679
4,Sector Equity,35933807990.0,894396490.0,768025741.11,1.1040764546212811,VFH,39.314083099365234,1.078592464678179,0.03136294971606361
43,Sector Equity,42979337820.0,783438980.0,1067759340.0,1.3205523593681323,VFH,62.330596923828125,1.7100567242281528,0.033031011429629234
37,Canadian Fixed Income,219000812740.0,4292837810.0,4479658370.0,1.0772024763133057,XBB.TO,25.5589656829834,1.0608052923978066,0.014966758966262702
46,Canadian Fixed Income,238919566740.0,5616939150.0,4443019830.0,1.1751771407240217,XBB.TO,27.172780990600586,1.1277854605511948,-0.0017503608455069716
72,Money Market,33086345030.0,3346134180.0,2532349100.0,1.2342279371848457,BIL,80.56834411621094,1.0492513284980836,0.0
53,Target Date,10031453340.0,83057730.0,39103560.0,1.688106789517996,VTHRX,26.467453002929688,1.4324110508734913,0.03604406247337854
55,U.S./North American Equity,168987804260.0,2990641090.0,2091190551.0,1.972008873962924,SPY,304.92755126953125,1.841183112372734,0.06355213721283867
61,Commodity,3141528160.0,31634790.0,78007160.0,2.5052007149777955,DBC,13.662240028381348,1.223301421041414,0.03333335497246745
51,Balanced - Tactical,27705183610.0,428960160.0,627393630.0,1.0629052711672804,SWAN,24.801305770874023,1.1779451761555693,-0.012701748242429773
75,Commodity,2693850370.0,60489320.0,95577000.0,2.148201616937662,DBC,23.43897247314453,2.098698915740346,0.09174691008747908
103,Emerging/Asia Equity,27805661427.18,290285317.32,349625670.40000004,2.796545750557062,EEM,42.23694610595703,1.684101957253153,0.015415807698173535
